Sl.,Station,Police Crime / Mrga No.,section,The complainant's name and address,The accused's name and address,Event site,Event Date and Time,Permanent date and time,Delays cause permanent,Details including the cause of the incident
1,Station Central station,44/18,"379 Badvi,","Nazim Ali, father / husband Muktiar Ali resident 71 Dultganj Indore","Unknown -agyat,",71 Dultganj Indore,16:30 between L3-03-l8 14:30,3/3/2018 20:10,,Fri. That cycle Hero frame and took HQE28177 71 Dultganj stole an unknown villain in front of Indore home.
2,Police Tukoganj,104/18,"379,","Lokendra father / husband, father Dungrsinh chivalrous age 32 years  ","Agyat-,",Native Malwamil intersection Indore front Klali,16:45 between L3-02-l8 16:30,3/3/2018 20:05,The police come to complainant,"Motor cycle of an unknown rogue complainant Honda Uga NO. MP09QZ7899 Chassis no. ME4JC58BAHT052515 engine no. JC58ET4358326 model took 2,017 precious 20000 / - stole the location kept Rs."
3,Police Plasia,72/18,"279, 337",Imran father / husband Waseem Pathan age 25 years  ,Car NO. MP09CL9191 driver -,Gayatri temple front Indore,12:45 between 03-03-l8 12:45,3/3/2018 13:40,on time,Complainant motor cycles NO. Having the wrong Said in MP09VD7420 car NO. MP09CL9l9l the driver hit the front in his car Tejagti and Laprwahipurwk brought running and the motor cycle to fall fell below including both train younger brother Amit injured.
4,Thana short Gwaltoli,37/18,"279,","Manoj Kumar Sharma, father / husband Kedar Prasad Sharma, a resident of C - 21 Railway Police Lines Hpsi Bichauli Road Indore",Auto rickshaw driver number MP 0 9 R 9 088 Driver -,Railway station in front of city bus Indore front stop,03-03-l8 16:30 of: between,3/3/2018 17:40,on time,Accused an auto rickshaw driver damaged to hit the car of the complainant running together in your auto to a much faster pace and negligence
5,Police Vijayanagar,149/18,"337, 279","Kapil father / husband, father Mukesh Ruby Age 20 years ",Car No. MH-02-CL-4496 driver -,SBI scheme number in front of the back 74 Vijay Nagar Indore,The 03-03-l8 00:30: Between,3/3/2018 12:50,,"Shyamal Singh on the second bike with me Jatav and Rohit Shukla like we SBI Phucha scheme number in front of the back in front of 74 Vijay Nagar in front of the car Kramak MH-02-CL-4496's Chalkkar run together in the speed and negligence My motorcycle hit the front in the cycle that I hurt in the head, jaw and both legs event Shyamal Singh Jatav and Rohit Shukla saw ran leave the car MH-02-CL-4496 driver car.  "
6,Police Vijayanagar,150/18,"379,",Dharmendra father / husband Rbnvr red Billore age 33 years resident 506 Rustam garden get Malwa Indore,"Agyatk-,",Business Park Indore near bridge,2l-02-l8 16: 16:30 between 0,3/3/2018 19:45,,At around noon 04/00 AM 21/02/2018 I have my bike Hero pension Pro number. MP09.QU6141 Model 2016 Color Black chassis number. MBLHA10BSG4C03033 engine no. Near Business Park Vijayanagar Indore HA10EVG4C02953 came from the work I've put the motorcycle hero pension Pro number. MP09.QU6141 has taken the business park bridge near Indore block by an unknown crooks stole that I went to work by standing
7,Police Lsudia,206/18,"324323294506 Badvi,",Sahil Saket father Kancedilal Saket age 18 father / husband Kancedilal Saket resident grams Mohari Katra station Amarpatan Satna,"Vishnu Devsay -tmolia Road Bali Colony Jmjeshdpur Jharkhand,",MP Panchal compound Indore front Bihar transport,2:30 between 03-03-l8 2:30,3/3/2018 4:10,," I took his cell phone to talk to Vishnu and are given box-talk tonight is about 2:30 pm Vishnu began to speak to me that Tune my mobile stolen and mother began to sister Nanngi naked Galiya I refuse Galiya so hit me on the stomach, film, face and back of the bottle of wine that I felt bleeding Against injury."
8,Police Kjrana,Mrga NO. 7.18,"174,",Telephone operator Vikram Prajapat father / husband ... resident Mkway H Indore,In the Junned Aleep Ita decency age 2 years. 6 Materials,Mkway H Indore,03-03-l8 20: 0: Beach,3/3/2018 22:55,,In the Junned Aleep Ita decency age 2 years. 6 on the Whilk Akseedenhone Mkway H on goods that Omrit state
9,Police Kjrana,187/18,"363,",She Rathore husband Rameshwar Rathore 35 years  ,Unknown -,Krishnbag Colony Kjraan Indore,03-03-l8 10:30 of: between,3/3/2018 23:40,,An unknown rogue Friadiya daughter Queen Rathore father Rameshwar Rathore candidate and 15 years Nki Krishnbag c. Went over caresses Fuslkar said
10,Police Pardeshipura,116/18,"34 Excise Act,",Rule Trfe cop father / husband by Uni Kmlkisor resident station Pardeshipura Indore,"Ghanshyam alias Pappu father Mangilal age -nivasi 30 years. 474 Shilnath camp Kulkarni kiln Indore,",Kulkarni kiln near que behind welfare miles Klali  ,10:10 between 03-03-l8 10:10,3/3/2018 11:00,,Accused of illegally caught 19 siege by quarter precious Krivn 1050 / whom police Rs stood for selling and station bringing crime registered
11,Police Pardeshipura,117/18,"323, 294/506 Badvi","Mahesh Age 32 years father / husband, father Gangaram Ftepuria resident R 218/11 coli Parish Pardeshipura Indore",Vicky father tikam Mehrnik-coli Mohalla Indore,Coli Parish Prdesheepra Indore near bridge,12:30 between 03-03-l8 12:30,3/3/2018 20:05,,The accused threatened to kill the complainant lives doing and beat the porn Galia over old dispute that point.
12,Police Pardeshipura,118/18,"427, 294 506 Badvi",Kapil age 36 years father / husband's father Gopal Sharma resident pro 0.1525 / 22 Nandanagr Indore,Nilesh father Uma Shankar Kedakr- free. Gali No. 23 Nandanagr Indore,Hayrsekendri school has Nandanagr Indore,4:30 between 02-03-l8 4:30,3/3/2018 21:20,,Accused the boil over said they do not stand to the next glass of Indica MP09CE6235 the complainant and threatened to kill the Galigluj
13,Police Baanganga,233/18,"304 Abadvi,",Rule Trfe police Uni GS Bhadoriya father / husband rule Trfe police Uni GS Bhadoriya resident rule Uni GS Bhadoriya by Trfe police,"Truck Tanker NO. Chalk- of MP09HH5448,",Saver Road Maruti Nagrke front,The 28-02-l8 11:25: Between,3/3/2018 11:20,,The accused killed the bump your vehicle speed and negligence Chalkar Rihriikesh father Late Anand Abhyankar Age 35 Salnivasi 183 Shyam Nagar Nx Indore which was recorded up to investigate went died Mrga 22/18.
14,Police Baanganga,234/18,"279/337 Badvi,",Rule Mjruh by Trfe police Bblu father Munnalal age 30 years resident of Malviya Nagar ,"The driver of the car MP09CC6490 -,",,03-02-l8 19: 0: Beach,3/3/2018 13:00,Check Rosa campus,Accused their vehicle speed and running Mjruh majarooh casually Bblu father Munnalal age 30 years resident of Malviya Nagar Indore and Mjruh Dinesh father Ramesh Chauhan affair dead Phuchai injury.
15,Police Baanganga,235/18,"25 Ams Act,",Rule Trfe police ,"Ganesh drawn father Srdarasih drawn Bhat age 35 years -nivasi 5 warehouse near Jopdia Saver Road,",Deepamala Saver Road Indore near Dhaba intersection,The 03-03-l8 13: 0: Beach,3/3/2018 14:00,,Uptake of iron from the possession of accused sharp Wali Kimti was Jptkia 50 bucks.
16,Police Baanganga,236/18,"379 Badvi,",Sunil age 40. Father / Husband Babulal Prajapat resident 1038 Bagirthpur Indore,Unknown -,Bagirthpura Klali Indore,The 28-02-l8 20:15 0: Beach,3/3/2018 15:30,,An unknown rogue complainant took motorcycles Hiro Hoda Sidi Deluxe No. .MP09MN4072 Ijn number HA11EA89A21561 Chechis Nbro MBLHA11ED89A12897 model 2008 color black Kimti 8000 / Rs stole.
17,Police Baanganga,232/18,"34 Avkari Act,",Rule Trfe police  ,Lcu Parmar-gram Alwasa Indore,Alwasa Indore,02-03-l8 13: 0 and 13: 0 beach,3/3/2018 0:20,,The accused has the 2 liter Mahua liquor and 12 quarter-native wines went caught illegally sell
18,Police Mlharganj,97/18,"323, 294 506 Badvi.",Lucky father / husband Shitlamata front Nandkisor resident Bdgnpti that in Indore alley,Shubham father Takursinh -kdabin Bdagnpti Indore,Bada Ganpati temple in front of Indore to variola Mata Temple,21:30 between 02-03-l8 21:30,3/3/2018 0:15,,"Today's date came under the influence of a father Shubham Thakur Singh wine stay was almost 9.30 pm 02/03/18 eat at home if my home neighborhood and gave her sister naked naked Galia in the neighborhood when I springtime came I was sick Kuttiya and he gave the child that I serve, he'd give me her sister naked naked abuses. I denied abuses then being hit me leaf laid into his stomach, back, and arms. Which led Chonte me and started bleeding. Rescue Me Big Papa between the event has Tarachand and development. And then went there and caught me henceforth survived that said they are today if ye days gone by the end of their lives.  "
19,Police aerodrome,137/18,"363 Badvi,",Jagdishchandra father / husband Gendalal ,"Unknown, unknown,",3/2 Ngin city Indore,0l-03-l8 9: 0: Beach,3/3/2018 14:10,,Ku. Kirti age took 16 years 4 months (date of birth 10/16/2001) Looking for a long kinship around colonies today an unknown person not run without an address Were seduced my underage girls fame
20,Police Chandannagar,167/18,"34,",Rule Trfe police station Chandan Nagar Indore father / Uni husband. Dilip Deora resident station Chandan Nagar Indore,Anil father Jagdish Jaiswal Age -ni 39 years. In. No. 200 Suresh house firing brick kiln Chandan Nagar Indore,Firing the brick kiln Chandan Nagar Indore,11:15 between 03-03-l8 11:15,3/3/2018 12:05,,Accused Anil 11 Quarter country liquor plane was seized of Kimti 550 rupees alcohol again.
21,Police Chandannagar,168/18,"34,",Complainant rule Trfe police station Chandan Nagar Indore father / husband by Suni pomegranate Singh Jadhav resident station Chandan Nagar Indore,"Ravi's father Ramesh Goyal age 22 years -nivasi 63 Jaysringr station aerodrome Indore,",Indore to Pancmurthy city Mataji Temple,"03-03-l8 19: 0, 19: 0 beach",3/3/2018 19:35,,Accused the 18 quarter-native wines Kimti 900 / RS seized alcohol plane occupied by the Sun
22,Police Chandannagar,169/18,"324, 323, 294, 506, 34 Badvi,","Hari Singh, age 30 mo. 9755202160, 9827276984 father / husband, father Rameshwar Chauhan resident pro. Gayatri Nagar, Jawahar knoll Indore",". Salim's father Akbar Free. Jawahar knoll Indore, father alias Sayeed father Akbar -ni. Jawahar knoll Indore, gentle father Raju -ni. Jawahar knoll Indore",Jawahar knoll boring front Indore official water,03-03-l8 20:30 between 20:30,3/3/2018 22:50,,Accused threatened to kill one vote being stabbed the bare naked Galia from the point of removal to keep the pot of water complainant on the way and life.
23,Police Chandannagar,170/18,"279,337 Badvi,",Rule Trfe police station Chandannagar District Indore father / Suni husband Ghanshyam Mishra resident station Chandannagar District Indore,The driver of the unknown truck -,Edge Road Indore to Prince Municipal speed breaker,9:30 between 28-02-l8 9:30,3/3/2018 23:10,On Sanha probe,Accused unidentified truck driver who hit brought running trail speed and carelessness of your vehicle and the complainant.
24,Police Hatod,38/18,"25 Arms Act, 25 Arms Act",Rule Trfe police station Hatod father / husband police station Hatod resident police station Hatod,"Srdarasinh father Jagnsinh race Bhil age 32 years -meenakedi station Amjera Edge recent grams Budania Durgesh Shukla's farm,",,11:30 between 11:30,3/3/2018 12:30,,The accused was caught carrying illegal as a knife edge
25,Police Hatod,39/18,"379, Badvi.",Spades as father / husband ML eats Patel caste resident grams Merkedi station Sanver,Unknown -,G Bgana Baru near Baba temple beneath the columns of tamarind,18:30 between 02-03-l8 17: 0,3/3/2018 14:05,,Complainant village Bgana your motorcycle Krn.am p 0 9 N in Fair G 9443 had stood at the bottom of the columns of tamarind near Baba temple looked back at 1830hrs Mo Ksa. Was not on the stand for an unknown thief said Moksak Stole away
26,Police Mhow,Mrga NO. 6.18,"174 Dkprksnk,",Dr. Anil Jain Mdhybart hospital Mhow father / husband --- resident Mdhybart hospital Mhow,"------------,",Ram temple has Luniapura Mhow,1:30 between 03-03-l8 1:30,3/3/2018 3:15,-,Mritika claimed hanged at his home. Mdhybart father of Mritika for hospital Mhow treatment were about Premchand stitch that doctor said to be death.
27,Station Kishanganj,110/18,"25, B arms act,",Sun Trfe become Suni Police Kishan Singh Jmra station Kishanganj father / husband ----- resident station Kishanganj,"Sonu alias Juvad father Jabbar Pathan Muslims aged 19 years-Mahuganv Kankd,",Dharnaka culvert near Mahuganv Kankd,03-03-l8 16: 0 and 16: 0 beach,3/3/2018 16:40,,Sharp stabbing an iron from illegally occupied by the accused whose black color of the fiber of Mut is on both sides were two tough steel was fruit Length seized 11 inches and width of 02 inches precious Rs 250.
28,Police Kshipra,18/18,"174 Jafo,",Rule Trfe Police Ashish telephone operator by R 0.131 Aedlsinh by police Kshipra District Indore Shukla father / husband M Y H Hospital Indore-based M Y H Hospital Indore,"Agyat-,",G Bhondwas and M Y H Hospital Indore,15:25 between 27-02-l8 15:20,3/3/2018 16:10,,Event because of Choto in vehicle accident in Mratk date time was Dorane cure death.
29,Police Simrol,81/18,"279,337 Badvi,",Ravindra father / husband sun falls age 31 years resident Rnganvthana Tikari District Badvani,Truck car. Pikbi 13 AB 8263 Driver -,Chorl railway crossing Indore,15:30 between 03-03-l8 15:30,3/3/2018 19:20,,Charged truck car. Pikbi 13 AB 8263 to Chalkdwara Tejagti and negligence running just cover the truck. MP. 0 9 FA-878 hit 9 after loading Tata car. MP. 0 9 L QS 574 9th car car. MP. 0 9 CL 4085 and Indica car. MP. 13 TA. 3047 Fort car car. MP. 0 9 Siwhi 9713 kills happened to me just as well that have hit the front had injuries to people sitting all happened and they damage vehicles.
30,Police Khudal,81/18,"506, 323,294,34",Mayabai father / husband Ranjit Malviya race Balai resident grams Bawlia,"Anil father Ramcharan Balai -nivasi Aktanagr Musakedi Indore, Sunil father Ramcharan Balai -nivasi Aktanagr Musakedi Indore, Rajlta husband Dilip -nivasi grams Dhulet,",Complainant's rental home village Bawlia,02-03-l8 23:30 between 23:30,3/3/2018 13:35,,Event date Aropigno has hurt beaten by filthy dirty Galia took to money transactions
31,Police Khudal,82/18,"457, 380","Shaktkpuk R by post COMPEL. Sandeep by 2192 Prince father Ramesh Patidars age 23 years resident grams Rajdhara father / husband, resident,","Bob aka Fthu father Chanpalal Jatav caste Jatav age 30 years -nivasi Mundla Dostdar,",In front of the poultry farm Paras Kstrekshn ballast mine Kevdeshwar,8:30 between 26-0l-l8 8:30,3/3/2018 15:05,,The incident was caught red-handed carrying scrap of mine accused Date
32,Police Khudal,83/18,"452, 323 294 506 427",Vijay Joshi age 32 years father / husband Rmeshcndra Joshi inhabitants Ramukedi station Khudal District Indore,"Ramawatar Sharma -gram Sindhi Baroda station Khudal District Indore,",Indore Nemawar Road Khudal complainant's mother Ambika agricultural service shop center pesticides,03-03-l8 17: 17 0: 0 beach,3/3/2018 19:25,,Event date the accused threatened to kill the Gluc abused by entering assaulted the store with money transaction complainant.
33,Police Khudal,84/18,A 354 7/8 POSCO Act,Worship age 26 years father / husband Ravi Raghuvanshi inhabitants Russian Lodgings Guradiya the kernel,"Vineet Tiwari -nivasi Bichauli macho,",Guradiya temple in front of the street,19:30 between 03-03-l8 19:30,3/3/2018 23:15,,Event Date taken puppy on the accused face the underage girl ascending age bad intentions to 3 years.
34,SHO Depalpur,Mrga NO. 7.18,"174 Jakfuk,",DR. Meenakshi Patel MO Father / Husband Medical Officer resident Si.acksikdepalpur,"Nil-,",Si.acksik Depalpur,The 03-03-l8 16:15: Between,3/3/2018 17:50,,Mratika dog. Worship father Sohan Singh age 18 years free. Ravidas route brought Depalpur Si.acksikdepalpur in his brother Ravi Mrat state.
35,SHO Depalpur,69/18,"324, 294 506 Takhik ,",Ambaram father / husband Poona G race Skinner age 60 years resident grams Jlodia cross,"Suresh father Roopa G race Skinner -gram Jlodia cross,",Complainant's house in front of the village Jlodia cross,The 03-03-l8 22:55: Between,3/3/2018 21:30,,The accused threatened to kill the complainant know a torrent of on hand to celebrate the bare naked abuses borne mom drunk Srav and hurt the killing of Dar weapon left hand and.
36,Police betma,123/18,"34, (2)",Rule father Trfe police betma / Husband charge in 1265 Avinash resident police station betma,"Kanhaiyaalaal father Cogalal race Skinner age 50 years, Ward No. 22 in front of the village Sagor District torrent station, Devkrhn father rose Sisodia race Malviya -asiana Palace Kalibillod,",Mhow Neemuch on the road waiting Jeevan Jyoti Colony,The 02-03-l8 1:10: Between,3/3/2018 2:25,,Charged 07 cases of possession of kanhaiyaalaal beer total 54.600 liters Kimti 12420 to Rs Cuff seized
37,Police betma,124/18,"279, 337",Bunty Chauhan race scavenger age 22 years father / husband Cnnu Chauhan ,"Indica car car. MP 0 9 TA 5522 of Chalk-,",Induar Gatabillod near Edge Road gas station,02-03-l8 17: 0: Beach,3/3/2018 20:40,,Accused Indica car car. The MP 0 9 TA 5522 driver had run together in your car Tejagti and casually hit the Layav Mjruh that motorcycles that hurt Dinesh and Punm
