Sl.,Station,Police Crime / Mrga No.,section,The complainant's name and address,The accused's name and address,Event site,Event Date and Time,Permanent date and time,Delays cause permanent,Details including the cause of the incident
1,Station Central station,45/18,"379 Badvi,",Pappu Patharia father / husband Kailash Patharia resident 60 Rukmni city Cotta Bgdda Road Indore,"Unknown -agyat,",Jhanda Chowk Jwaharr ways before the Delhi chicken Indore,21:30 between 27-02-l8 21: 0,3/5/2018 14:10,Been looking Fri Train,Fri your car Honda Shine car measure 0 9khb 8424 Ijnn car Jc 36 degrees 77 9 03182 Chechis No. 4 m Social 36 Zzd 76064 9 8 color black model 2013 Jhanda Chowk Jwaharr Fri where the route was food come eat. That went stolen housed place car.
2,Station MG Road,102/18,"279, 337",Rule Trke police charge in 2753 Lord Patel father / husband. Resident station MG Road Indore,Chalk- the Maruti Swift Dzire not MP 0 9 TA 680 9,Municipal square Indore,6:15 between 05-03-l8 6:15,3/5/2018 11:15,,The accused driver your vehicle speed and casually bump complainant running Purwk the dead injury Phuchai
3,Police Tukoganj,107/18,"279, 337 Badvi",Rule Trfe police Tukoganj given by Q Kar. 2723 Rakesh Singh Parihar station Tukoganj Indore,"Moksak Sl. Chalk- - the MP11MT 6963,","New law in front of the railway station, SI, TS College near Indore",04-03-l8 21: 0 and 21: 0 beach,3/5/2018 2:05,On Sanha probe,Accused Moksak Sl. MP11MT 6963 driver had caused his bike to walking trail running speed and Lapr carrying complainant and hit to hurt his friend.
4,Police Snyogitaganj,88/18,"25 Arms Act,",Rule father Trfe police / husband Prkark 1616 Mahesh Chauhan station Sanyogita Ganj Idur (MP resident station Sanyogita Ganj Idur (MP,Raj alias Pandit father Mukesh Kanojiya Khatik age 21 1 / A block IDEA Bilding Choithram Mandi near station Rajendra Nagar Indore,Old hot field Dobigat camp Indore,20:15 between 05-03-l8 20:15,3/5/2018 20:55,on time,Spring knives of iron occupying accused Kimti caught the Laysenns without Lejate red handed 100 / Rs
5,Police Plasia,74/18,"380, Badvi","Dilip Kumar's father / husband Kubncd resident PTI Reporter, 109/10 Shivaji Nagar Bhopal",Unknown -,Blankhud Cafe Ananda Bazar Indore,17:30 between 0l-03-l8 17: 0,3/5/2018 16:15,While looking around the camera's report not meet,An unknown rogue complainant's Nikann company DSLR Camera Board D 5500 summer black brought bang precious 57000 stolen from hotel housed Rs.
6,Police MIG,157/18,"323, 294,506,34","Hrithik's father / husband Rakesh Yadav, a resident of 357 Phool Singh yeoman move Patnipura Indore","Wind fine-Rustom garden Indore, Abhilash Yadav-Rustom garden Indore, Kulbhushan Jatav -rustm garden Indore, ether Sisodia-Rustom garden Indore,",Vijay tea owns Rustam garden Indore,"04-03-l8 23: 0, 23: 0 beach",3/5/2018 0:45,He came to the police station of the complainant,Aropigno the complainant and gave his friends bare naked abuse of the mother's sister took to motorcycle collide and kick Guson and Dnde and so assaulted with a sharp object is injured friend complainant Raja Thakur and gold Tkur
7,Police MIG,158/18,"323, 294,506,34,",Fulchand father / husband Self Kmlsihazi Jatav resident 522 Narayan set compounds Bakery Street Indore,"Kundan Thakur -lala Full Indore, Raja Thakur -lalapura Indore, Hrithik Yadav -lalapura Indore,",Vijay tea has Rustam garden Indore,"04-03-l8 23: 0, 23: 0 beach",3/5/2018 4:05,He came to the police station of the complainant,Aropigno threatened to kill the complainant's brother's guys and the conquest tea has Rustam garden over to the motorcycle collide at Indore her sister naked naked abuses reported and kick Guson and Dnde Semarpit
8,Police MIG,159/18,"279, 337",Fine father / husband Gopal arteries  ,"Motorcycle Krn.ampi 0 9 / VC / 9766 of Chalk-,",Bairwa Indore in front of the hospice,7:30 between 05-03-l8 7:30,3/5/2018 12:15,,Complainant's father Gopal Dhamnia has its Aktiwa MP 0 9 / VE / from 1475 were its Gra who Bairwa motorcycle Krn.ampi at Indore in front of the hospice 0 9 / VC / 9766 driver to the Tkkrmar the running trail faster and Laprwahi vehicle injury on him body is
9,Police MIG,160/18,"506, 507",Sitting Sardar father / husband lamp chief resident 111 Mutton Street Lavaria bheru Indore,"Deepak Sardar Tejrav Sardar -22 9 Amrtekri granny's yard Indore,",22 9 Amrtekri granny's yard Indore,"L0-02-l8 19: 0, 19: 0 beach",3/5/2018 15:00,Come on station Friadia,"Friadia capillary water to feed on court with her husband in the relationship was given a notice to give my husband 25,000 per month maintenance of lamps court that he did not respond, I put the phone on the relationship of the lamp une I spoke to Tuje someone over money not Dungav know if Fonlgaya forward Krdunga"
10,Police Vijayanagar,154/18,"379,",Kallu father / husband's father Mr. raghuveer boatman birth date 01.01.1994 Native Village Mnsakedi Tehsil Ravgd station Jamner district times recently Narayan rickshaws houses Bhagirath Pura station Baanganga Indore,"Agyatk-,",18/4-B. Vijayanagar Jain Indore in front of temple,13:30 between 03-03-l8 13: 0,3/5/2018 14:40,,At close of the morning 10/00 AM 03/03/2018 I No. his motorcycle hero number of chassis without Deluxe. MBLHAR2336JHA01025 engine no. HAllENJHA02208 model no. 4/18 B-2018 color black. Vijayanagar Jain came to work in the house at Indore in front of the temple. Which took an unknown crooks stole
11,Police Vijayanagar,155/18,13,"Government Trfe police Upani RS Chauhan, Vijay Nagar Indore father / husband ,,,,,,,,,,,,,,,,,,, resident Vijay Nagar Indore","1) Rupesh father Lobiram Bhunevr age 31 years free. 42 Vkrkund city Kjrana Indur-, (2) satisfaction father Kailash Sawley age 32 years free. Shanti Nagar Musakedi Indore - 3) Dharam father Madan Khande age 37 years free. Vkrkund city Indur-, (4) Arun father Bdima Savel age 26 years free. Shanti Nagar Indore - (5) Ajay father Ramesh Khande age 25 years free. 26/3 Malviya Nagar Indur-, (6) Ramesh father Murar Balse age 50 years free 98 Krishnbag Colony Indur-,",Berfanidham Krishnbag Colony behind the temple,The 05-03-l8 19:30: Between,3/5/2018 22:20,,Cards and cash of 52 cards from Aropio were seized before 2370 Rs Panchan
12,Police Lsudia, 210/18,"279,337 Badvi,",Sirnam father Barelal ahirwar age 32 years father / husband Barelal ahirwar  ,Deepak Vanshl driver my bike Spenlder No. MP09 0268 by -,Nirnjpur new settlement Indore,9:30 between 28-03-l8 9:30,3/5/2018 18:00,At the time when the complainant,"Stay with lamp Vanshl your bike Spenlder No. MP09 0268 brought running together in your vehicle Tejagti and negligence and my guys were on the date 28/02/18 was taking the 9:30 o'clock I was at his house, if my boy Kssengr store goods if my neighborhood hit in Pau reported that hurt in my baby's left foot"
13,Police Lsudia,211/18,"279,337 Bakdkvik,",Rule Trfe police  ,"Chalk- of Moksakkramank MP09QS9684,",Jain temples and Ashadeep Scheme No. 0.78 Indore in the hospital,"05-03-l8 20: 0, 20: 0 beach",3/5/2018 12:00,,Accused shot circled the complainant running trail your bike speed and number MP09QS9684 causing hurt to the complainant.
14,Police Lsudia,212/18,"323,294,506 Badvi,",Shalini hirve father Karan hirve age 20 father / husband Karan hirve resident Mknk 5.14 Mayur Nagar Musakedai Indore Mokn 0.9826306983,Ram Alone father satisfaction Alone housing town Dewas,Dewas Indore Naka intersection,13:30 between 05-03-l8 13:30,3/5/2018 22:40,,Accused Ram Alone father satisfaction Alone threatened to kill him and beat the dirty filthy Galiy with the complainant.
15,Police Kjrana,192/18,"297 294,",Tears Verma father / husband Badri Lal arboreum resident L'Vkush Suklia station diamond city Indore,Active car MP 0 9 Si.aks 1802 Driver -,Shaheed Kjrana Indore near petrol pump,05-03-l8 15: 0: Beach,3/5/2018 15:55,,Firyadi Kio was being Dewas your Skutr as on MR 10 behind the Phuchi on Road No. Active MP 0 9 S.aks 102 driver has been hit in Skutr of running your vehicle speed and negligence Purwk the luxury Firiadi after Firadi the number shall be drawn Galia
16,Station Tilak Nagar,76/18,"279 337,","Asif Khan, the father / husband eat Hafiz  ",Maruti vehicle car MPO9 CN 5747 Driver -,Neither scheme. 140 Indore near the border town,18:30 between 04-03-l8 18:30,3/5/2018 16:20,Durane treatment,Evening 6:30 pm Date 03/04/18 I Deluxe Your Bike Hero Honda car. MP09 NS 2432 were running with their supervisors Imran Khan going Ajadnagr your home manly his side progress kindergarten Vicholi. As long as we do not scheme. Coming from the 140 approached the border city vehicles Maruti car MPO9 CN 5747 of smart casual and speed running hit from the front of my bike. So we had to fall. Fall injuries on his left foot to my supervisor Imran Khan.  
17,Police Knadia,87/18,"279, 337",Sharif Patel Age 36 years old father / husband Gffr Patel ,Truck car. MP09 / GE / 7702 Driver -,Bypass Knadia Road Indore above the road bridge,05-03-l8 10: 0 and 10: 0 beach,3/5/2018 10:40,,"Charged truck car. MP09 / GE / 7702 driver gave out your vehicle speed and negligence brake suddenly running so Mjruh No its Activa. MP09 / UB / mouth Mjruh sohrab which entered the back of the truck 5792, both legs and injuries to both hands."
18,Police Knadia,88/18,"279, 337",Dharmendra Balse age 21 years father / husband Krishna Balse  ,"Chalk- of Scorpio number MP09 / CS / 4054,",India crossing in front of the petrol pump Knadia Road Indore,05-03-l8 14: 0 and 14: 0 beach,3/5/2018 19:55,Complainant on today pain is not pain in injury time of the incident  ,Charged SUV No. MP09 / CS / 4054 driver dropped your vehicle speed and on negligence running complainant motor cycle number MP09 / YV / 8306 hit from the front to hand the complainant Dharmendra and injury in the shoulder.
19,Police Pardeshipura,119/18,"379 Badvi,","Victory Wagumr 43-year-old father / husband, father Jnanadeva Wagh  ","Agyat-,",Pink Flower School in front of the public Quarter Indore,22 26-02-l8 21:30: between 0,3/5/2018 13:40,,Unknown accused Engine No. numbers without motorcycle Bajaj Pulsar complainant. RJK82562 and Cacis No. JRK10078 Model 2018 people in front of Kimti 15000 / - Pink Flower School took stole quarters Indore.
20,Police Pardeshipura,120/18,"4 (a) speculative act,",Rule Trfe cop father / husband with by Suni. Devendrasih resident Pardeshipura District Indore,"Sanjay father Mohandas makhija age 38 years -nivasi 325 Ram Nagar Indore, Sonu alias Sonia husband Rajesh Gehlot age 42 year- resident M .77 masses quarter Indore",Houses Nan.am people quarter square Indore front block .77,14:20 between 05-03-l8 14:20,3/5/2018 15:40,,Aropian houses Nan.am were 0.77 blocks in front of speculative public writing speculative points on betting slip at quarter square Indore which caught siege by police
21,Police Pardeshipura,121/18,"4 (a) speculative act,",Rule Trfe cop father / husband with by Prkar 0.779 Anil Patil resident Pardeshipura District Indore,"Ritesh father Kishan Lal Mrmt age 31 years -nivasi 602 Rustam garden Indore, Sandeep father Ramesh Bandwal age 29 years -nivasi 326 V that failed Indore",Public quarter square Indore behind Motibaba Temple,15:10 between 05-03-l8 15:10,3/5/2018 16:05,,Aropian Motibaba temple caught siege behind the police people were speculative writing speculative points on betting slip at quarter square Indore and police were Panjibdd bringing crime
22,Police Pardeshipura,122/18,"279, 337 Badvi",Shubham age 25. Father / Husband father ordered Chaudhry  ,"TVS Skuti not. Chalk- the MP09-SW2114,",Neither Road. 26 Neither Road. 3 crossing Indore Men Rodkrasing,05-03-l8 22:30 between 22:30,3/5/2018 23:10,,Accused not your vehicle TVS Skuti. MP09- Festival brought running 2114 Purwk the speed and recklessness and plaintive injuries on the back below the bone of the spine of the complainant which hit
23,Police Baanganga,238/18,"327, 324,294,506,34 Bakdkvi,",Rule Trfe S Yadav Suni police father / husband rule Trfe S Suni by S. Yadav hails rule Trfe police Suni police Yadav,Ajay alias Ajju -,Kirti studio front Bagirthpura Indore,The 04-03-l8 19:30: Between,3/5/2018 9:00,,Accused Mjruh Kanhaiya Kashyap father Gisalal G Age 28 years free. 1149 Bagirthpura E from Gupta abused by beatings from not asking for money for drinks and given life kill Dos. Went the permanent on rustic Nalsi.
24,Police Baanganga,239/18,"379 Badvi,",Mtyunjay Kumar Age 33 years father / husband Shiva Channdra resident 502/5 Golden Bee. 2 Karol Bagh Indurmo.,Unknown -,Karol Bagh Indore,02-03-l8 15: 0: Beach,3/5/2018 19:05,On Anhe the complainant,"An unknown rogue complainant motor Saikalkr .. MP41MC6289 Passion Plus, color black Hourly No. HA10EB8GD24496 Chassis no. MBLHAl0EL8GD2l368 Kimti 25000 stole Legya."
25,Police Baanganga,240/18,"506/509 Badvi,",Mrs. Manisha Thakur age 35 father / husband Jitedra Thakur inhabitants Diamond Average house Baanganga Naka Indore,New father Jankeelal age 30-116 Govind Nagar Kharcha Indore,116 Govind Nagar Kharcha,0l-03-l8 11: 0: Beach,3/5/2018 22:00,,The accused had threatened to kill Friadiya known to abuse a voice call by obscene words on cell phone threatening to burn the throw Gluc and acid and.
26,Police Baanganga,241/18,"324/326/506/34 Badvi,",Ayush alias Adil Age 23 years old father / husband Indore near Suredra Srivastava inhabitants 23 Anbengr Maruti Nagar,"Ritesh Jadhav, Sumit Chotiwala, Abhijit, Jastin-, -",Behind Karol Bagh,The 04-03-l8 1:20: Between,3/5/2018 22:25,,The Aropin complainant to the peso's exchange Aropiyo who went from permanent Mjruh to examine the knife and blade assault Generating injury Phuchai Rosa.
27,Police Juni Indore,119/18,"454, 380",Fall Chawla father / husband Joginder Lal Chawla residents 302 m. Khatiwala tank Indore,"Agyat-,",302 m. Khatiwala tank Indore,The 24-02-l8 14:55: Between,3/5/2018 14:00,The police come to complainant,An unknown Bdmas placed inside entering the store lock breaking within the complainant Apple iPhone mobile company. M. E. I 0.356698083568098 took stole the precious 60 thousand. 
28,Police Juni Indore,120/18,"379,",Ravi Pahuja father / husband Radhakisn Pahuja resident 411 Khatiwala tank Indore,"Agyat-,",Neha Khatiwala tank Indore in front of the Palace,27-02-l8 7: 0: Beach,3/5/2018 19:10,,An unknown rascal scooter Honda housed space complainant Aviattr number m. P. 9 0 s. D. And took 670 9 Theft
29,Police Ravji market,84/18,"327, 341/294/506/34 Badvi and 3 (2) 5 SC / ST Act",Shubham Mirror father / husband Snju Mirror resident Manoj Khare houses has forced Colony Indore,"Deepak Bhat-forced Colony Indore, Hrithik Shinde -jbrn Colony Indore,",Forced Colony Indore to community conclave,05-03-l8 3: 3 0: 0 beach,3/5/2018 16:20,On the station's plaintive,The accused Dus to kill by blocking the path of the complainant illegally money Did not her mother's sister race pointer and bare naked Galiyan on demand and assault.
30,Police Ravji market,83/18,"323, 294/506/34 Badvi","Rakesh Kumar Shah, father / husband Jagdish Shanh resident grams -mniar Tehsil Bandi District Ballia Ukprkhal gold by house Radha Govind garden forcibly Colony Indore","Agyat-, Agyat-,",Railway tracks near the house in front of Radha Govinda garden Indore,04-03-l8 22:30 between 22:30,3/5/2018 3:30,On arrival station of the complainant and after medical,"Aropiiyan The Dus kill hurt by the bare naked Galiyan to take to get from the railway track of the complainant's mother, sister and assaulted and killed."
31,Police Bnvrkuaan,147/18,"379 Badvi,","Wasim Khan's father / husband, father Mohkslim Khan age 26 years resident 53 Kohinur Colony Azad Nagar Indore","Agyat-,",138 Bgwandin city Lakshmi Indore in front of the apartments Mhow Taylors Store,13:15 between 23-02-l8 11: 0,3/5/2018 18:45,At present police arrive complainant,"An unknown thief complainant Hero Ac.afkdilks No. MP09QY2745 e. No. HA11EKG9L18168 Chassis no. MBLHA11AZG9L18584 model took tax evasion from 2016 Kimti 20,000 were raised to Rs location"
32,Police Mlharganj,102/18,"379, Badvi.","Ramesh Lunawat father / husband Smirml G Resident 106 Somani City Airport Road, Indore","Unknown -------,","Brokers garden in front of the gate, Indore",23:30 between 03-03-l8 21:30,3/5/2018 12:10,Seeking an came to report on not getting,Complainant Honda Splendr No your bike hero. MP09 / Nh 6327 was to join the program running in the broker garden where he blocks by standing on your bike. Program which came at the end was so plaintive take that motor stolen was not on set for cycle Koa unknown crooks the bike.
33,Police Mlharganj,103/18,"279, 337 Badvi.",Rule Trfe police station Mlharganj district Indore father / husband ----------- resident station Mlharganj District Indore,"The driver of the motorcycle No. MP09 / QV / 9067 --------,","Before GDC College, Indore",12:25 between 04-03-l8 12:25,3/5/2018 14:25,In the police station took,Investigations that Kamayi the Sanha. Complainant your bike No. HR36 / P / Fort Lkshmipratima the 0750's was going on as soon as the complainant Jikdiksi brought up in front of the college as well as motorcycles No. MP09 / QV / 9067 driver went Purwk fast and recklessly to your bike brought and the complainant that hit the bike which the complainant was bleeding hurt Against the complainant falling down with his car
34,Police Mlharganj,104/18,"279, 337 Badvi.",Ram the father / husband Mr. Rajendra Sahu  ,"The driver of the motorcycle number HR36 / P / 0750 -------,","Before GDC College, Indore",12:25 between 04-03-l8 12:25,3/5/2018 15:40,In the police station took,The complainant was going to work from home with your friends as Sunil GDC driver of a motorcycle No. HR36 / P / 0750 and came in front of the crossing of Gutkeshhwar temple in front of the college front runs fast and careless of its motorcycles brought to the complainant that the motor hit the cycle that began to get hurt out blood falling on the complainant and the accused both fell from their car
35,Police Mlharganj,100/18,"324, 323,294,506,34 Badvi.",Jitu father / husband saved Singh Sulnki resident 216 Old New 231 Indranagar Panckuiya Road Indore,"Sky-Rajmohlla Harijan Colony Indore, R-Rajmohlla Harijan Colony Indore morning Loyt -rajmohlla Harijan Colony Indore, Ksurj Loyt -rajmohlla Harijan Colony Indore, Sanjay Loyt -rajmohlla Harijan Colony Indore",231 Indranagar Panckuiya Road Indore,04-03-l8 22: 22: 0 between 0,3/5/2018 0:45,In the police station took,"Event Date were to be running Aropian fast bike, Fri 0 then gently said motor cycling the same thing on Aropio came to intervene Fri 0 hurt Phunchai AND it on the knife by Galiya dead hand brother of her knife Biber reported hurt threats Phunchai aND life. "
36,Police Mlharganj,101/18,"49A, Excise Act.",Rule Trfe police Mlharganj father / husband --------- resident station Mlharganj District Indore,Mohit father Mahesh Yadav age 24 years -8 Kandilpura Indore,Kandilpura wall near the Shiva temple Indore lee,00:30 between 04-03-l8 00:30,3/5/2018 1:35,Return, The accused was caught carrying toxic 05 liters of wine Avaddh. 
37,Thana Sadar Bazar,75/18,"323, 294 452 427 506 Badvi",Md. Mohd Amjad father / husband. Job age 22 years resident 43 water carrier Mohalla Indore,Huff aka Chia Father Yaqub Khan -bhisti Mohalla Indore,43 water carrier Parish house in Indore,05-03-l8 11: 0 and 11: 0 beach,3/5/2018 13:15,on time,"Accused the complainant lives sabotage on the bare naked Galia took the matter Gurne his sister Ma sister, entered kick slap in the home and assaulting a Nukili thing of iron, which was hurt in either left hand, wrist and home furnishings given the threats."
38,Police Annapurna,93/18,"279, 337 Badvi 184 MV Act",Prince Surana father / husband Indrml g Surana age 56 years  ,Moksakkrn. MP13- DM-9137 Driver -,Sethi Sudama Nagar Indore front gate,8:30 between 05-03-l8 8:30,3/5/2018 14:00,On the station's plaintive,Arhopi Moksakkrn. MP13- DM-9137 driver by majarooh Jayesh hit Phuchai hurt.
39,Police Annapurna,94/18,"279, 337 Badvi 184 MV Act",Aryan Mishra father / husband Dinesh Mishra age of 18 years  ,"Moksakkrn. Chalk- the MP-09NE-4959,",Chankyapuri intersection Hanuman temple near Indore,17:45 between 05-03-l8 17:45,3/5/2018 22:20,Mjruha after undergoing hospitalized,Arhopi Moksakkrn. MP-09NE-4959 driver by Mjruha Garland hit Phuchai hurt Mishra.
40,Police Chandannagar,Mrga NO. 17/18,"174 Jafo. ,",Telephone operator Vikram Prajapat M Y H Indore father / husband M Y H Indore-based M Y H Indore,Deceased Rafiq father Ghulam Haider 48-year resident Anbarnagr Chandan Nagar Indore ,M Y H Indore,05-03-l8 18: 18: 0 between 0,3/5/2018 19:20,,This time reported that M Y H telephone information by telephone Aprter Vikram Prajapat M Y H Indore Hastil deceased Rafiq father Ghulam Haider 48-year resident Anbarnagr sandalwood today dates to more intoxicated than his home town Indore 05/3/18 was treated recruitment order by Zakir 8226015664 kin .17.21 at which Durane treatment death 18:00 pM 05/3/18 Hogyi body was placed on Surksharth Mrchuri room.  
41,Police Chandannagar,174/18,"8/20 NDPS Act,",Rule Trfe police station Chandannagar Indore father / husband Trfe Uni Birendra Kumar Brkde resident station Chandan Nagar Indore,"Raju alias child's father Ram Bhilala age 29 years -nivasi Scheme No. 71 Jopdptty cumin Fakti near Indore Native mercury Jhabua district of Madhya Pradesh. Kapil father Shailesh Joshi age 25 years -nivasi 100 A Vaishali Nagar police station Annpuarna District Indore ,, Ravindra father avadhuta Chandwaskr age 53 year- resident New Amrin furniture front Scheme No. 71 Jopdptty Indore, made Singh's father Kesar Singh Rajput age 53 year- resident 187 tamarind Road Manpur Indore",Scheme No. near Caraway Fakti 71 Jopdptty Indore,05-03-l8 10: 0 and 12: 0 beach,3/5/2018 14:50,,Accused Avaddh than 3.5 kg cannabis were caught move in 8351 of an Indica Vista car MP 09 / C. Vehicles AND HEMP total was seized precious Rs 03 lakh.
42,Police Chandannagar,175/18,354 Badvi 0 ,Sonu Shinde age 42 father / husband self. Rakesh Shinde resident pro. 3 NO. Coverlet house Ganga Nagar Indore alley,"Sakaram brothel father Nathu G brothel age -ni 55 years. Balsmd Kasrawad near Khargone district,",Ganga Nagar No. 3. Indore alley,0l-03-l8 14: 0 and 14: 0 beach,3/5/2018 15:50,On the station Friadia,The accused grabbed the hand of the bad intentions of Friadia and put his hand on the pretext chest applying color.
43,Police Chandannagar,176/18,"4A Max speculative.,",Rule Trfe police station Chandan Nagar Indore father / husband suffered Trfe. Deputy Nirikanarasinh Jadhav resident station Chandnnagr Indore,"Akbar Khan, father of Raju Khan, age 50 year- Free 1278 Chandannagar recent Village Bank of Indore,",Noorani Nagar intersection Indore,16:30 between 05-03-l8 16:30,3/5/2018 17:05,,"Accused Akbar Khan, father of Raju Khan age 50 years free 1278 Chandannagar recent Village Bank betting slip cash 400 / Rs, being open to possession of Indore is 4, Lead Pen 1 was seized."
44,Police Chandannagar,177/18,"379,",Laxminarayan age 39 years Moknank 9691763908 father / husband and father self. Sriramji Tripathi inhabitants 262 Hanuman Nagar colony Satna recent flat number 01 Agarwal warehouse near Gurudwara Indore Road betma,"Agyat-,",English wine shop Navdapnth Ringrod Indore,L4-l2-l7 8: 9 0: 0 beach,3/5/2018 19:45,On the station's plaintive,"An unknown rogue bike the complainant Bajaj Platina number MP19MB0332 engine number DUMBPB76934 and Chassis number MB2DDDZZZPWB30941 Board has taken in 2007 and stole the precious 10,000 / Rs."
45,Police Chandannagar,173/18,"13 Gambling Act,",Rule Trfe Police monitored by the Suni. Vinod Kumar Goud station Chandannagar Indore father / husband ----- resident station Chandan Nagar Indore,"Amin's father, Abdul Haq, 65 years .- 101 Nouri city Indore, Zakir Father Shabbir Alam age 42 years. -490 Noorani Nagar Indore, MO. Yusuf father Mmmu Khan age 54 .- 30 Tatptty Bakl Indore",Queen Palace Indore in front of Colony grocery store under the State Light,04-03-l8 23:30 between 23:30,3/5/2018 0:15,, Aropio play Juna's Avaddh from Harjit caught were seized by occupation in 2110 Rs AND 52 playing cards. 
46,Police Rajendra Nagar,130/18,"379 Badvi,","He became Solanki race Sondia age 36 years based on card number 812919869792 father / husband Mr. Shivsinh Solanki, a resident of 217 Amar Palace Colony Indore","Unknown -agyat,",Shop No. Choithram Sabzi Mandi Indore behind 136,8:30 between 27-02-l8 7:45,3/5/2018 14:55,To come and report to the police station by the complainant,"An unknown rogue TVS Star City Plus No. MP09QH4108 engine number of the complainant CF1KE1076963 Chassis number took MD625CF18E1K48468 Board 2014 Color red precious 10,000 / stole housed Stan Rs."
47,Police Rajendra Nagar,131/18,"4 (a) speculative act,",Government Trfe police station Rajendra sub utter 0 Ji.askrawat father / husband ............... resident station Rajendra,"Pradeep father kundanlal Chaudhurani age 38 years -34 Indore behind Uncle street in front of Dwarikapuri Pankaj Grocery, Gajju alias Gajendra unknown,",G Bdkia Indore under the tree Acacia,05-03-l8 15: 0 and 15: 0 beach,3/5/2018 16:45,,"Were writing speculation about Rs Aropign people who were able to register, crime arrested before Panchan."
48,Police Rajendra Nagar,132/18,"279,337 Bakdkvi, 184 motor vehicles Act",Mr. Mohan Lal Malviya age 52 father / husband Girdharilal Malviya  ,"Maruti Wayne No. MP09HE9313 driver -agyat,",Classic Paint Rajendra Nagar Indore,02-03-l8 16: 0 and 16: 0 beach,3/5/2018 21:40,,Maruti Wayne No. MP09HE9313 driver was hit in Maestro car taking your vehicle carelessly and Tejagti and reverse dangerously the complainant which were plaintive and fell on his wife Basanti Road. Bump seemingly complainant Basanti wife's right shoulder AND complainant hurt in the head and right hand
49,Police Dwarkapuri,102/18,"34 Max Excise,",Rule Trfe police station Wdarkapuri Indore father / husband -------------- resident police station Wdarkapuri Indore,"Satisfaction father Tejram Bagri age 32 years -105 Snjaynagr Rau Rau station Indore,",Digvijay Multi has Vidurnagr intersection Indore,6:30 between 05-03-l8 6:30,3/5/2018 7:15,,Country liquor plane 250 feet total volume of 45 bulk liters of precious Rs. 7500 /
50,Police Dwarkapuri,103/18,"341,294,506,34 Badvi,",She sails age 30 years free. Father / Husband Jasrth sail resident milk Yadav house Prjaptnagr Indore,"Life Pal father lightweight sail -akashnagr Indore, Roopan sail father lightweight sail - Akashnagr Indore,",I Mata Temple Prjaptnagr Indore,05-03-l8 22:30 between 22:30,3/5/2018 23:50,,I went to Wdarkapuri to pick vegetables from his Activa vegetable range was returned to his home as soon as I saw Mata Temple Prjaptnagr Indore reached the front of the motorcycle life sails and Roopan Paul came and my Activa front stopped his motorbike Adakr my way matter and said to leave a way out both took me to the Negi naked abuses mother sister
51,Thana Manpur,60/18,"34 (1) Excise Act,",Rule Trfe police Manpur monitored by the charge in 1104 Sunil B?mnia father / husband Mr. Dnnalal B?mnia resident Thana Manpur District Indore,Dilip father radheshyam caste Rajput age 35 years -gram Kedisihod Thana Manpur District Indore,Levd Manpur Road TCI Village in front of the restaurant Kedisihod Thana Manpur District Indore,19:40 between 05-03-l8 19:40,3/5/2018 20:35,,"The native re plain illegal without a license from the possession of accused alcohol 20 Quarter seized precious Rs 1,200"
52,Police Brgonda,87/18,"34 (2) Abakt,",Rule Trfe police Bdagoda father / husband station Bdagoda resident station Bdagoda,"Vicky Patidars father Hreeprasad Patidars ages 2 to 9 years old -dank Akolia station Pithampur district Dhar,",Down strike Forlain Panjria Bridge,18: 5 between 05-03-l8 18: 5,3/5/2018 19:25,Return,The possession of the accused illegally Rs precious 2400 raw alcohol Mahua 60 liters Hanth furnace without permits were caught Bacte
53,Police Brgonda,88/18,"302 Badvi,",Rule Trfe police Bdagoda Ukni Mgnsih Waskel father / husband station Bdagoda resident station Bdagoda,"Nilesh father -kodria Mansihn skills,",Sunder Kailotra farm village Kodria,16:30 between 03-03-l8 16:30,3/5/2018 22:00,On Mrga probe,The event went to Dinnak accused Nilesh father Mansih Lodha was dead giant father Mahesh skills Age fire poured thinner on her body with the intention of killing the residents Kodria 20 years reported that her burned to death.
54,Police Kshipra,77/18,"279, 337 Badvi",Rule Trfe 0.1054 Prkar police station Kshipra District Indore Himanshu Chauhan father / husband Barusinh Chief Resident station Kshipra District Indore,"Motorcycles No. MP 0.0 9via 3205 driver unknown,",Jagdish grams Htunia front of Jat's house,19:30 between 27-l2-l7 19:30,3/5/2018 19:10,Made permanent at check Rojanamcajanc Sanha No. 72/17.,Event Date Time Koaropi driver was hit from behind on his motorcycle number MP 0.0 9via brought running 3205 Purwk the speed and recklessness and Mjruh Usman Ghani father Mohammed motorcycles reported that there Chonte falling. Made permanent at check Rojanamcajanc Sanha No. 72/17.
55,Police Kshipra,78/18,"34 (1) Excise Act,",Rule 58 Prkar by Trfe police station Kshipra District Indore Dinesh Gawari father / husband Swkgbbulal ghavri resident Thanh Kshipra District Indore,Satisfaction father Gopal Thakur age 35 years -vasali Dhaba Center point.I Raukedai District Indore,Vaishali Dhaba Center point.I grams Raukedai District Indore,05-03-l8 22:40 between 22:30,3/5/2018 23:10,,"Event Date time accused the native 20 Quarter Plesh Madeira Pakdaa alcohol precious Rs 1,000"
56,Police Simrol,85/18,"323,294,506,34 Badvi,",Mohan Kushwah father / husband Anokeelal Kushwah age 23 years resident Loharpiplya,"Black means father Nathu means -loharpiplya, satisfaction means father foolasinh way -loharpiplya,",Complainant's house Kesamne grams Loharpiplya,04-03-l8 21: 0 and 21: 0 beach,3/5/2018 21:00,,Taking by Aropiyo thing complainant run bike fast hand accused assaulting Mkko White threatened to kill hit tablespoon of cooking and life.
57,Police Simrol,87/18,"34 (1) Excise Act,",Rule Trfe police Simrol father / husband Prkark 314 Tejram Chauhan resident garrison Chorl,"Anita husband Gopi Bavar Bhil 25-Barchha recent village Rajpura,",Aropiyaen the front of the house Village Rajpura,14:50 between 05-03-l8 14:50,3/5/2018 21:50,,In illegally from a Kane Aropiyan 5 liters went could move due to hand selling raw Mahua distillery.
58,Police Simrol,88/18,"34 (1) Excise Act,",Rule Trfe police Simrol father / husband Prkar 0.314 Tejram Chauhin resident Chaukichorl,"Dasaratha father Devi Singh Panwar Age 45 -rajpura,",Charged village Rajpura in front of the household,05-03-l8 18: 18: 0 between 0,3/5/2018 22:15,,4 liters hand in illegally from Akken accused Bhatti Rs.200 raw Mahua liquor valuable. Kibecne found move from fixed.
59,SHO Depalpur,71/18,"294,323,506,34 Takhik,","Shiv Prakash, father / husband Nanuram Joshi age 52 years resident Krshn Dham Colony Depalpur","Sanjay Yadav and his Aksathy -depalpur,",Just stand Depalpur,The 05-03-l8 17:15: Between,3/5/2018 18:15,,Aropigno threatened to kill the complainant caused injury to bare naked abuses reported and assault bear mother and lives.
