Sl.,Station,Police Crime / Mrga No.,section,The complainant's name and address,The accused's name and address,Event site,Event Date and Time,Permanent date and time,Delays cause permanent,Details including the cause of the incident
1,Station Central station,60/70,"279 Badvi, 337 Badvi","Naman Sharma father / husband Om Prakash Sharma, a resident of 434 Dwarkapuri Indore","Unknown -agyat,",Khatipura Chaurah Indore,05-04-l8 16: 16: 5 between 0,4/5/2018 20:45,,Fri the car Jyupitr car MP 0 9 S W. Aanto rickshaw back in 7116 No. AP 0 9 TA 32 9 7 hit by bringing Chott to Fri
2,Station MG Road,138/18,"34,",Rule Trke police Bgwansih Rathore father / husband. Resident station MG Road Indore,"Gopal's father Sanjay Yadav age 40 -42 Shati City Musakedi Indore,",Municipal Road potter Parish Street Indore,19:45 between 05-04-l8 19:45,4/5/2018 20:25,,Charged move illegally from Deshai wine seasoning liquor license without red handed Pakdaya
3,Police Snyogitaganj,125/18,"379 IPC,","Raju Yadav, father / husband Cmpalal Yadav age 52 years resident 734 modesty Nath Kemp Kulkarni kiln station Pardeshipura Indore",Unknown -,Balaji Hanuman temple in front of Indore,03-04-l8 22: 5 22: 5 between,4/5/2018 19:30,Around the station after searching,Accused Fri 0 Cart Hero Honda CD Deluxe No. MP09 NS 5822 e No. HA11EDC9G35230 CC NO. MBLHAllERC9G30335 model 2012 color red black color Kimti around 5000 / Legya RS stolen from the crime scene.
4,Police MIG,239/18,"323, 294 506",Vinod father / husband Mohanlal Burashi resident 13 Dev Nagar Indore,"Mohanlal father durgaaprasaad -13 Dev Nagar Indore,",13 Dev Nagar Indore,12:10 between 05-04-l8 00:10,4/5/2018 2:20,,I my sister's had girls come home 13 Dev Nagar Indore program birthday my father Mohanlal father durgaaprasaad gave me abuse got out of the house that is obscene because her sister without me in the drunk who was displeased on hearing me I abused then to convince my father were found handgrip with me and stones began taking hit on my head so bleeding Against injuries on my head and said that you h A stronger run faster will then finish Tuje life
5,Police MIG,240/18,"4A,","Rule Trfe police Mkaikjik Indore Vrikark 1874 Rajendra Singh Raghuvanshi father / husband ,,,,,,,,,,,, resident Vrikark 1874 Rajendra Singh Raghuvanshi","Ibrahim Khan, father Sarfaraz Khan age 32 years -ibrahim Khan father Sarfaraz Khan, age 32 years,",Press Complex has paid the down Indore Pipl in Ayodyapuri,05-04-l8 17: 17 0: 0 beach,4/5/2018 15:00,,"Accused of illegal betting account speculative caught capture equipment and 1360 / Rs cash, prescription speculative scores seized 4, Lidpen."
6,Police MIG,241/18,"279,",Bhupendrasinh father / husband Ftesinh Thakur age 25 years resident 710/9 Nehru Nagar Indore,"The driver of an auto rickshaw number MP09R 4933 -,",710/9 Nehru Indore in front of the city,23:30 between 05-04-l8 12:30,4/6/2018 1:05,,. I My Alto 800 car number. MP09CX H. No. of 7478 710/9 Nehru had stood the site in front of the city today night around 11.30 pm an auto rickshaw No. MP09R 4933 driver's auto rickshaws Tejagti and negligence running my standing car no. Been hit from behind on MP09CX 7478 that my car's rear bonnet Tut.
7,Police MIG,242/18,"188, 283","Rule Trfe police Mi Ji monitored by PSI Nitin Patel father / husband ,,,,,,,,,, resident station MIG Indore","Pramod father Gedalal Kushvah, Ayush Chaurasia, Mgur Verma, Uday Pal and including Mukesh DJ with Nehru Nagar Road No. 3 - -",Bakery lane main road Idur,1:30 between 05-04-l8 1:30,4/5/2018 0:50,,The accused are standing on the dangerous situation in your car Magic MP42-G-1150 current circumstances lamp which was risky life of the masses.
8,Police Vijayanagar,236/18,"279, 337","Sandeep Verma father / husband, father Shantilal Verma aged 25 years resident 92 at Pragati Nagar Soncchc station Soncchc District Dewas recent address 101/1 mechanic city Bmori Indore",Motorcycle car. MP-09-7954 Driver -,Ram Temple near Malviya Nagar Indore,The 04-04-l8 16:20 0: 0 beach,4/5/2018 13:30,,Accused his motorcycle car. MP-09-7954 driver worked bike at high speed and negligence brought running trail and front and right foot Duno hands I fell down on the collision and hit my bike hurt in
9,Police Vijayanagar,237/18,"379,","Abhash Shah father / husband's father Naresh Shah, age 36 years resident 201 Vimal Mr. omen plot no. 146 light city Knadia Road Indore","Agyatk-,",C21 Vijayanagar Indore in front of goods,22 03-04-l8 21:30: between 0,4/5/2018 14:00,,Accused Fri 0 bike Hero Honda Splandr MP09.MV.1749 chassis number. MBLHA10EJ9HG30772 engine no. HA10EA9HG74145 model no. 2009 color Blake steals the scene Legya.
10,Police Vijayanagar,238/18,"279, 337",Kuldeep resident father / husband's father Rajendra BC age 18 years resident 102 Bicoli macho station Knadia Indore,Karkr. CH01-AK-2132 driver .-;,Radisson intersection Indore,The 05-04-l8 6:30 0: 0 beach,4/5/2018 14:30,,The accused had his car car. CH-01-AK-2132's speed and negligence brought running trail and hurt in the forehead Kailash from being hit hit the bike Kailash and injuries on both his wife's feet
11,Police Kjrana,263/18,"294, 323, 506 Badvi",Farida B. father / husband Kalim Mansouri resident,"Tot Tackedar-Patel Nagar Kjrana,",9 6 Doctor Colony Kjrana,04-04-l8 20: 0 to 0: 0 beach,4/5/2018 10:15,Arrives Friadia,Accused tot Tackedar learn to beat the bare naked Galia's locker mother sister to Friadia to the brother's house threatened Marpane
12,Police Kjrana,264/18,"379 altogether,",Ashissinh father / husband Srilalbihari Singh resident 335 Saikripa Colony Kjra not,A known -,In front of 335 Saikripa Colony Kjrana,The 04-04-l8 15:30 0: 0 beach,4/5/2018 11:40,When the complainant,The complainant took the bike Hirohonda plus number MP 0 9whiji 7514 stole an unknown person placed location
13,Police Kjrana,265/18,"323, 294,506,34",Sanjay Bhomraj father / husband Suresh Bhomraj resident lifesaving city Siddhi Vinayak schools owns Kjrana Indore,"Virju -sanjivni city Kjrana Indore, Mnoj- lifesaving city Kjrana Indore,",Sejivni city Kjrana Indore,The 05-04-l8 23:55 0: 0 beach,4/6/2018 0:40,,"Friyidi speaking while leaving the police station, said Haja that Virju and Manoj Done front of the house carrying an exposed naked abuse of the complainant's father Suresh Bhomraj mother sister and Manoj Marie reported and Virju on picking the Frsi head hit the hands slapped were that Aind end of life my way I came Du?ga"
14,Police Kjrana,266/18,13,Rule Trfa police station Kjrana Indore father / husband Suni NS Jhala resident station Kjrana Indore,"Salim's father Jiyauddin -83, Mamata Colony Kjrana Indore Saddam father Sheikh Kalu -225 tamarind lane Jlla Colony Kjrana Indore, Imran father Sheikh Hussein -223 Jlla Colony Kjran Indore,",Tamarind lane Jlla Colony Kjrana Indore,The 06-04-l8 3: 0 0: 0 beach,4/6/2018 3:35,,Durane received information the night patrolling that some people bet to win the necklace peso bucks playing cards with 52 cards under the pillar of power
15,Station Tilak Nagar,112/18,"279, 337",Sunil Gavande father / husband Manik Rao Gavande resident 63/3 goddess Indra Nagar Plasia Indore,"Car car. Chalika -indur M p 0 9 Si.an 0616,",MP. Tourist Department in front of the gate,8:30 between 05-04-l8 8:30,4/5/2018 12:05,,Charged hurt by Apanikar up and running casually Fri 0 Hero Maestro scooter car MP 0 9 Sku 5780 hit from behind by killing injury.
16,Station Tilak Nagar,114/70,"457,",Rajendra Joshi father / husband DEBKRISHNA Joshi hails 9 Ashish Nagar Indore,Unknown ----,8 Ashish Nagar Indore,13:30 between 05-04-l8 13:30,4/5/2018 16:35,,An unknown accused complainant's younger brother Govind Joshi of breaking out of the lock of the door here and go broke within Nkucha door storage took stolen. But stealing what goods on the complainant's brother from Poona Govind Joshi. Know will come. Reports Hun?.
17,Station Tilak Nagar,115/18,"4A state speculative act,",Rule noticed Trfe police Uni Dilip Singh monitored by Station Tilak Nagar father / husband residents Station Tilak Nagar district Indore,"Prakash Sen -bdraeelal Sen,","Old, Bengali intersection Indore near Shulb toilet in front of the country liquor shop",18:30 between 05-04-l8 18:30,4/5/2018 19:05,,"The accused have been illegally seized speculative accounts caught in possession of speculative instruments and cash 2,350 rupees."
18,Police Pardeshipura,181/18,"323, 324/294/506 Badvi","Sanjay father / husband, father Rmeshchand Bhatti 47 years old and a resident pro. 26 d. Bakhtaawar city Indore","Rohan Shinde father Kapil Shinde -ni. 86 Shilnath Kemp People move kiln Indore Kulkarni,",86 Shilnath Kemp People move Kulkarni kiln Indore,22:45 between 04-04-l8 22:45,4/5/2018 0:15,,"Complainant had police here come oral report with his wife Fiona Bhatti and Sadhu brother Deepak Maurya that I'm the remains addresses. Today 10/45 AM I my brother Sadhu Deepak Maurya My family and my brother's boy Rohan Shinde's house Rohan boy Janniche Shinde assume that if we were eating dinner on the program call in a program Rohan Shinde my Sadhu night brother about to serve alcohol lamp mom sister naked naked Galia the I denied Galia then Rohan Shinde, who gave me the obscene Galia displeased on hearing me. And bitten to death cheek tooth beat me. Which came Ga?v on my cheek and said I thought that now disputing anything I can finish the know logo Du?ga."
19,Police Pardeshipura,182/18,"323, 324/294/506/34 Badvi",Annu age 50 father / husband Pappu copper resident free 31 flute press moves Indore mo,"Kalu alias Krishna -ni flute press moves Indore, mother Pama by -ni flute press moves Indore",Flute press moves Indore,05-04-l8 17: 17 0: 0 beach,4/5/2018 19:20,,Friadia fellow traveler I live on my husband to come and oral report to the police station with Pappu I above address. Today's date was putting away my home front Kalu alias Krishna came to my house and filthy dirty Galia took to old transactions of money looks bad hearing. So I denied Galia to Kalu Kalu said and Kalu's mother Pama by both have to put together started beating me intervened My husband Pappu and also beat my guys Sonu later Kalu the knife from his Nikalattha was killing me that I was apprehended knife to remove Chaut Against blood in the little finger of my left hand.
20,Police Pardeshipura,184/18,"341, 327/294/506/34 Badvi",Nitin age 26 years Father / Husband Father Manoj Kanodia resident Free 45/5 Tapunagr Indore mo.,"Sun Jagdne -nivasi street Nmhwar 2 Tapunagr Indore, Lalla alias Golu -nivasi Tapunagr Indore, Amit- resident island city Indore",Tejram island town Indore to satisfaction of home,"04-04-l8 23: 0, 23: 0 beach",4/5/2018 20:25,,Aaropion kill the Fri giving porn abusing an Fri 0 not ask the way to a knife 05 thousand stop 0 then ran Fri 0 was hiding in his house.
21,Station Hiranagar,192/18,"363, Badvi",Hope Solanki father / husband Mahesh Solanki age 30 years resident 52 Inder Patel house Kbit placenta Indore,Unknown -,52 Inder Patel house Kbit placenta Indore,02-04-l8 6: 0 6: 0 beach,4/5/2018 13:05,,An unknown person daughter Friadia took the said kidnapped by caresses luring.
22,Police Tejaji City,136/18,"379 Badvi,","Hemant Solanki Age 22 years father / husband Suresh Chandra Solanki, a resident of plot No. 15 9 Flat No. G 1 Wdarika Palace Srikrshn Avenue Phase 3 Limbodi Indore","Agyat-,",Wdarika Palace Srikrshn Avenue Phase 3 Limbodi Indore,04-04-l8 1: 0 6: 0 beach,4/5/2018 11:15,The police come to complainant,An unknown rogue complainant motorcycle MP 0 9 Q ??H 1863 took the blocks breaking stole.
23,Police Juni Indore,163/18,"12 Passports Act, 1967,",Virender Modi father / husband Mankchand Modi hails 342 m Khatiwalatank Indore,"Aman Godwani father Deepak Godwani -342 M Khatiwalatank Indore,",342 m Khatiwalatank Indore,The 0l-07-l6 0: 0 0: 0 beach,4/5/2018 15:30,On examining applications,Incorrect information given by the accused by taken into account to establish the inquiry application built passport card offense under Section 12 Passport Act
24,Police Juni Indore,164/18,"302, 34",Ajay alias Ashu father / husband Mohanlal Bidwal resident 121 BK Harijan Colony Indore,"Andel Singh Boyt -bike Harijan Colony Indore, Rahul Boyt father Satish Boyt -bike Harijan Kaolni Indore, Kalu alias Piyush Boyt father Sarwan Boyt -bike Harijan Colony Indore, Anil alias Sangju father Andel Singh Boyt -bike Harijan Kalovi Indore,",Rajpal Harijan Colony Indore under Juniindur Bridge in front of the Honda,05-04-l8 0: 12:15 between 0,4/5/2018 17:05,The police come to complainant,Old Rnjish talked about the Aropiyan worked Mratk King aka Sumit father Sunil age 17 years resident BK Harijan Colony hit intentions swords and staves to kill Indore Crime Section 302.34 Vive do Panjibd of Badvi. Taken.
25,Police Bnvrkuaan,218/18,"34 Excise Act Snshodint 2000,","Rule Trfe police deployed police Bnvrkuaan Indore by Prkark 2693 Manoj Pandey father / husband, father self. Chandra Pandey age 45 years resident deployed police Bnvrkuaan Indore","Jitendra father Gangaram Solanki Age 20 years -147 PAWANPURI Colony Palda station Azad Nagar Indore,",Three tamarind bridge near Indore in front of Smsan Ghat Gate,14:20 between 05-04-l8 14:20,4/5/2018 15:25,At present police arrive complainant,Accused Jitendrake possession of 1 Jptshuda plastic bag of white wine native plane 23 quarters 1265 / Rs seized that went
26,Police Bnvrkuaan,219/18,"379 Bakdkvik,",Giant wrestler father / husband's father Om Prakash wrestling age 29 years resident 524 Khatiwala tank Flat No. 301 Vallabh Garden Junie Indore based No. 541 370 956 669,"Agyat-,",B 12 Shivmotinagr NAVLAKHA Indore,14:30 between 03-04-l8 14: 0,4/5/2018 19:40,At present police arrive complainant,"An unknown rogue Royal Ankfild the complainant 350 classic Moksakkr MP09 QP9058 Caknk ME3U3S5C1FD204596 Inknan U3S5C0FD758727 Maadl black 2015 brought tax evasion from being stood precious 40,000 / Rs Kribnko location"
27,Police Annapurna,129/18,"363,",Pramod Kumar father / husband Govind Tomar age 42 years resident 100 Bank Colony Indore,Unknown -,100 Back Colony Indore,04-04-l8 13: 0 and 13: 0 beach,4/5/2018 0:25,On the station's plaintive,"Event Date An unknown accused Legya to caresses, luring the victim of abduction by."
28,Police Chandannagar,271/18,"25 Arms Act, 27 Arms Act",Rule Trfe police Cdnn Nagar Indore drugs are Unikke.asksolnki father / husband residents Uni. Police Chandan Nagar Indore,Farooq alias Umar father Jumma eat age 30 years -. Kidvr route Depalpur District Indore,Sirpur Mata Temple near Chandan Nagar Indore,2:25 between 05-04-l8 2:25,4/5/2018 3:35,,"Illegal possession of the accused, 01 were native and seized the pistol and 01 cartridges."
29,Police Rajendra Nagar,192/18,"379 Badvi,","Dharmendra Parmar Age 33 years depending on the card number. 776040824284 father / husband Jagdish Parmar, a resident of 176 Silicon City Indore","Unknown, unknown,",Chauithram hospital stop parking Indore,The 03-04-l8 9:45 14: 0 beach,4/5/2018 14:40,Find your vehicle by complainant Krno come to police reports do not meet the following,"Any 5 after rogue Moksak the complainant Bajaj Diskwhr car. MP09NM1793 Iknank JZMBUG02477 Cheknank MD2DSJZZZUWG21674 Model 2011 Color Black Gold Speight price took stole the location housed 15,000 / Rs."
30,Police Rajendra Nagar,193/18,"279,337 Badvi, 184 Motor Vehicles Act","Rule Trfe police station, Rajendra Nagar Indore Trfe Suni Amod Kumar Uike station Rajendra Nagar Indore father / husband hails police station, Rajendra Nagar Indore","Aysr vehicle number MP09GE6628 driver -agyat,",A front of Awasa. B. Road Arjun Nagar Indore,9:45 between 05-04-l8 9:45,4/5/2018 21:10,on time,"Aysr vehicle number MP09GE6628 driver by running trail speeding and carelessness of your vehicle dangerously hit on motorcycles of Mjruh reported that Mjruh 1. King Khan alias Ali Rajik father Unus Ali alias Anwar Ali, age 22 years resident A / 24 Habib Colony Kjrana district Indore mo 9644412130 2 Haider Ali father Nasser Ali age 22 years resident 25 Majestic city Kjrana district Indore mo. 9111180778 is injured and has damage on motorcycles"
31,Police Rajendra Nagar,194/18,"354, Badvi, 294,506 Badvi",Ganesh Bhabar resident Whikaikpikprspr city Indore,"Ashish Sharma father Ghanshyam Sharma -mukeripura Indore,",457 Indore front Whikaikpikprspr City,05-04-l8 20:30 between 20:30,4/5/2018 22:00,,Fri 0's wife accused of asked any home Friadia walking foot outdoor Aslil talk with the accused Friadia to speak to do not know by Friadia and dissolved shame Friadia her sari dragging obscene gestures.
32,Gandhinagar,95/17,363 Badvi,God Father Ambaram Deora age -44 years pro-grams Nimboda Gari Gandhinagar,Unknown ,Fri 0 Home Village Limboda Gari,5/4/2018 6:00,4/5/2018 14:38,on time,Accused Legya his caresses-luring the victim of abduction of girls Fri 0.
33,Police Dwarkapuri,156/18,"324,294 Badvi,",Mukamsinh age 52 father / husband Jogdia Bhilala resident Digvijay multi Indore,Two unidentified persons -,Native Ahirkedi Indore in front of the liquor store,21:30 between 04-04-l8 21:30,4/5/2018 1:20,,"Date is the night 21:30 pm to 4:04:18. I am close to my handcart, Munna Bhai and Fttu were sitting drinking. Then Klali the two people came and mother's sister naked naked abuses reported and one person was killed near his knee on my right leg with a sharp object, which was bleeding Against Injury"
34,Police Dwarkapuri,158/18,"324, 294, 506 Badvi,",Shubham father age 21 years free. Father / Husband Mike Bmnel resident 125 Wdarkapuri Saturn Temple Street Indore,"Sonu Thakur father Dilip Thakur - Wdarkapuri Indore,",Saturn Temple Street Wdarkapuri Indore,21:40 between 05-04-l8 21:40,4/5/2018 23:40,,I spoke to Sonu Thakur that put why the crowd here. So Sonu Thakur knife out of me mother fucking Dalege sister began to bare naked Galia of Chod Dalege I then denied it abuses Sonu Thakur struck in me the knife to hurt me on the finger and tendon on the right hand
35,Police Dwarkapuri,159/18,"307,506,34 Badvi,",Satisfaction age 24 years father / husband Bhuralal Baghel resident Sanjay Colony Rajgarh recent Rishi Palace Colony Indore,"Unknown three to four people-,",Flourishing Vihar Garden Indore,05-04-l8 22:30 between 22:30,4/6/2018 0:45,,"I and my fellow friends Vinod, Lokesh, Kanha, Amjad had gathered in front of the flourishing monastery gardens to go on wedding Mundie friends have all Khandwa. He was called to give money Jagga so we stood him a little while. So I had some people see I have three or four people came from pedestrian whom and who noted that they ask and are struck behind the left ear with the intention to kill them know one if I fell it hit me on the right side of the chest hit on the right hand side and Lokesh's treatment based on Mwaiac hospital wounded in a serious predicament."
36,Police Mhow,102/18,"160 Badvi,",Rule Number by Trfe police station Mahu A Free Mehtabsih father / husband - resident police station Mahu district Indore,"Sonu's father Tulsiram skills Age 26 years -3402 Moti Mahal talkies Mhow near Surki alley, Kuldeep alias Golu Verma father Mahu township Dilip Verma aged 31 years -3282 Lalji,",Just stand Mhow,05-04-l8 21:10 between 21:10,4/5/2018 21:25,on time,"Aropiyan about to sit just riding together on public service were fighting Jgdkr riot. Through which disrupted traffic on the common road was getting peace and order in the city. Those sections are arrested on the spot to register, 160 crime Badvi taken Vivchena"
37,SHO Depalpur,112/18,"279, Takhi. ., 279,337, Takhik",Kailash father / husband Nvlsinh Chaudhry race Gari age 36 years resident grams Maaglia station Hatod,"Moksak Sl. mp 43dw 4184-,",,25-03-l8 14: 0 and 14: 0 beach,4/5/2018 14:00,,Aaropi Phu?chair injury hit his vehicle collision fast and casually Clkar Fri 0 in.
38,SHO Depalpur,113/18,"4A speculative Act, 4A speculative Act",Rule Trfe police Depalpur father / husband Prkark 2687 Pramodsinh resident station Depalpur,"Mahendra father suresh chandar TI -gnesh route Depalpur,",Ganesh Depalpur near the shrine behind the temple,The 05-04-l8 16:30 0: 0 beach,4/5/2018 17:55,,Accused speculative points slip logo was written caught Huye take Rupche money.
39,SHO Depalpur,114/18,"279 Takhik,",Amar Nath father / husband Ratan Nath race Nath age 27 years resident grams Frkauda,"Alto car number MP 0.0 9 HE 6512 driver -nil,",Gautampura Front Road grams Virguda shrine,The 05-04-l8 18: 0 0: 0 beach,4/5/2018 19:30,,Accused Alto car number MP 0.0 9 Acki 6512 driver by running trail speed and carelessness of your vehicle Moksak the complainant Hit in the resulting losses in the motor cycle of the complainant.
40,Police gautampura,58/18,"34, 34 Excise Act",Rule Trfe police gautampura father / husband following resident station Gtmpura,"Bartsih? father Prmand Kluta age 36 years -gram Kai,",G Kai,05-04-l8 17: 17 0: 0 beach,4/5/2018 19:25,,Accused of illegally session was caught carrying 20 quarters wines Kimti Rs.1000.
41,Police gautampura,59/18,"34, 34 Excise Ekt",Rule Trfe police gautampura father / husband following resident station gautampura,"Deonarine father Nagulal hero 35 years of age -gram Frkoda,",Near the village Frkoda public schools,05-04-l8 18: 18: 0 between 0,4/5/2018 19:40,,The accused were caught carrying illegal 22 quarters wines Kimti 1100 rupees
42,Police betma,181/18,"379,",Ctrsih Suner caste Rajput father / husband Bapusih Paladin Suner resident Manpura,"Agyat-,",Hanuman temple complex Gatabillod Choki,3l-03-l8 19: 0 and 21: 0 beach,4/5/2018 12:10,,"Complainant that Hiro pension Pro car. MP 0 9 35 NQ complainant that Hiro pension Pro car. MP 0 9 NQ 3583 Jisa engine N.aca 10 Idisijibi 058 9 2 Chassis Kr.ambelaca 10 Id 83 Jisa engine N.aca 10 Idisijibi 058 9 2 Chassis Kr.ambelaca 10 Idblusijibi 28,106 model 2012 black that an unknown rogue Kimti 20,000 rupees was stolen away"
