Sl.,Station,Police Crime / Mrga No.,section,The complainant's name and address,The accused's name and address,Event site,Event Date and Time,Permanent date and time,Delays cause permanent,Details including the cause of the incident
1,Station MG Road,136/18,"279, 337","Arpan Jain father / husband Anil Kumar Jain, a resident of 103 Abhishek Apartment Dravid town square Ranjit Hanuman Road Indore","Motorcycle MP 09 Q m 54464 car Chalk-,",LOKHANDENew bridge municipal office in front of Indore,6:30 between 03-04-l8 6:30,4/3/2018 22:20,,Charged motorcycle driver their vehicle fast speed and negligence caused hit hurt running complainant has
2,Police Tukoganj,148/18,"381,",Vimal Singh Godawat age 61 years father / husband Swkmahal Chand Godawat resident Morya House 16/2 New Plasia Indore,"Prabhu Lal father Rupa G Kir age 22 years -gram Gobrana station Jlara of 0 Sluma District Udaipur Rajasthan mo, no, 9131076839,",16/2 Morya House New Plasia Indore,22-02-l8 9: 0 and 12: 0 beach,4/3/2018 13:00,Due to the exit of appeal today police station came to report writing,"Free My servant in the house of the Lord red father Rupa G Kir 22 years, Village Gobrana imposed station Jlara of 0 Sluma District Udaipur through Rajasthan sweep work at home wipe and took gold ring laid on the bed in disguises and took 15.000 / Rs and second day by stopped to come to work, I'd Kriport went out of his work came enrolling report on police come back today"
3,Police Tukoganj,149/18,"8/27 NDPS Act,",Rule Trfe police Suni Bhanwarlal by police Tukoganj Sseroke station Tukoganj District Indore ,"Abdul Matin Ansari father Abdul receipt Ansari age 23 years -12 Qazi move Malwamil Indore,",Neel Kamal Talkies campus Indore,14:20 between 03-04-l8 14:20,4/3/2018 15:20,Return,Accused arrested consume the drug powder cigarettes.
4,Police Tukoganj,150/18,"379,","Abhishek Dwivedi age 23 mo. 8889537989 father / husband Mr. Raghuvansh Prasad Dwivedi resident pro. G 413 Nariman point.I Mahalakshmi Nagar, Vijay Nagar, Indore",Unknown -,"Ford show have t material in front of the room, MG Road, Indore",28-03-l8 20: 0 and 21: 0 beach,4/3/2018 16:15,To not meet after searching today police report when the,"Mo to an unknown rogue complainant. Sa. Bajaj Pulsar 150 NO. MP20MH8497 Chassis no. MD2DHDHZZSCC83ll6 engine no. DHGBSC78469 model 2009 color black price has been stolen away from keeping space Rs 15,000"
5,Police MIG,233/18,"279, 337",Badambai father / husband Kishore Verma hails 226 Lala garden Indore,"Chalk- unidentified motorcycle,",Road no. 6 Nehru Nagar Indore,11:30 between 07-03-l8 11:30,4/3/2018 11:00,Majarooh victory coming on station Friadia police station after treatment Verma,At about noon Krihn 11.30 to 03.07.18 is Friadia the boy Vijay Verma was going to take the school to the girls from their home as soon as he road no. 6 Nehru Nagar Indore on Phunchi then an unknown motorcycle hit by causing injuries in the left leg victory later on Mwayac hospital to treat his wife Manisha Victory Victory
6,Police MIG,234/18,"379,",Priyanka's father / husband Shyamal Dhurve resident 205 Sri Nagar extension Indore,"Unknown con,",Indore front of city extension Kalndi park,19:30 between 02-04-l8 19: 0,4/3/2018 11:30,Come on station Friadia,Friadia dated 02/04/18 was the evening to Indore front around 7:00 the extension city Chandra Public intersection between 7:30 pm Kalndi park Friadia your mobile Redmi 4 companies whose EM E was No. said. 86568034204305 was stolen away from the purse Friadiya behind any unknown thief who was put on his bass.
7,Police MIG,235/18,"509,",Rule Trfe Police Jitendra Bijore resident by police MIG Indore 9 7 Patni Pura Indore,Mobile number 7999 Holder 480 704 -,9 7 Patni Pura Indore,9:40 between 24-03-l8 9:40,4/3/2018 13:30,,"An unknown person on the mobile number of Friadia mobile number 7999 does bother porn messages by 480,704"
8,Police Vijayanagar,231/18,"323, 294/506",Yogesh residence mobile number of father / husband Subhash Thakur age 28 years resident 53 Qazi move Malwamilindur,Samir father ayub Sheikh resident Qazi move Malwa miles Indore -,Berfanidham temple Indore near Raj juice,03-04-18 20:30 0: 0 beach,4/3/2018 22:10,,Accused complainant assaulted the tank bare naked with gas from the point of asking the mother's sister and threatened to kill
9,Police Lsudia,292/18,"457,380 Badvi,","Virendra Chaudhary father Srijav Veer Singh age -41 years of Father / Husband Srijav Veer Singh, a resident of 182 Sector C not Slais. 01 Do not scheme. 78 Indore Mokn 0.8581805469","unknown person -,",182 Sector C not Slais. 01 Do not scheme. 78 Indore,03-04-l8 0: 0 6: 0 beach,4/3/2018 11:20,,"Morning saw came down around 6:00 pm, my house, the Nakucha breaking a Tue formula put stuff in house, to lock in closet breaking house, Aanguti a Sony, Bali two pair ear, two anklet Chadi. Silver coins were taken, as well as cash, an unknown person stole kept in my house, stuff"
10,Police Lsudia,293/18,"457,380 Badvi,","Manish Solanki Father God Chandra Solanki age -28 years of Father / Husband God Chandra Solanki, a resident of 286 Slais 3 or alley. 3 Neither scheme. 78 Indore Moknk 9826728159","unknown person -,",286 Slais 3 or alley. 3 Neither scheme. 78 Indore,7: 0 between 02-04-l8 11:30,4/3/2018 12:45,At the time when the complainant,"This morning, looked around 07:00 pm put on my house, the window by hand pouring Nakucha in closet open house, the open house, stuff gold eardrop, Tue formula Pandl, non-cash. An unknown person has placed goods stolen in my house,"
11,Police Lsudia,294/18,"279,337 Badvi,",Devinder Batra father Tejban Batra age 51 years father / husband Tejban Batra resident 409 R is not flat. 102 Mahalakshmi Nagar Indore Moknk 8516887930,Car No. MP09CJ2800 driver -,Prestij College near Indore behind the Bombay Hospital,"0l-04-l8 23: 0, 23: 0 beach",4/3/2018 15:20,At the time when the complainant,"Car No. MP09CJ2800 driver has his vehicle negligence running and I hit on the access that I fell to the top of my head, left eye, the hand wrist, hurt in Ugli on foot"
12,Police Lsudia,295/18,"279,337 Badvi,",Rule Trfe police Prkark by police Lsudaia 1065 radheshyam father / husband station Lsudaia resident station Lsudaia,Car No. MP09CX0979 driver -,New Iron Market Dewas Naka Indore,11:30 between 03-04-l8 11:30,4/3/2018 21:45,Sanha timely check,"Car No. MP09CX0979 driver brought drove fast and recklessly Purwk your car and we got hit on the left elbow in the head hit the three that in my head, Harshita and Rukmini"
13,Police Knadia,130/18,"279,337 Badvi,",Rule Trfe police Knadia monitored by the Suni Sunil Raikwar father / husband residents station Knadia Indore,"Chalk- of Scorpio MP09CH3382 white,",Knadia Road Indore near Knadia Breeze,02-04-l8 17:20 between 17:20,4/3/2018 0:10,From the diary Sanha probe,Charged SUV MP09CH3382 driver hit the front on the motor cycle number MP41MG9709 the complainant running Tejagti and careless your vehicle so plaintive Mjruh auditory father Prhladsih Rathore age 27 years resident grams Anchulkedi station received injuries Civil Line District Dewas.
14,Police Pardeshipura,179/18,"4 (a) speculative act,",Rule Trfe cop father / husband with by Suni. Devendrasih resident Pardeshipura District Indore,"Jagdish father K?vrlal Meriya age 60 year- resident 130/2 Srwharanagr Indore, Manju father Jagdish Meriya age 22 years -nivasi 130/2 Srwharanagr Indore",Houses No. Srwharanagr Indore in front of 0.130 / 2,16:35 between 03-04-l8 16:30,4/3/2018 18:50,,"Accused of illegal betting account captured the. Charged 50 speculative occupation Jagdish Prchiya, a Lead Pen, cash 21,500 / Rs and Aropiya Manju's Prchiya 70 speculative occupation, wrote a speculative points Kapiv a Lead Pen, cash 5,150 / Rs seized Kiyekukt 26,650 both Aropiyan Rs seized made."
15,Police Pardeshipura,178/18,"49-A, 34 Excise Act, 25 Armsakt",Rule Trfe police station father / husband with by Uknik Narendra Tiwari resident station Pardeshipura Indore.,"Vicky alias Vikram father TaraSingh Tonmr age 28 years -nivasi 406 Shivaji Nagar Indore,",Shivaji Nagar Indore,03-04-l8 16:50 between 16:50,4/3/2018 19:10,,Stuffed into a white plastic Kane possession charges 05 liters country liquor poison Mtmele color of and a sharp knife latch precious about 200 got Rs
16,Police Pardeshipura,177/18,"25 Arms Act,",Rule Trfe cop father / husband with by Suni P Number Baria resident station Pardeshipura District Indore,"Arjun alias Guddu father Gangadhar age -ni 30 years. 255 Kulkarni kiln Indore,",M N 255 front Kulkarni kiln Common Road Indore,03-04-l8 15: 0 and 15: 0 beach,4/3/2018 17:25,,Accused sharp edged sword price of an iron 500 / - caught around the Rs.
17,Police Pardeshipura,176/18,"279,337 Badvi,","Jaikishan father / husband, father Vinay Chauhan age 29 years resident pro. 1072 Sector C Suklia Indore mo.",Loading vehicle car. MP09LP4585 driver -,Banks do not scheme against Aanf Indiya. 91 Grain Mandi Indore Malwa Mill,20:40 between 02-04-l8 20:40,4/3/2018 0:40,,Charged your vehicle quickly and running casually majarooh Dipendra father Vinay Chauhan your Aktiwa Sr. said. Collision MP09SD6651 hitting hurt.
18,Police Juni Indore,159/18,"379,",Mayank Gwate father / husband Arun Gwate resident 56/67 Lalbagh line Indore,Unknown -,Devasree Takij near Iron Market Indore,"3l-03-l8 20: 0, 20: 0 beach",4/3/2018 0:55,The police come to complainant,There was an unknown individual complainant's Honda Activa scooter Krkmp 0 9s 8146 tax evasion housed position
19,Police Juni Indore,160/18,"279 ,, 337","Dusyant Mishra father / husband Girish Mishra, a resident of 157 Fortune Mr Colony, Vijay Nagar, Indore",MP 0 9seedi 4627 -,Dream Sangeeta Road Indore front road Pijaht,30-03-l8 23:15 between 23:15,4/3/2018 18:40,The police come to complainant,The accused worked Mari your vehicle collision by running complainant trail quickly and carelessly
20,Police Juni Indore,161/18,"420,",Rule Trfe police station Juniindur father / husband residents station Juniindur,Unknown -,State Bank of India branch Plsikr Colony Indore,9:40 between 29-03-l8 9:40,4/3/2018 23:00,On examining applications,"Accused worked out to Rs 40,000 from an ATM machine in the bank account of the complainant cheat stopwatch Krit"
21,Police Ravji market,112/18,"304 (A) altogether,",Rule Trfe police Suni Di.alkyadv father / husband Dayaram Yadav age 58 years resident station Ravjibajar Idur,"Vehicles Magic Sl. MP. 0 9 T. 8 9 28 driver -agyat,",Plsikr intersection Sandipani Play Indore in front of schools,22:35 between 26-03-l8 22:35,4/3/2018 0:15,Mrga on check,Charged vehicle Magic Sl. MP. 0 9 T. 8 9 28 driver transmitted by Mjruh durgaaprasaad father Ramchandra alias Lal Verma aged 50 years free. 334 hit forcibly Colony Indore which went to Durane cure death.
22,Police Bnvrkuaan,214/18,"379 Bakdkvik ,","Swapnil Singh Bagga father / husband, father Jaspal Singh Bagga age 22 years resident of 661 Usha Nagar Asstenshn Indore, based on number 579774850213","Agyat-,",DAVV schools Aanf Ikona?mi parking Indore,3l-03-l8 12: 0 and 13: 0 beach,4/3/2018 12:30,At present police arrive complainant,No Rayl unknown Wyktifriadi Infild classic 350 number MP09VD2975 red color of the Chassis no. ME3U3S5C1HK507498 and engine number. U3S5C1HK592595 Maadl 2017 precious 90.000 took to stealing nearly been raised to Rs location
23,Police Jewelry,42/18,"25 Arms Act,",Rule Trfee police station bullion Indore father / husband with by Prkar 0.1512 Jitendra Singh resident station bullion Indore,"Ravi Sahu father Maniram Sahu age -ni 27 years. M -45 public Quarter station Pardeshipura Indore,",Nlia Bakl Vegetable Mandi Indore,The 03-04-l8 9:25 0: 0 beach,4/3/2018 10:20,,Accused of illegally found unlicensed knife of an iron.
24,Police Jewelry,43/18,"323 294 509 34 Badvi, 3 (1) e, 3 (1) r, 3 (1) s Scheduled Caste and Scheduled Tribe (Prevention of atrocities) Act 1989","Jitendra age 27 years father / husband, father Ramesh Chandra Laryea 3 Native Village Garia Piplya, government school near Khudal Indore",Satlani - Unknown - Unknown - Unknown - Unknown - Unknown - Unknown - Unknown - Unknown - Unknown - Unknown -,Subhash Chowk water tank near Indore,03-04-l8 11:30 to 12: 0 beach,4/3/2018 17:20,,Event date the accused delivered by Fri 0 visited the shop and accused humiliated the complainant's race pointer words later abuses bare-Nang's mother and sister injured in iron Sriye dead hands and head.
25,Police Pandhrinath,64/18,"25 Arms Act,",Shasm Trfe pulish station Pandharinath Prkar 0.335 Singh father / husband. Resident station Pandharinath Indore,"Azam Ali alias Ajju Father Job Ali Age 30 years -sherpur Kakd Edge Road Indore,",Fountain Square Bombay market Indore,20:50 between 03-04-l8 20:50,4/3/2018 21:35,,Accused arrested by moving illegally from an iron bladed short sword.
26,Police Mlharganj,155/18,"4A, speculative Act.",Rule Trfe police Mlharganj father / husband --------- resident station Mlharganj District Indore,"Prahlad Prajapat father Shivlal Prajapat age 22 years -130 Vidhyapelesh Indore,",Janata Colony Indore,19:30 between 03-04-l8 19:30,4/3/2018 20:35,Return,The accused was speculative equipment seized from illegal betting account caught possession.
27,Police aerodrome,202/18,"279, 337",Praveen Nima father / husband Bsntkumar Nima resident 140 Somani city Indur,Ride Auto Riksa No. MP09.R.4641 driver -,Sukhdev Nagar intersection 60 feet Road Indore,17:15 between 03-04-l8 17: 5,4/3/2018 17:50,,Complainant your bike no. MP09kNAkl827 Indore CT side was his home as soon as I Sukhdev Nagar intersection ride since the Wrong side reached 60 feet Road Auto Riksa No. MP09.R.4641 his driver Mardi competition brought on by running trail quite Tejagti and neglect your auto and cycle my Montr
28,Police Chandannagar,262/18,"Badvi 323, 294 323 506 Badvi",Sitabai age 75 father / husband Nagulal G Kdedia resident Door House's Edge Road Indore front Kimti Garden,". Satyanarayana father Nagulal G Kdedia Edge Road Indore, near the door House front -kimti Garden. Maya husband Satyanarayana Kdedia Edge Road Indore, near the door House front -kimti Garden. Deepak father Satyanarayana Kdedia -kimti Garden front edge Road Indore's door house",Front Kimti Garden Door House's Edge Road Indore,03-04-l8 12: 0 and 12: 0 beach,4/3/2018 14:00,,I live at the above address Gru work. Made three rooms in my house is a room I and my husband are Sharda Nagulal and the girl and my boy Satyanarayana in two rooms with his family. Today about 12. 00 And Satyanarayana's wife was installed wire Maya Dicks And my girls told Sharda This is my wire dicks you put your wire called the Maya started hitting the wire Sharda which hurt his left cheek I and Nagulal G between began to rescue Maya we swept mofo both with the coming assault if there my boy Satyanarayana and son Deepak and Nagulal both me and my husband Began to bare naked abuses of fucking I would have denied abusing them brought light wood pole lamps and obtain the Nagulal live wire poles and hallucination Dicks began hitting me that hurt me in the right hand and was bleeding and Nagulal G was bleeding injury Against both feet I
29,Police Chandannagar,264/18,"379 Badvi,",Rajesh Manawat age 49 father / husband Harishchandra Manawat resident. 19 Geeta Nagar Edge Road Indore,"Agyat-,",Nuts Colony Edge Road Indore,"28-03-l8 19: 0, 19: 0 beach",4/3/2018 16:10,,Accused Fri 0 TV Axel Luna Kr.am P 09 S. A 1529 or chassis. Not MD621AD1X52N75628 engine. ODlN5l39634 Legya stole from the crime scene.
30,Police Chandannagar,265/18,"363 Badvi,",Sultana age 45. Father / Husband self. Nishar Khan resident. 01 or alley. 01 Collaboration city Indore,Unknown -,01 or alley. 01 Collaboration city Indore,02-04-l8 23:30 between 23:30,4/3/2018 19:05,,"Event date Fri 0 of the girl and went somewhere without telling ways, Fri 0 to suspect that an unknown person Legya to Blha-luring the victim of abduction."
31,Police Chandannagar,266/18,"379 Badvi,",Rajesh Agarwal age 40. Father / Husband Vilas Agarwal resident 10B Ngin city Indore,Jealous Sumit Pardi father Sunil Pardi - diameter Nagar slum Sirpur Indore,English wine shop Chandan Nagar intersection Indore,"03-l2-l7 19: 0, 20: 0 beach",4/3/2018 21:25,,Date 03:12:17 was taking alcohol on the I evening English wine shop Chandan Nagar I stood at the counter and I took the bottle of wine and went into the Hathe then my mobile Vivo B3 which SIM Company A Rilanis SIM 0.9827282063 and other Airtel or SIM. 7415171360 was my cell IME not come. 862738031317532/524 which was placed in the pocket at the top.
32,Police Rajendra Nagar,189/18,"336,323,506,34 Bakdkvik,",Ram Parmar Age 42 years father / husband Budhdaji Parmar resident 646 Harijan Mohalla Bijlpur Indore,"Madan father Budda G Parmar -646 Harijan Mohalla Bijlpur Indore, lotus father ML Parmar -646 Harijan Mohalla Bijlpur Indore, Mahendra father ML Parmar -646 Harijan Mohalla Bijlpur Indore,","646, Harijan Mohalla Bijlpur Indore",22:15 between 02-04-l8 22:15,4/3/2018 0:25,,"Aropio took the family dispute the complainant, Sushila his wife and shot beat his daughter Monica and bricks Fekkr causing them injuries."
33,Police Rajendra Nagar,190/18,"279 Bakdkvik, 183,184,185 Motor Vehicles Act",Whikpiksharma inspector age 55. Father / Husband self. Mr. Arkdiksharma resident station Rajendra Nagar Indore,"Sumit's father Manohar Chokse birthdate 02/16/1989 -26/2 safe street Empress Road Siaganj Main Road station Kautwali District Indore,",Symbol Bridge Rajendra Nagar Indore,00:25 between 03-04-l8 00:25,4/3/2018 2:20,,Accused Maruti Alto MP09CG3818 driver Scott Public route was driving the defiant and dangerously
34,Police Rajendra Nagar,191/18,"379 Badvi,","Shailesh Bhosale age 48 years father / husband Vasudeva Bhosle resident 44 F Budh Nagar, Rajendra Nagar Indore","Unknown punk-unknown,",Chauithram Market Square bus stop Indore,3l-03-l8 19: 0 to 19: 5 between,4/3/2018 10:35,,"An unknown rogue complainant's motorcycle star TBS MP09 MF 5784 chassis number MD625KF5061K69328 engine number AF5K61604063 Model 2006 Color Purple Price took stole housed 10,000 / per location."
35,Police Dwarkapuri,153/18,"457,380 Badvi,","Vidya Sharma, age 41, father / husband Raj Kumar Sharma, a resident in 1997 Wdarkapuri Indore",Unknown crooks -,149 / B-3 Shantinath Puri Colony Indore,"02-04-l8 1: 0, 23: 0 beach",4/3/2018 11:10,,"Two Indian gas tank, silver coins, silver anklets a joint cash Rs 4000"
36,Police Dwarkapuri,154/18,"34, 49A binding. Max,",Rule Trfe police station Dwarkapuri Indore father / husband ----------- resident police station Dwarkapuri Indore,Lucky father Lala Nath age 17 years - Nath Mohalla Indore,"To animate the house, Nath Mohalla Indore",13:10 between 03-04-l8 13:10,4/3/2018 13:45,,Poisonous native raw alcohol a plastic Ken in 05 liters of precious 200 / RS
37,Police Dwarkapuri,155/18,"279, 337 Badvi,","Rule Trfe police station Dwarkapuri Pra Indore. 1305 Lokendra Singh, father / husband ------ resident police station Dwarkapuri Indore",Car car. MP09HB0602 driver -,"Near raw road, Gondwale Dham, Indore",10:30 between 03-04-l8 10:30,4/3/2018 14:20,,"Motorcycle Honda sign No. MP11MA6546 Incheon JC36E0009871 Cacis number ME4JC363E68006958 Kimti Rs 10,000"
38,Police Hatod,51/18,"506., 323.294.34 Badvi",Rajesh father / husband Nandram Skinner Age 20 years inhabitants Skinner Parish Hatod,"Satisfaction father Sitaram Skinner -cmar Parish Hatod, Sunil father satisfaction Skinner, Skinner Parish Hatod, Sun father satisfaction Skinner -cmar Parish Hatod,",Skinner Parish Hatod,10:30 between 03-04-l8 10:30,4/3/2018 11:40,,Accused Gnno the Dons to kill beaten by not one for taking money from the complainant that the matter through her sister that bare naked Galia reported and poles
39,Police Hatod,52/18,"506, 323.294.34 Badvi",Sugnbai father / husband satisfaction Skinner age 40 years resident Skinner Parish Hatod,"Nandram father Mangilal Skinner -cmar Parish Hatod, Vinod father Nandram Currier-Ives Parish Hatod, Rajesh father Nandram Currier-Ives Parish Hatod,",Skinner Parish Hatod,10:30 between 03-04-l8 10:30,4/3/2018 12:40,,One theory about the fact that paying the Aropio blocking the complainant by hitting the beat of bare naked Galia reported and poles and know that the Dons
40,Police Hatod,53/18,"363, 363 Badvi",Lakshmi father / husband Rameshwar race Balai age 35 years resident village Palia station Hatod,"Unknown -agyat,",Friadia home Palia,02-04-l8 4: 0 4: 0 beach,4/3/2018 13:35,,Friadia that girls took an unknown rogue Were seduced by
41,Police Mhow,100/18,"457,380 Badvi,",Arun gardener father / husband Hukumchand Mali age 28 years resident 43 blinking City Telikeda Mhow,Unknown -,Complainant house 43 blinking City Telikeda Mhow,28-03-l8 8: 0 8: 0 beach,4/3/2018 11:20,After returning from a village outside the complainant today dates to the police station came to report on,"An unknown accused hp Company gas cylinder, IDBI inside the complainant's house lock breaking home Took bank passbook and ATM card, Bank of India Pasbuk, based card, pen cards, voter ID cards and old Iste Mali Tapas ears of gold, silver two chains Kimti 10000 stole Rs."
42,Station Kishanganj,157/18,"34 (1) binding act,",Shasntrfe Ajbsih Suni Police Kishan Yadav father / husband --------- resident station Kishanganj,"Vlvnt father Amarlal race coster-Sesi station Kolars Shivpuri district recently Chamunda Hotel Batkedi,",Chamunda Hotel near Batkedi,03-04-l8 8: 0 8: 0 beach,4/3/2018 11:20,,"Illegally 20 quarter in a bag of Kwje the accused was arrested for precious Rs 1,050 native wines Srav"
43,Police Brgonda,137/18,"354 (a) (d) Badvi, 66 C 66 DIT Act",Manzoor Ahmad resident Hadrabadibsti,"Sohail father Shakil Chowdhury age -hadrabadibsti 30 years,",Hadrabadibsti,"02-04-l8 19: 0, 19: 0 beach",4/3/2018 21:55,on time,Accused of Fri 0's wife meddling with his Milnepr the Friadia Later porn message to Friadia making was forged on Facebook?
44,Police Brgonda,135/18,"379 Badvi,","Ravindra Kumar, father / husband Shiva Sharma resident Majdapark Colony Kodria",Unknown -,Majdapark Colony Kodria,25-03-l8 7: 7 0: 0 beach,4/3/2018 12:35,on time,"No bike of unknown rogue complainant took No. measure 0 9vk 718 9 H F D Lux precious stole 10,000 rupees"
45,Police Brgonda,136/18,"379 Badvi,","Amrishs Sharma father / husband Manohar Lal Sharma, a resident Ganesh Kodriay in front of the cold store",Unknown -,Ganesh Kodria in front of the cold store,26-03-l8 22: 0 6: 0 beach,4/3/2018 14:45,on time,"No bike of unknown accused complainant took No. measure 0 9k 81 9 4 Pulsar bike stolen the precious 8,000"
46,Police Simrol,133/18,"34 (1) Excise Act,",Rule Trfe police Simrol father / husband Prkark 812 Pankaj Katare resident station Simrol,"Flute father Bdraeelal Chauhan age 30 year-Harijan Mohalla Simrol,",Harijan Mohalla Nilesh Chauhan behind the house ,18:10 between 03-04-l8 18:10,4/3/2018 19:25,,Illegal as a plastic Kane accused 4 liters hand furnace was found carrying raw Mahua liquor Kimti 200 Rs.
47,Police Khudal,128/18,"279,337 Badvi,","Radha Mohan Sharma, age 51 years of Father / Husband Ram Ji Lal Sharma resident Punjapura station Bagli District Dewas",Eicher car. Driver MP 0 9 GG 1556 -,Between the village Jatpura and Taliakedi,11:20 between 29-03-l8 11:20,4/3/2018 23:15,,"Event Ayashrkr date. MP 0 9 GG 1556 driver by running Tejagti and careless your Eicher and Mjruh radheshyam Moksak of Waskel On collision killed Dijisse radheshyam Waskel hurt in the head, left leg, Dahine injuries came and sat behind Frikradhamohn also Donoparo and both hands on toe."
48,SHO Depalpur,109/18,"4A speculative Act,",Rule Trfe police Depalpur father / husband by Suni Raju Bhatia resident Depalpur,"Sudama aka Suda father Ram eats thread race age 22 years -gram Ataheda, Satish Nagar -gram Murkeda, Vishnu Kluta -gram Ataheda,",Accused in front of the house g Ataheda on Otley,The 03-04-l8 17:30 0: 0 beach,4/3/2018 21:10,,"Accused speculative account caught occupation, 5 speculative points written slip, made a lead seized Ben, 2 mobile and Rs 70 cash."
49,Police betma,177/18,"379,",Smndersih chivalrous age 70 father / husband Kniram Rajput native village bread tree of africa,"Agyat-,",Kohinoor Edge Road betma near Dhaba,The 25-03-l8 17:10 0: 0 beach,4/3/2018 16:10,,Complainant placed in bags and took 17000 Rs stole an unknown accused
