Sl.,Station,Police Crime / Mrga No.,section,The complainant's name and address,The accused's name and address,Event site,Event Date and Time,Permanent date and time,Delays cause permanent,Details including the cause of the incident
1,Station MG Road,101/18,"379,",Rahul's father / husband Kashiram Ambodia age 28 years resident 165 Durga Nagar Mrimata intersection Indore,"Agyat-,",Subhash Chowk Power House Bohra mosque near Indore,13:30 between 28-02-l8 12:30,3/4/2018 16:40,,The moss take stole the location housed the motor cycle of unknown rogue complainant
2,Station MG Road,99/18,"352, 323 294 506",Nikhil Desai father / husband Pankaj Desai age 46 years resident 7 Lodi Parish Jelrod Indore,"Development Indore above alias Vicky father Shatrughan Chauba - 40 Lodi Parish paratha shop,",7 Lodhi Parish Jelrod Indore,04-03-l8 9: 9 0: 0 beach,3/4/2018 11:00,,The accused was assaulted by entering Todfod on the complainant's house and threatened to kill by Nagy Nagy Galia
3,Station MG Road,100/18,"25,",Rule Trfe Police monitored by the Suni Jai Prakash Chaubey father / husband. Resident station MG Indore,"Vicky alias growth father Shatrughan Chaubey 35 years - 40 Lodi Mohalla Indore,",Municipal main gate Indore,11:50 between 04-03-l8 11:50,3/4/2018 12:30,,Accused of illegally were Pakdaya took a knife to Laises red handed without
4,Police Tukoganj,105/18,"25 Arms Act,",Rule Trfe police station Tukoganj Indore ,"Shailendra father Ratanalal Lodi age 20 years failed Indore -19/1 Goma,",Failure of Gonma street no. 1 Indore,04-03-l8 13: 0 to 13: 5 between,3/4/2018 14:05,Return,Without the illegal possession of the accused stab of a sharp iron placed Laisense been seized.
5,Police Tukoganj,106/18,"279, 337 Badvi",Sanjana Verma aged 23 years old father / husband Lilladher Verma hails 192 Jwaran Colony Juni Indore,Riding an auto rickshaw No. MP09 - 4087 Driver -,In front of Axis Bank Y N Road Indore,04-03-l8 19: 5 19: 5 between,3/4/2018 19:55,,Accused rickshaw No. MP09 - Driver's 4087 hit Activa No. MP09UD7610 the complainant running trail fairly quickly and carelessly your auto reported that injured Friadia and his sister.
6,Police Snyogitaganj,84/18,"25 Armsakt,",Rule Trf Police monitored by the father / husband charge 2102 Pradeep Kumar station Snyogitaganj Indore resident station Snyogitaganj Indore,"Sea aka pill father Shrikant race Bhat age 20 years -bat Parish forced Kaluni Juni Indore,",M Y H feature home Indore,04-03-l8 12: 5 12: 5 between,3/4/2018 12:50,,Sharp edged knife of iron taken illegal possession of the accused seized the Kitmi 200 rupees.
7,Police Snyogitaganj,85/18,"279,337 Badvi,",Brij Mohan father / husband Sunbeam Karan Somani age 44 years resident of 74-C Vandana Nagar Tilak Nagar near Indore,Unknown driver -,St. Man Road Indore front Refiyl schools,14:30 between 04-03-l8 14:30,3/4/2018 17:15,on time,. Today its Skutr Aktiwa on dated 04.03.2018 No. MP09 SK 9577 coming from his home in front of Vinay Nagar RT O Road was going on when St. Refiyl schools back led only unknown driver by speeding up your vehicle and casually brought running trail Orh hit back on my Aktiwa.
8,Police Snyogitaganj,86/18,"323,294,506,34 Badvi,",Lucky father / husband Yogesh Sharma age 19 years resident 43 Ambika Nagar police station Kjrana Indore,"Ashish Sharma -C RP line Indore, Prakash Joshi -C RP line Indore,",C RP line bless the house Indore,23 04-03-l8 23: 5: 5 between,3/4/2018 19:20,on time,"I was going by train to his home when Sonu alias blessing and Prakash Joshi, who called her home several RP line and me asked who killed Gopi I said that blessing so I do not know alias Sonu and Prakash Joshi me naked began to bare Galia so I refused to give Galia light began to beat him to death Thppdo hit then I hockey Stika and Ashish alias Sonu me kill crow bars of iron beating The Ia threatening to kill."
9,Police Snyogitaganj,87/18,"379 ipc,","Shahzad's father / husband, Salim Khan caste Muslims aged 31 years resident 25 Firdos Nagar police station Azad Nagar Indore",Unknown -,"Camp in front of the secret, or Maine Road Indore",18:45 between 08-02-l8 18:30,3/4/2018 20:00,,An unknown rogue complainant's Skutr Hero duty No. MP09 UA 9004 E Knan. Took JF33AAGGC12869 Caknank MBLJF16ESGGC09446 model 2016 white color Kimti around 5000 / stolen
10,Police Plasia,73/18,"379, Badvi",Jagdeo Yadav father / husband Ramkishan Yadav age 30 years resident 100 Yadav Nagar Musakedi Indore,Unknown -,"Eureka Hospital, Saket Nagar Indore behind",The 03-03-l8 13:45 14: between 0,3/4/2018 18:00,While looking around the report not meet,An unknown rogue complainant motor cycles Hero Ac.afkdilks NO. MP09VF5703 mother 0.2017 Color Bi.askvik Silver Kimti 25000 took stole housed position.
11,Police Vijayanagar,151/18,"379,","Devi Singh, father / husband Khushilaal Lodi race Lodi resident 44/1 Malviya Nagar Indore recent address Nipania Kakd Holy Family Public School near Indore","Agyatk-,",Cemeteries Bmori Indore outside pier,08-02-l8 13:30 to 14: 0 beach,3/4/2018 12:40,,"The accused did not bike Hero Deluxe Fri 0. MP09.QL.3674 Cheknank MBLHA11ALE4K15644 Innan. HA11EJE4K14542 color black red model, 2015 Saya live behind the hotel Legya to Churak the crematorium Bmori."
12,Police Vijayanagar,152/18,"324, 323/504",Complainant Arun father Lkshminaray Kushvah age 42 years resident 82 Sun Jagrti city Indore,"Sky Father, Teen Tamboli age 23 years resident 81 Sun Awakening Nagar Indore -",Sun Jagrti city Indore,04-03-l8 22: 0: Beach,3/4/2018 14:40,After Medical,Dated 03/3/18 came under the influence of almost sky wine night at 10.00 and Bevjay began to call me names Gupta I said abuses Gupta is why. I'm on this thing hurt to hit the thigh of my left leg from a Nukili thing. After I came to report medical.
13,Police Vijayanagar,153/18,"379,","Vijay Verma 31 year resident father / husband Srirampal Verma, a resident of 329 street number. 3 Jaiprakash Nagar New Delhi Dultpura Ukprkhal address 396 Shyamnagar Maine Hiranagar Indore","Agyatk-,",Malhar Mega goods outside parking Road Indore,20:15 between 02-03-l8 19:30,3/4/2018 18:35,,Accused Fri 0 bike Pulsar 180 cc No. UP14.AP.4597 Cheknank MD2DHDJZZPCL13029 Inknank DJGBPL18387 Color Black Model Legya stolen from the crime scene in 2008.
14,Police Lsudia,207/18,"379 Badvi,",Dinesh Goswami father Suresh Goswami age 35 father / husband Suresh Goswami resident A-9 peace pool Rose Garden Indore 7747848394,Unknown -,Mr. Ichchhapuarn Balaji temple Dewas Naka Indore,0l-03-l8 20: 0 and 21: 0 beach,3/4/2018 12:45,,Unknown accused took the complainant's bike Bajaj CT stole 100 S. MP09MK6231 to be standing position.
15,Police Lsudia,208/18,"13 Gambling Act,",Rule Prkark by Trfen police 147 Govind drawn station Lsudia Indore father / husband station Lsudia Indore-based station Lsudia,"King's father Pappu Baghel age 22 year-Bjrngnagr Kakda Indore, sage father Broseelal Chopdaa age 18 years -bjrngnagr Kakda Indore, Rakesh father Ramesh Panwar aged 18 years -bjrngnagr Indore Ajay father Babulal Saxena age 38 years -rahulgadhinagr Indore",Disappeared Bihari Colony Indore temple of mother,L7-02-l8 17:20 between 17:20,3/4/2018 18:50,,Aropiyan seized seeking stakes win lost Rs money from leaves Lgarkr cards from illegal gambling were the cards that total cash 600 / RS and 52 cards from the possession game.
16,Police Lsudia,209/18,"34 Avkari Act,",Rule Trfe police station Lsudia drugs are Prkark 147 Govind Kichi father / husband station Lsudia resident station Lsudia,"HR father Lllu Rathor Age 20 years Bjrngnagr Kakda Indore to governmental schools,",Martin weighed fork Bjrngnagr Kakda Indore,04-03-l8 20: 5 20: 5 between,3/4/2018 21:05,,The possession of the accused HR illegal country liquor 19 quarters seized.
17,Police Kjrana,190/18,"452, 294 323 506 altogether",Reina Kushvah father / husband Krnsinh Kushvah resident 42/3 B Ramkrirshnbag Colony Kjrana,"Rme term Jaiswal - Ramkrshnbag,",42/3 B Ramkrshnbag Colony,The 04-03-l8 18:30: Between,3/4/2018 20:20,Arrives Friadia,The accused threatened to kill that said the Friadia know your house has me selling go broke beat home the bare naked Galia refusing to even go Siddiqui
18,Police Kjrana,188/18,"323,2,94,506,34 ,,","Lokesh father Mukesh Meena father / husband, father Mukesh Meena resident Bob L'Kshminagr Kjrana Indore","Raju -Everyone Sidi city Kjrana Indore, Sky -Everyone Sidi city Kjrana Indore,",Hrsidi city Kjrana Ndur,03-03-18: between 22:30,3/4/2018 0:30,,Complainant given Raju threatening sky Jat also beaten up without talking to explain the bare naked Glaia to get talked about her sister in Hrisidi city and his father beat him and his life
19,Police Kjrana,191/18,"304-A.,","Rule Trfe police station Kjrana Jial Indore father / husband ,, resident,",Bike car MP 0 9 QS X 1060 Driver -,Shugra Gardne Road Kjrana Indore,02-03-l8 19: 0: Beach,3/4/2018 23:00,,Charged motor cycle driver Krmkpi. 0 9 QS x 1060 of Chalkne been hit brought running speed and Laprawahi Purwk your vehicle Vjunad age 2 years Nki 6 months to Junaid's death Hogi
20,Police Kjrana,43313,"174 Jakfo,",Sik.amko Sunil Mishra Bambe Hospital Indore father / husband .. resident.,Unknown -,,The 04-03-l8 3:15: Between,3/4/2018 8:05,,Deceased Sanjay Sindhe father Vinod ages 2 to 9 years Nki 47 B Maya Puri Colony Kjrana Indore has joined Intention to treat wounded with a knife myself so Dziki Durane treat death Hogi
21,Police Kjrana,43344,"174 Jakfo,",Dr. Ctor Naseem Khan Bombay Hasptl Indore father / husband .. resident ..,Unknown -,,The 04-03-l8 10: 0: Beach,3/4/2018 11:25,,"Mritika Shurbi Shukla husband Shivam Shukla age 27 years free. New Hrsidi picked up Fassi town Kjrana Indore house, which went to his death"
22,Station Tilak Nagar,75/18,"323 294, 506",Urmila Saoner father / husband Raju Saoner resident 42 B block Idea multi not scheme. 140 Indore,"Raju's father Dasaratha Saoner age 30 -42 B block Idea multi not scheme. 140 Indore,",42 B Block Idea multi not scheme. 140 Indore,04-03-l8 22: 22: 0 between 0,3/4/2018 22:30,,Today's date was the husband drunk in Friadia and said that the food my dad did make this Friadia said now was to Hu. That's what I took finger injury right hand Friadia the assault began to slap and beat bare naked Galia Ma sister. AND gives the accused the day came fresh threats Gloch and life.
23,Station Tilak Nagar,71/18,"279 337,",Afzal father / husband Mohammed Gyas resident 63/3 Dultganj not the street. 03 Indore,Car No. MP 0 9 CP 3581 of Chalika -,Piplyahana intersection Indore in front of a sun popadum,13:40 between 04-03-l8 13:40,3/4/2018 18:20,,"Accused his car up and running casually Fri 0 car or car. MP 0 9C been hit in the UK 7252, which led to injury in the right hand of my mother Mazhar Sultana."
24,Station Tilak Nagar,73/18,34 MP Excise Act 1915,Rule Trfe Uni Dilip Singh Gaur father / husband Station Tilak Nagar Indore-based station Tilak Nagar Indore,Jitu father Tulsiram Jrele Dholi -143/3 agreement Nagar Indore,Common Road Indore front Agreement city vegetable market,10:55 between 04-03-l8 10:55,3/4/2018 12:00,,"1 9 Quarter of country liquor from the possession of the accused seized precious Rs 1,140."
25,Station Hiranagar,133/18,"324294506, Badvi",Sanjay father / husband Nanuram Jope resident Amrapuri Colony Bhangarh Indore,"Ashok father fun Ram Bhil -amrapuri Colony Bhangarh Indore,",Amrapuri Bhangarh Indore,03-03-l8 22:30 between 22:30,3/4/2018 16:50,,The accused threatened to kill the reported and assaulted the complainant bare naked abuse of the mother's sister.
26,Station Hiranagar,134/18,"279, 337 Badvi","Shikha Verma father / husband Vinod Verma, a resident of 223 Shyamnagar Indore",Car No. M p 0 9 C U 0610 driver -,"Piper, or in front of Indore",03-03-l8 16: 0 and 16: 0 beach,3/4/2018 18:40,,Accused driver had hit the complainant running trail speed and carelessness of your vehicle hitting hurt Phuchai
27,Station Hiranagar,132/18,"279, 337 Badvi","Narayan Solanki father / husband Bdraeelal Solanki, a resident of 380 Devnagr Plasia Indur","The driver of the Honda Shine motorcycle without number -----,",Front accessible complex readymade Kamplekske Pasindur,12:15 between 22-02-l8 12:15,3/4/2018 12:15,,Accused Honda number of drivers without Shine caused by hit and hurt the complainant running together in your vehicle speed and negligence
28,Police Baanganga,237/18,"379,",Durgesh father / husband Inndrakumar Rtlani resident 146 Lotus Park City Indore,"Agyat-,",146 Lotus Park City Indore,04-03-l8 18: 22: 0 between 0,3/4/2018 19:50,Talas,Mo by unknown accused. Sl. MP09QN9003 Pulsar added Agarwal. DHAV0FD64318 Jeknk MD2A11CZ90FCD88140 was stolen away from the 146 Lotus Park City Indore
29,Police Ajhadnagr,76/18,"279 337,",Shasntrfe police station Agad city father / husband. Resident station Azad Nagar,Car No. MP -15 C. A-4 9 1 9 Driver -,Piplyahana intersection Indore,26-02-l8 1: 1:15 between 0,3/4/2018 11:20,,The accused driver Phuchayi hurt kill your vehicle quickly and casually bump Mjruh running Purwk said.
30,Ajhadnagr,77/18,"354,323 Badvi","Manbhadur Thapa resident Yadav Nagar, Azad Nagar",Saroj father Gopal Thapa free-Yadav Nagar Indore,Msania Road Yadav Nagar,From 04/03/18 13:30 between 13:40,3/4/2018 15:45,on time,The accused was handed caught and get harassed by the bad intentions of the wife Fri 0.
31,Police Tejaji City,90/18,"279 Badvi,",Sharp Mathur father / husband Pankaj Mathur resident Ushanagr 720 Main Road Annapurna Indore,Car car. MP 14 cc 0328 Driver -,Ralamandl Crossing Bypass Road Indore,21:30 between 04-03-l8 21:30,3/4/2018 23:10,On the station's plaintive,Charged car car. MP 14 cc 0328 driver harmed hit the car on the complainant's car
32,Police Tejaji City,91/18,"36 of the Excise Act,",Rule Uni Rajesh drugs are Trfe police Tejagingr Davar father / husband's name Resident station Tejagingr Indore,"Shubham's father Bhola Tripathi ages 1 to 9 years Indore front Bilawali pond above -kshis eatery,",New Punjabi Dhaba Tejagingr Indore,04-03-l8 23:30 between 23:30,3/4/2018 23:55,Return on permanent,Accused Dhaba operator illicit liquor to customers at their eatery serving red handed caught
33,Police Ravji market,82/18,"327, 294/506 Badvi",Kudos aka Shorty father / husband Raghunath Balekr residents forced Colony Indore near Shubham Complex,"Pankaj father Gmmulal Varma-Nikjbrn Colony Indore,",Community recent front forced Colony Indore,03-03-l8 15: 0 and 15: 0 beach,3/4/2018 13:30,On the station's plaintive,Accused the Dus of hitting hurt illegal featured and beating the bare naked Galiyan mother and sisters when not demanded Rs for drinking from the complainant and lives.
34,Police Mlharganj,99/18,"324, 323,294,506,34 Badvi.",Sunbeam father / husband Smbhulal Loyt resident 17 Rajmohlla Harijan Colony Indore,Vinod Sulnki father saved Sulnki -indranagr Indore. Jitu Sulnki -indranagr Indore,Indranagar Berubaba Temple Street Indore,04-03-l8 22: 22: 0 between 0,3/4/2018 23:40,In the police station took,"Event Date accessed on Fri 0 son Prabhat Moza accused Jitu feet touch Hogi accused of the same thing by Fri Fri only of Maript with 0 Son 0 and his brother, the scene then accused Fri 0 hit with a sharp object and Fri 0 the brother sword killing threatened to kill his injury Phu?chai aND obscene abuses."
35,Thana Sadar Bazar,74/18,"279, 337 Badvi, 184 Mokwhi. Act","Vivek father / husband Santosh Kumar Jain, a resident of 185 beautiful city Maine Suklia Indore",MP09GE1539 driver --------------;,Indore front of 15 battalions petrol pump,7:10 between 04-03-l8 6:10,3/4/2018 7:45,on time,"Accused driver had his vehicle speeding, negligence and dangerously running went to hit the side on a motorcycle to the complainant which damaged motorcycle sustained and plaintive injury in the left leg by falling down the complainant."
36,Police aerodrome,138/18,"294.506.34 Badvi,",Vikram Singh father / husband Cmpalal Panwar resident 23 as city Indore,"Nandlal alias Nandu -gadhi Malviya Nagar police station Gandhi Nagar Indore, radheshyam -gadhi Malviya Nagar police station Gandhi Nagar Indore",Roop Nagar Friadia house Indore,03-03-l8 17: 0: Beach,3/4/2018 1:10,,Aropian by threatening to eliminate Friadia the dirty filthy abuses reported and learn to live so Friadia had set fire to himself by putting kerosene
37,Police aerodrome,139/18,"379 Badvi,",Silver father / husband Sanjay Sharma hails 9 Paramhans Nagar Small Bagdda Road Indore,"Unknown person-unknown,",Getke near Indore outside Vidhyadham temple,0l-03-l8 10: 22: 0 between 0,3/4/2018 12:40,,An unknown person has been taking drugs are stolen
38,Police Annapurna,90/18,"279 Badvi,","Rakesh Trivedi father / husband Ghanshyam Trivedi resident age 55 years free. 11 BN Chaurasia sector Sudama Nagar, Indore",Loding Riksa NO. MP45-G-1016 Driver -,"11 BN Chaurasia sector Sudama Nagar, Indore",04-03-l8 8: 0 8: 0 beach,3/4/2018 14:15,,Loading rickshaw driver Nukshan to hit the car in a car parked by the complainant.
39,Police Annapurna,91/18,"279 337 Badvi,","Nilesh Verma father / husband Dinesh Verma, resident age 30 years free. 502 Mali Full Bijlpur Indore","Unknown car Chalk-,",In front of the New World Press RTO Road Indore,The 03-03-l8 14: 0: Beach,3/4/2018 17:35,,Complainant event date was going with his mother Pushpa his motorcycle when shot Tkkr an unknown car driver motor cycle by the complainant on RTO Rohd that after recruitment injuries which Yunik hospital the mother of the complainant and the complainant complainant of the police report
40,Police Annapurna,92/18,"379 Badvi,",Vishnu Yadav father / husband khemaraaj Yadav resident age 30 years resident 25 Bhagwati Nagar electronic Kampleksh Indore,Unknown -,Usha Nagar Ketelaijr class near Indore in the street,27-02-l8 11: 0 and 15: 0 beach,3/4/2018 19:05,,"Accused Moza has Fri 0. Hero 0 Pension Plus MP 09 MQ 6662 E -37545, -05185 Che Legya stealing precious 15 thousand."
41,Police Dwarkapuri,101/18,"457, 380 Badvi,","Ashok Singh age 50 years father / husband Balbir Singh Chauhan, a resident of 43 B Prajapat city Indore","Agyat-,",43 B Prajapat city Indore,2:30 between 0l-03-l8 1:30,3/4/2018 19:40,,"Moto G mobile EMEI 354144071195034 is, iCal mobile EMEI 358850086967060 is, and Nokia's old mobile and Rs 5,000 kept in wallets"
42,Police Hatod,40/18,"323 T The V, 294, 506 T The V",Ramkishan father / husband Nathaji Chauhan race Bami resident grams Budania,"Malkhan aka Father Brown Mangilal Krtala race Bami-gram Budania,",Friadi the front of the house g Budania,"03-03-l8 19: 0, 19: 0 beach",3/4/2018 0:05,In the complainant Drawara Pirort,Home of accused Malkhan from outside to sit aka Brown was the complainant injury under knee Pannje and right foot to the left hand hit the poles and Galiya mother sister
43,Police Hatod,42/18,"323 Bakdkvi, 294,506,34 affected the V",Prahlad's father / husband Salmond Solanki race Pardi resident grams Satlana,"Hari dad higher Singh race Pardi -gram Satlana king father Rama race Pardi -sdr Chander father Peera G race Pardi -sdr,",Complainant's house in front of the village Satlana,"04-03-l8 20: 0, 20: 0 beach",3/4/2018 22:30,In the report by the complainant,"Complainant's house was only women Gloch abuse on themselves that if Aropign said that women whom abuse is Gloch and complainant of the bare naked Aropigno the poles to convince the Galiya, beat the bottle and hand Mukco beer so plaintive front bottom teeth were broken and the complainant's mother Kaveri Bai hit on the elbow of the right hand bottle of beer, which threatened to kill the injuries and death"
44,Police Hatod,41/18,"337 Badvi., 279,337 Badvi.","Amrsih father / husband Driavsinh caste Rajput, a resident of village Jindakeda station Chandrawati Ganj","Maruti car. MP 0 9 CL 1512 -agyat,",In front of the new population Palia Road Hatod,12:30 12:30,3/4/2018 13:30,,The accused driver Krn.am p 0 9 CL 1512 his vehicle Tejagti and negligence running complainant Amar injury Phuchayi on the hit to the head and both legs
45,Police Mhow,71/18,"420 Badvi,",Mrs. Alka Sharda father / husband Ajay Sharda age 48 years resident 831 Rajagli Mhow,"Two unknown person of a motor Saikil,",Fri. Shop Kti Giftoriam Gupta Bakery has Hrifatk Mhow,04-03-l8 13: 0 and 13: 0 beach,3/4/2018 22:15,On the station Friadia,Friadia Mrs. Alka Sharda husband Ajay Sharda age 48 years free. 831 Rajagli Mahu went about presenting a written application that an unidentified motor cycle with two unknown persons Chan gold treachery by deception Friadia 1 piece and 2 ring. The written application was registered crime.
46,Station Kishanganj,111/18,"341 ,, 294,323,506,34 Badvi",Jitendra race Harijan age 28 years father / husband Ambachandn in Sjnsih resident,"1. Hriram father Devsih -gram Ambachandn, 2krajkumar father Hriram-gram Ambachandn, 3. Krishna father Hriram-gram Ambachandn. Narendra father DIN Dyal- grams Ambachandn,",Near Mother Temple Village Ambachandn,8:30 between 04-03-l8 8:30,3/4/2018 11:00,,Aropigno have beaten the complainant Jitendra way preventing mother sister naked naked Galiyan reported and hand Mukco and rod come to save mother's plaintive Prahlad then beat him so threatened to kill the complainant and hurt his mother and lives.
47,Thana Manpur,59/18,"279, 337",Kamal father / husband Gurumuk hero resident Kumti Thana Manpur,"Chalk- the MP 09 GE 5771,",Abbey Road grams foot Talav Thana Manpur,18:30 between 03-03-l8 18:30,3/4/2018 16:30,On the report of the complainant,Accused Eicher NO. MP 0 9 GE 5771 driver their vehicle fast speed and Lapr Wahi trail running No. bike of Ristedar the complainant said. MP 0 9 ML 0322 hand ups to Ristedar Premchand collision killed so plaintive loudly behind rib inflicting injuries on the right foot and toes and ups sitting Ram behind and head shoulder and both legs
48,Police Simrol,83/18,"279, 337",Shaktkpulis Simrol Father / Husband charge 0.314 Tejram Chauhan resident station Simrol,Just no. MP 10 P 5055 Driver -,Front Gwalu petrol pump,17:30 between L7-02-l8 17:30,3/4/2018 13:40,,Accused majarooh simply running speed and careless Bharat father Hukumchand 55 years free. Mortkka District Moksak of Khandwa Sl. MP 0.0 9 Q ??250 9 on the hit from the front so Roksak engaged police Plasia head injury and facial Bharat sitting behind The investigation went to permanent.
49,Police Simrol,84/18,"34 (1),",Shaktkpulis Simrol father / husband Uni.askarkrawat resident station Simrol,"Victory father Ganesh age 35 years -simrol,",Simrol front Matamndir,04-03-l8 17: 17 0: 0 beach,3/4/2018 20:40,,4 liters of possession of accused raw Mahua went wine Kimti Rs.250 Jpti.
50,Police Simrol,82/18,"452, 323 294 506",Laxminarayan age 65. Father / Husband CHUNILAL skills Lodi resident Uttedia,"Pradeep father Jagdish skills -uttedia,",Complainant's Uttedia house,19:30 between 03-03-l8 19:30,3/4/2018 12:55,,Accused Dus kill was beaten by hand Mukco by bare naked Galia took the old controversy Frikke entered her sister's house and learn Fri. Hurt in the head
51,Police Khudal,85/18,"304 A Badvi,","Rule Prkark by Trfe police Khudal 2420 Suresh Pwar station Khudal District Indore father / husband ,, resident station Khudal District Indore",Unknown driver -,Indore Nemawar Road Ideal poultry farm front Atmil station Khudal,"04-ll-l7 23: 0, 23: 0 beach",3/4/2018 20:45,Mrga went to the permanent check.,Event Date unidentified driver rammed into the unknown male aged about 28 years old that went died in Dorane treatment Mwayac.
52,SHO Depalpur,70/18,"279,337 Takhik ,",Bahadur Banjara father / husband Dalla Banjara age 35 years resident grams Tkipura,"Mo. Sa. Sl. MP. 0 9m x 45 99 driver Ramesh -pita Ratanalal race Tailor free. G Sgdod station betma,",G Tkipura complainant's home front Common Road,9:30 between 02-03-l8 9:30,3/4/2018 17:55,On the station after cure,Accused Moksak Sl. MP 0.0 9m x 45 99 driver had hit his vehicle at high speed and negligence running Frikke guys Sachin age 12 years Jiisse Mjruh had injuries on the head and face
53,Police gautampura,39/18,"Badvi 457.380, 457.380 Badvi",Dr.. Aditya Sharma father Kashinath Sharma caste Brahmin age 54 years father / husband Kashinath Sharma resident government Pshi hospital gautampura,Unknown -,Government Pshi Cikitslay gautampura,03-03-l8 20: 0 to 8: between 0,3/4/2018 16:50,,Koa breaking Nakucha doors of unknown rogue handout Pshi hospital gautampura liquid nitrogen container 03 liters Nos 2. Seaman took doses (Wary) just 6 9 8 Dodger
