Sl.,Station,Police Crime / Mrga No.,section,The complainant's name and address,The accused's name and address,Event site,Event Date and Time,Permanent date and time,Delays cause permanent,Details including the cause of the incident
1,Police Tukoganj,142/18,"379,",Rajendra Singh by the father / husband's father Ram Dev Chaudhary age 34 years resident of 19 Sky says kindergarten Reseedensi area station Azad Nagar Indore,Unknown -,HDFC Bank's Alley South Tukoganj MG Road Indore,21:30 between 26-03-l8 20:45,3/31/2018 12:10,Talas stayed at not meeting did report dated today.,Honda Aktiwa car of the complainant by unknown accused. RJ14VS1561 Chassis no. ME4JC445BA8395l45 engine no. JC44E0496326 Model 2009 was stolen away from the color BLACK precious 15000 / kept for Rs.
2,Police Tukoganj,143/18,"279,","Arun Kumar Jain father / husband, father Cogml G Jain age 57 years resident 82 mode Nagar Indore MOBA.","Car NO. Chalk- of MP09CX7879,",New Plasia Indore near the bridge in front of Dhobi Ghat,14:25 between 3l-03-l8 14:25,3/31/2018 15:55,,Charged car NO. MP09CX7879 the driver complainant car NO. MP09CB9244 hit drove fast and recklessly Purwk given which was damaged by eating car wound.
3,Police Plasia,101/18,"279, 337 Badvi","Rule majarooh Liladharsinh father Trfe police Plasia / husband Govind Singh Chauhan age 41 years resident 77 Patel Bagh Colony, Indore","Motor cycles NO. Driver's MP09VF5142 ------,",Kjrana intersection Indore,27-03-l8 8: 0 8: 0 beach,3/31/2018 13:55,Went to permanent after checking Sanhe,Complainant said motor cycle motor cycles NO in NO. MP09MZ0959 said. MP09VF5142 driver hurt to hit on brought running trail Tejagti and negligence on their motor cycles and motor cycles so.
4,Mahila Thana,52/18,"498A, 323, 506, 34 Badvi",Arpita husband Prince sat age -37 years free -375 Mahalkshminagr Indore,"1-Prince father Vishnu seated R-block B fourth floor Pirajas post Jas Bokari Jharkhand, 2-Rukmni husband Vishn seated, 3-Vishnu seated free 0 Sadar",Block B fourth floor Pirajas post Jas Bokari Jharkhand,From 03/05/12 to 31/03/18,3/31/2018 17:45,,Aropiyean was tortured by Fri 0 demanding 10 million rupees Fri 0 physically and mentally for dowry.
5,Police MIG,224/18,"379,",Taracndra father / husband Kallu Srivastava resident 200/12 Patnipura Indore,Unknown thieves -,Patnipura Common Road Bhairon Baba Indore near Sai temple,3l-03-l8 4: 0 4: 0 beach,3/31/2018 10:55,Come on station Friadi,Fryadi the No. Your Magic car. MP 0 9 / T / 6863 Patnipura Common Road Bhairon Baba was standing at Indore near Sai temple in which to get a Kgyat thief ACM battery taped to Panncs speaker and close on standing jack tape speaker battery side glass and another van Omni and others the same was kidnapped
6,Police MIG,225/18,"323, 294,506,34","Lakshmi father / husband Lakhan Chauhan, a resident of LIG Colony Indore","1 Ramavd 2 huge 3 Ramanot 4 Abisek-small Kjrani Indore,",Little Kjrani Indore,22:10 between 3l-03-l8 22:10,3/31/2018 23:20,Come on station Friadia,Aropigno be defended old dispute between the Friadia ranging brother King breast Friadia Bhnki Nginn Ngin abuses reported and assault Aropigno kill the Friadia also Ngin Ngin mother's sister Gilian reported and pushed lives are being Muki do and beat threatened
7,Police Vijayanagar,225/18,"279, 337","Rule Trfe police station, Vijay Prakash father / husband by city fathers shankaralaal Mrmt age 55 years inhabitants Mayapuri Bholenath temple not have cell near the station Kjrana Indore (complainant)",Vehicle No. KMP-09-GG-6064 Driver -,Ramkrishnbag Chaurah Malviynagr Indore near Berubab Temple,The 3l-03-l8 17:30 0: 0 beach,3/31/2018 22:25,,"Was Pjibd crime Dahati Nalsi by Mjruh complainant told to get in Malwa bicycling was his home as well as in Ramkrishnbag Chaurah Berubab temple near Lodig car's four-wheel behind Malviynagr led only .MP by-09-GG -6064 driver of the rear head I fall brought drove fast and recklessly Purwk to your car and hit the back of my bicycle to fall down, too Aye got injuries in the shoulder and body"
8,Police Vijayanagar,224/18,"25 B. Arms Act,","Rule Suni Singh Rajput won by Trfe police Nagar Indore father / husband ,,,,,,,,,,,,,,,,,,,,,, resident Vijay Nagar Indore","Lijin father adorned age 22 years Accommodation Tadia Nikit House Queen Drink 302 Dgadi entitlement City Kerala recent residence 500 Krishnbag Colony Indur-,",Bmuri Indore to TP,The 3l-03-l8 1:30 0: 0 beach,3/31/2018 2:35,,An iron dagger from the possession of accused length of the fruit size-negotiate the sharp edge 10 inches and Mut length of 5.2 inches width of fruit 2 inches total length of 15.2 inches has seized the According postmortem Jpti shut Jpti chit by COB on skewers
9,Police Lsudia,282/18,"457,380 Badvi,","Navdeep Singh father Mohinder Singh Age -21 years father / husband Mohinder Singh, a resident of 493 Nirjnpur Khalsa Square Indore Moknk 8770843044",Unknown -,493 Nirjnpur Khalsa Square Indore,30-03-l8 20:30 between 20:30,3/31/2018 12:45,,"Today dated 31/03/18 which came on the day when I visit 493 Nirjnpur Khalsa square my house, had broken the lock in visiting seen laid in my house, had broken the lock on both wardrobe which kept things a chain of gold HCL took an unknown person stole the Tevlet company"
10,Police Lsudia,283/18,"294,509, Badvi,",Worship ahirwar father only ahirwar age -18 years old father / husband only ahirwar resident Amrit Palace Nipania Indore Moknk 7869303107,"Nandkisor father Jankeelal Sen. age 26 years -15/6 damaru master intersection Pardeshipura Indore,",Elixir Pailesnipania Kakd Indore,The 30-03-l8 0: 0 0: 0 beach,3/31/2018 13:20,At the time of receiving the application,"Accused not your mobile. Moknk Friadiya worship 9109850501,8817327031,6260362422 bothered by Aslil Galiya the Ahirwar."
11,Police Lsudia,284/18,"454,380 Badvi,",Sony beloved father Uma Shankar Soni age 37 years Father / Husband Uma Shankar Sony resident Mkn 0.402 Gulabbag Indore Moknk 9584633370,Unknown -,Mkn 0.402 Gulabbag Indore,14:15 between 3l-03-l8 14:15,3/31/2018 19:55,,"Accused the lock of the house of the complainant breaking Taps after entering the ear at home, Sony Company LED took a 40-inch, 22,000 rupees cash stolen."
12,Police Knadia,124/18,"379,","Mahendra Mndloi age 30 father / husband, father Mohanlal Mndloi resident pro. Village Chief afterbirth Khudel Indore Moknk",Unknown -,Jlaria Road Knadia Indore near the complainant's farm,19:30 between 29-03-l8 19: 0,3/31/2018 17:20,,"Scooter Honda AMCYSC the complainant car. MP09 / UF / 2383 Chassis no. ME4JF651KG7050482 engine not JF65E70050516 red model 2016 Kimti 20,000 took an unknown crooks stole Rs."
13,Police Pardeshipura,172/18,"34 Excise Act,",Rule Trfe cop father / husband with by Suni. Shivnarine Kocle resident station Pardeshipura Indore.,"Mukesh father Chauthaml Bageria age 32 years -ni 0.147 / 11 coli Mohalla Indore,",Lalgli Pardeshipura Bairwa Indore to religion school,3l-03-l8 22:30 between 22:30,3/31/2018 23:35,,The accused were to be seized illegally sell alcohol caught 19 white native wines from occupation quarter at 180 ml each quarter total Kimti 950 / Rs.
14,Police Baanganga,317/18,"363 Badvi,",Nbu Kushwaha father / husband Dedalal Kushwaha age 55 years resident of Gali No. 2 Durga Nagar Kushvah city Indore,"Agyat-,",Gali No. 2 Kushvah City,The 30-03-l8 13: 0 0: 0 beach,3/31/2018 16:15,,"Complainant's granddaughter Giha said left without telling my house, Natin."
15,Police Juni Indore,153/18,"363,",Umesh Soneja age 42 years old father / husband Gagan Das Soneja resident 230-R. Khatiwalatank Indore,Unknown -,230 R. Khatiwalatank Indore,30-03-l8 18: 18: 0 between 0,3/31/2018 4:20,The police come to complainant,An unknown person any son of complainant Nitesh Soneja father Amesh Soneja age 15 R 230 R. Khatiwalatank been kidnapped by caresses scorch men Indore
16,Police Juni Indore,154/18,"34 Excise Act,",Rule Trfe police Suni monitored by police Juniindur Mrks Toppo father / husband. Resident police station Juniindur,"Vicky Glani father sevaram Glani resident -100/02 Barathi Colony Indore,",Sadhu Vaswani City Garden District near Indore,3l-03-l8 15: 0 and 15: 0 beach,3/31/2018 15:55,,Was seized from the possession of the accused police monitored by 25 quarter-native worst plane sealing off Kimti 1375 / - Rs told that not having license License ask about. Apkdhara 34 were registered in the interpretation of the Excise Act
17,Police Juni Indore,154/18,"34 Excise Act,",Rule Trfe police station Juniindur father / husband. Resident police station Juniindur,"Vicky Glani father sevaram Glani -100/02 Barathi Colony Indore,",Sadhu Vaswani near the city garden,3l-03-l8 15: 0 and 15: 0 beach,3/31/2018 15:55,,Said the possession of the accused native 25 quarters with by police closed wine plane seal Kimti which went to 1375 Rs seized License ask license not be subject taken into account to establish the offense found the offense under Section 34 Excise Akt
18,Police Bnvrkuaan,204/18,"379 Badvi,",Kamal Singh Chauhan father / husband's father Madan Chauhan age 32 years resident 76 sense Municipal Khandwa Naka Indore recent 50 Indrapuri Colony Indore,"Agyat-,",50 Indrapuri Colony Indore,3l-03-l8 10:30 to 11: 0 beach,3/31/2018 12:40,At present police arrive complainant,"Moksak an unknown rogue complainant Hero HF Deluxe No. MP09VB6792 Caknk MBLHAR056H9F38177 Iknk HA11EPH9F10705 model has 2017 vertical color black precious Rs 15,000 nearly took stolen from hotel"
19,Police Bnvrkuaan,205/18,"363 Badvi,",She left the father / husband Anil Fulmali age 38 years resident 64 Vishnupuri Deen Dayal Indore near the water tank,'Ayush Jain -. Vishnupuri Indore,64 Vishnupuri Deen Dayal Indore near the water tank,29-03-l8 14: 0 and 14: 0 beach,3/31/2018 15:50,Missing No. 50/18 of permanent Prse,Accused Fri 0 daughter took caresses luring with them.
20,Police Pandhrinath,63/18,"8/22,",Rule Trfe Police monitored by Uni Pravin Thackeray father / husband. Resident station Pandharinath Indore,"- Sun father Lalchand Priani age 26 years -33 Biabani Churn khaki Gawali Indore,",Gangaur Ghat shrine near Indore,13:10 between 3l-03-l8 13:10,3/31/2018 16:30,,"Accused Ravi father illegally from Bacte all 04 15 tablet on leaves Alprazolam Tablets mfd.by PANSUN PHARMACEUTICALS, met Prtyak the PANPRA0.5 tablet occupied Lalchand Priani been seized light pink color cost 200 bucks."
21,Police Mlharganj,150/18,"323, 294,506,34 Badvi.",Suresh father / husband Bwanisinh Chief Resident 253 Kdabin Mlharganj Indore,"Mahendra -253 Kdabin Indore, Sanjay -253 Kdabin Inndur, Aman -253 Kdabin, Jagdish -253 Kdabin Mlharganj Indore, Mamata -253 Kdabin Mlharganj Indore, Manju -253 Kdabin Mlharganj Indore",Indore 253 Kdabin garden,30-03-l8 22:30 between 22:30,3/31/2018 0:20,In the police station took,Aropiyon has kill abused Gupta and assault with and his family complainant threatened
22,Police Mlharganj,151/18,"323, 294,506,34 Badvi.","Sanjay father / husband Ram Narayan Yadav, a resident of 117 Kdabin Indore","Ksuresh Chauhan -253 Kdabin Indore, Vijender Chauhan -253 Kdabin Indore, Skuntla Chauhan -253 Kdabin Indore, ranjita Chauhan -253 Kdabin Indore",117 Kdabin Indore,30-03-l8 22:30 between 22:30,3/31/2018 1:05,In the police station took,Aropiyon The kill abused Gloch and assaulted the complainant threatened
23,Thana Sadar Bazar,93/18,"379 Badvi,","Pradeep Kumar father / husband Puran Lal Verma aged 24 years resident 137/2 Guru Nagar, Vijay Nagar Indore","Agyat-,",Bhagwati Complex Indore,2l-03-l8 21 11:30 between 0,3/31/2018 13:00,Looking after,"An unknown rogue complainant TVS XL 100 number. MP09SZ4879 Cacis No. MD621BD14F1N03191 engine no. 0D1NF1699708 Model 2015 lead black precious stole 10,000 / Rs placed location."
24,Thana Sadar Bazar,94/18,"25 Arms Act,",Rule Trfe police station Sadar Bazar Indore charge 0.2765 Narendra Mishra father / husband residents station Sadar Bazar Indore,"Victory father Rameshwar Bhati age 35 years -27 / 3 South Gaderakedi Indore,",Suth Gaderakedi Sitla Mata Temple near Indore,22:45 between 3l-03-l8 22:45,3/31/2018 23:25,on time,Accused scare threaten captured the logo for sharp knives of iron illegally from public space.
25,Police aerodrome,192/18,"379, 00",Moreshwar Panse father / husband Ram Bhau g resident 35 Gangabag Colony Indore,"Agyat-,",IDEA multi-pass scheme No. 0.155 Indore,30-03-l8 22: 22: 5 between 0,3/31/2018 21:50,0,"Tomorrow date .30.03.18 will have time at night around 10.00 am near the confluence of the city farm with his friend Deepak were sitting drinking were only three in my four guys sitting drunk, my partner Deepak your bike up went home, I also came to the house of your bike a new ones who were sitting drinking in nearby guys have had said to me that sat me so I went to sit idea of ??building it with you, there They descended to pee I landed that boy came up and the car started so I Daundkar car was holding asked if I fall I hurt and nose on lip boy No. My Moksakhiro Carf. MP09.QP.3873 ran from"
26,Police Annapurna,118/18,"379,",Jitendra father / husband Sntsrn Patidars 35-year old resident of 656 B Scheme 71 Indore,"Agyat-,",Temporary parking Annapurna Road Indore Dussehra Maidan,19-03-18 20:30 21: between 0,3/31/2018 20:05,After looking at the police station of the complainant,Took unknown rogue pension Pro MP09QY4808 Chechis MBHA11BSGHJ62596 engine HA10EVGHJ66612 Model 2016 stolen
27,Police Annapurna,120/18,"379,","Reina's father / husband Alok Tripathi age 60 years resident in 1527 Sector D-60 fit road Sudama Nagar, Indore",Unknown -,Chankyapuri intersection Hanuman temple Indore,18: 0 between 3l-03-l8 17:45,3/31/2018 21:00,On the station's plaintive,"Unknown person I the purse in which a redmi of mobile phone Airtel SIM 9893510794 and live seam 8319548314, gold chains, a folded ears gold ear-drop, add some Tute pieces of small earring of gold and gold small and Rs 5000 cash, Union Bank ATM card and bank took an ATM card and own base card, Fastrek purse Blake and precious 70000 stole the gray"
28,Police Annapurna,121/18,"279, 337 Badvi 184 Mv Act",Lamp father / husband Dilip Piplodia age 40 years resident 10/1 Chandrabhaga Juni Indore,"Chalk- auto rickshaw No. MP09 TA3867,",Ranjit Singh Ji Bhatia's house in front of Indira Gandhi Nagar Indore,20:30 between 29-03-l8 20:15,3/31/2018 22:05,Majarooh after undergoing hospitalized,Charged auto rickshaw No. MP09 TA3867 driver who majarooh Dilip father Parasram G Piplodia age 58 years resident 10/1 Chandrabhaga Juni hit Phuchai hurt Indore.
29,Police Annapurna,122/18,"279, 337 Badvi 184 Mv Act",Yamini father / husband Fine seventh age 59 years resident of 50 B Sai Sea Colony Rau District Indore,"Chalk- of motorcycles No. MP09VC1205,",Pollen Brekri the Ring Road Indore,19:20 between 3l-03-l8 19:20,3/31/2018 22:15,On the station's plaintive,Accused motorcycles No. MP09VC1205 driver hit Phuchai hurt by majarooh Yamini and renown.
30,Police Chandannagar,259/18,"34, 49A binding. Max ..",Rule Trfe police station Chandan Nagar Indore father / husband ... Resident station Chandan Nagar Indore,"Raju alias loved father Ram tup race Bhil age 35 years -nivasi anxious District torrent Recently 76/1, Sector A Jopd bar water tank in front of Indore,",Scheme No. 71 Jopd strip HP Indore near Gans Godown,3l-03-l8 20:30 between 20:30,3/31/2018 21:15,No,The possession of the accused of illegal raw alcohol seized kept in plastic Kane.
31,Police Chandannagar,260/18,363 ..,"Babulal Pal age 46 years father / husband, father Hardas sail inhabitants 144 A Prajapat city Indore","Unknown -...,",Dshur Garden has not scheme. 71 Indore,30-03-l8 6: 0 6: 0 beach,3/31/2018 21:45,No,"Event kidnapped son dated Fri 0-large age -17 years have gone without telling anywhere, Fri 0 to suspect that an unknown person caresses-luring Legya hijacked."
32,Police Chandannagar,261/18,"420, 34","Shahzad Khan, age 38, father / husband, father moon eating inhabitants 408 J. common with Road station Chandan Nagar Indore",1 Hamid father Abdul Mohammed 2kmoh. Afghan father Nur Mohammd3kmustkim resident Geeta Nagar Indore-resident Geetanagr Indore resident Kjrana resident Geeta Nagar Indore,Common with Road station Chandan Nagar Indore,14:30 between L8-ll-l3 14:30,3/31/2018 23:20,No,Accused prepared fake notary named Rais Khan measles number 218 of Ashrafi town Kjrana Fri 0 50 thousand plots to return to the notary. Areapion of about 50 thousand from Fri 0 prepared fake notary fraud.
33,Police Rajendra Nagar,174/18,"34 Excise Act,",Rule prescribed by Rajendra Nagar Trfe police station sub utter 0 A.a.ansari father / husband ..................... resident station Rajendra Nagar Indore,"Lakshmi husband Rama Gzze age 40 years -123 Mahadev Nagar Indore,",Mahadev Nagar Indore,12:45 between 3l-03-l8 12:45,3/31/2018 15:50,,"Again native wine in a bag to sell without occupying Aropia licenses illegally from (plane) 18 loaf arrested Aropia from precious found Kty Section 34 Excise Act Aropia from found 900 / RS was register, crime ."
34,Police Rajendra Nagar,175/18,"34 Excise Act,",Rule prescribed by Rajendra Nagar Trfe police station sub utter 0 A.a.ansari father / husband .............. resident station Rajendra Nagar Indore 34 Excise Act,"Jagdish father Tantya Bhil age 58 years -87 Nihalpur Mundi Indore,",Patlyapura Indore,13:30 between 3l-03-l8 13:35,3/31/2018 16:05,,"Without the possession of the accused licenses illegally re-native wine in a bag to sell the plane 20 feet precious Rs.1000 could be accused of Kty Section 34 arrested accused found the Excise Act has been register, crime."
35,Thana Manpur,90/18,"Section 13 of the Gambling Act,",Rule Trf police station Manpur drugs are Unikvishnu offerings Mondloi father / husband Mr. Ambaram G Mondloi resident Thana Manpur District Indore,"Lkvishnu father Ramesh Chandra Duve Brahmin 48 years -rau station Rau District Indur, 2kshiv Narayan father Punjraj Patidars 60 years -gram Kuwali Thana Manpur District Indur, 3knilesh Father God Patidars 30 years -gram Jamli station Bdgonda District Indore",Kuwali trijunction temple near Thana Manpur District Indur,13:20 between 3l-03-l8 13:20,3/31/2018 14:50,,Aropign Tans leaves which have stakes worth money by gambling Kerte are red handed caught were seized Rs 270 cash and 52 hours leaves
36,Thana Manpur,91/18,"Section 4 Speculation Act,",Rule Trfe police Manpur drugs are Suniklcshmnsinh Bundela Thanamanpur District Indore father / husband Mr. Ditia Singh Bundela resident Thana Manpur District Indur,Radheshyam father eats Ram Lal race age 46 year-gram Kuwali Thana Manpur District Indore,Kuwali Vichuli near Bhuteshwar temple Mhow Road Manpur,14:50 between 3l-03-l8 14:50,3/31/2018 16:20,,Speculation points to the accused slip and lead pen and cash were seized Rs 560
37,Thana Manpur,92/18,"Section 13 of the Gambling Act,",Rule Trfe Suni monitored by police Manpur Ram Lal reader station Manpur District Indore father / husband's self. Mr. Babu Rao reader resident Thana Manpur District Indore,"Lkrajesh father did Bhagirath 40 years -gram Rajpura ground station Manpur District Indur, 2knvnit Singh father Laxman Singh Thakur 38 years -10/2 betel seller Bakl station Mlharganj District Indore",Kuwali trijunction Shankar temple behind Thana Manpur District Indore,3l-03-l8 14: 0 and 14: 0 beach,3/31/2018 17:00,,The accused were villages with a gambling card games Harjit from leaves behind Shiva temple that cash were seized 240 cards and Rs 52 hours
38,Thana Manpur,94/18,"Section 4 Speculation Act,",Rule Trfe police Manpur drugs are Sunikthavarsinh Bavar Thana Manpur District Indore father / husband residents station Manpur District Indur,Abhishek's father Ashok Kumar Vyas caste Brahmin age 38 years -gram Kuwali Thana Manpur District Indore,Behind Abbey Road Kuwali Kiosk grams Kuwali Thana Manpur District Indore,15:30 between 3l-03-l8 15:30,3/31/2018 18:20,,Written 2 speculative points of possession of the accused slip went to a pen and cash Rs 180 seized
39,Police Brgonda,132/18,"34 Abakt,",Rule Trfe police Bdagoda father / husband station Bdagoda resident Thanabdagoda,"Crown father Budia Bhil age 48 years resident -gvleeplasia,",Gvleeplasia Gvleeplaisay behind the crown of home,3l-03-l8 10: 0 and 10: 0 beach,3/31/2018 11:05,,Raw alcohol Mahua 5 liters hand furnace the possession of the accused without license from Avadharup been seized precious Rs 250
40,Police Brgonda,133/18,"34 Abakt,",Rule Trfe police Bdagoda father / husband station Bdagoda resident station Bdagoda,"Mahesh father mighty race Chauhan age 28 years resident Jamli -jamli,",Near Jamli Road Sagor culvert,3l-03-l8 13: 0 and 13: 0 beach,3/31/2018 15:30,,Possession of accused Avadharup 16 Quarter Rs wines precious 800 seized Kii
41,Police Brgonda,134/18,"34 Abakt,",Rule Trfe police Bdagoda Technology father / husband station Bdagoda resident station Bdagoda,"Tulsiram father Asha Ram race Bhil age 45. Non-Kdwali,",In front of the culvert store grams Kdwali,14:10 between 3l-03-l8 14:10,3/31/2018 15:10,,16 accused of possession without permits Avadharup license the quarter Rs wines precious 800 was Bacte caught
42,Police Kshipra,120/18,"34 Excise Act,","Rule Trfe police Prkar by police Kshipra 0.2356 satisfaction father / husband Ranjit Singh, a resident of Choki Mangliya station Kshipra","Kamal's father Madan is Gari -bnjrg Palia station Kshipra,",G Bajrang Palia common Roda station Kshipra District Indore,19:35 between 30-03-l8 19:20,3/31/2018 8:55,When actually Kamayi Heeetu received,"Event Date Time charged 17 Quarter Pakdaa native precious Rs 1,000 wines plane"
43,Police Kshipra,121/18,"34 Excise Act,",Rule Trfe police station Kshipra Prkar by Indore District 0.397 Jai father / husband Ram resident Choki Mangliya station Kshipra,Mukesh father Ramesh Thakur Beelala -bjrng Palia station Kshipra District Indore,G Bjrnng Palia common Roda station Kshipra District Indore,20:35 between 30-03-l8 20:20,3/31/2018 9:00,Actually upon receipt for permanent,Event Date of the accused 1 9 Quarter Pakdaa precious Rs 950 native wines plane
44,Police Kshipra,122/18,"Badvi 279, 337, 304 (A) Badvi","Government District Indore Trfe police station Kshipra Prkar 0.2356 satisfaction father / husband Ranjit Singh, a resident of Choki Mangliya station Kshipra",MP 0.0 9si.af driver-unknown 16 9 6,STICKS company before Roda Ram Piplia station Kshipra,00:40 between 25-03-l8 12:30,3/31/2018 19:00,,Event Date of the accused driver's own vehicle number MP 0.0 9si.af 16 9 6 brought running quite fast and carelessly Purwk and Mratk Shaker father killed Ram Avtar and collision Mahendra father radheshyam which led to death because of a Choto of Mratk
45,Police Kshipra,123/18,"279 Badvi, 337 Badvi","Rule Trfe Adil Khan by police forces 471 Kamal Patel station Kshipra father / husband Abdul Kalim Khan, a resident of 36 water carrier Mohalla Sadar Thana Sadar Bazar district Indore","Tractors number MP 0.0 9a.bi 32 9 8 driver -agyat,",Hotel bypass before Ajenta Roda Mangliya,17:40 between 29-03-l8 17:30,3/31/2018 19:20,Basically when you get to Kamayi,Event Date of the accused driver's own vehicle Treector number MP 0.0 The 9a.bi 0.3298 brought running quite fast and carelessly Purwk and hit on motorcycles of Mjruh Aslam
46,Police Simrol,128/18,"34,",Shaktkpuksimrol father / husband Sunikramkumarasinh resident station Simrol,"Babloo father Hukmchand 23 years -ptan Piplya,",Accused of houses near Pathan Piplya,"3l-03-l8 19: 0, 19: 0 beach",3/31/2018 19:50,,5 liters of possession of accused raw Mahua went wine Kimti 150 per Jpti.
47,Police Simrol,129/18,"279, 337",Jay Age 18 years old father / husband Bhagirath Prasad Prtedia resident 52 9 foreigners Full Kulkarni kiln Indore,Moksak Sl. MP. 0 9vi B 02 9 4 Driver -,"Near Berubaba temple Berugat Indore, Khandwa Road",3l-03-l8 14: 0 and 14: 0 beach,3/31/2018 22:10,,"Accused his Moksak Brought the running trail speed and negligence and Fri from behind. A friend of Sandeep Activa Sl. MP 0.0 9 QU been hit from behind on 99 05, causing injuries to curb Sandeep and sat back."
48,Police Khudal,121/18,"379 Badvi,",Nitesh Verma aged 34 years father / husband Bdraeelal G Verma resident Manpur District Indore,Unknown -,Mknk 1 9 5 A front Vinayak Township Devguradia station Khudal,3l-03-l8 0:30 to 6: between 0,3/31/2018 15:30,,Event Fri An unknown villain to date. The Moksak Sl. MP 0 9 Vif took 7 9 stealing 60.
49,SHO Depalpur,105/18,"363 Takhik ,",Rule Trfe police Ramesh tup father / husband Mansih tup race Bhil age 25 years resident grams Mundla station Depalpur,"unknown person -,",Fri. Home Village Mundla,23:55 between L9-03-l8 23:55,3/31/2018 20:55,Gumsudgi on check,Was an unknown person underage girls run away from luring home caresses. Gumsdgi been sustained President crime investigation
