Sl.,Station,Police Crime / Mrga No.,section,The complainant's name and address,The accused's name and address,Event site,Event Date and Time,Permanent date and time,Delays cause permanent,Details including the cause of the incident
1,Station Central station,56/18,"379 Badvi,",Sachin Brlayi father / husband Rama Brlayi resident 4 9 2 Swvarnbag Colony Indore,Unknown -,Worship Indore in front of electronics,15:10 between 0l-04-l8 15: 0,4/1/2018 20:00,,Fri. That car Hiro Honda pension No. MP 0 9jeti 3547 Engine No. 12 9 67 Chechis No. 22867 Color Bllek was Lle stole an unknown Bdmas housed position
2,Police Tukoganj,144/18,"379,","Sunny Gupta age 25 father / husband Vijay Gupta, a resident of New Gandhi Chowk Shahdol recent Bichauli macho Mayank Blue Water Park in front of Indore",Unknown -,Starling Arket tower parking RCR Indore,27-03-l8 11:15 to 19: 0 beach,4/1/2018 15:00,,"Mo to an unknown rogue complainant. Sa. Bajaj Pulsar NO. MP18MB3951 Chassis no. MD2DHDJZZRCL03403 engine no. DJGBRL21373 Model 2009 precious 20000 / - has been stolen away from home kept the rupee,"
3,Police Snyogitaganj,117/18,"25 Arms Act,",Rule father Trfe / husband Suni Kirtiram Rawat resident station Snyogitaganj Indore,"Mukesh father Chhaganlal Verma aged 42 years -13/3 Murai Mohalla camp Indore,",3/3 Murai Mohalla camp Indore,0l-04-l8 12: 5 12: 5 between,4/1/2018 12:55,,Accused Avaddh as was caught carrying a sword precious 200 Rs. 
4,Police Snyogitaganj,118/18,"379 Badvi,",--- Hitendra father / husband Hiralal Patidars age 49 years resident of 102 light city Nemawar Road Indore,"Agyat- unknown,",102 Light City Nemawar Road Indore,3l-03-l8 12:30 15: between 0,4/1/2018 18:55,Around the station after searching,"Today dated 03.31.2018 went on his Royal infield bullet classic car MP09 VD 9988 and I daily on the front of your house has 102 light city Nemawar Road Indursmay block by standing around 12.30 pm and on in his house in the. An unknown rogue My Car Royal infield bullet classic car MP09 VD 9988 Iknank U3S5C1HL614778 Chia Knan. ME3U3S5C2HL0l3030 model 2017 color black color Kimti was kidnapped approximately 20,000 / Rs."
5,Police Plasia,102/18,"279, 337 Badvi",Manoj father / husband Bihari hirve age 28 years resident Musakedi Peacock city street No.9 Indore permanent address g Mlganv station Sanawad district Khargone,Chalk- of Scorpio unknown black,Bengali intersection Indore,3l-03-l8 15: 0 and 15: 0 beach,4/1/2018 14:40,I came to report after treatment,Plaintive driver's foot while Scarpion unknown black car was brought running trail Tejagti and negligence of his car and ran hit causing injuries.
6,Police MIG,226/18,"324, 294.34","Abisek father / husband Ramavd Yadav, a resident of 128 small Kjrani Indore","Raja Bhat, Lakhan Chauhan, Amnta-small Kjrani Indore,",Little Kjrani Indore,22:10 between 3l-03-l8 22:10,4/1/2018 0:30,He came to the police station after treatment,Aropigno the complainant to hit on the arm of the Aman in manner witness not to talk to his mother's sister Ngin Ngin abuses began to complainant of abuse not to foreclose on and a Nukili assault by kicking Guso on what hairstyle complainant injury Against began bleeding
7,Police MIG,227/18,"379,","Fragrance father / husband Chandra Panchal, resident 16 Shanti Nagar Srinagar extension Indore",Unknown thieves -,Christian Minen school before press Complex Indore,16:30 between 3l-03-l8 13:30,4/1/2018 14:00,Come on station Friadia,Friadiay has brought its Activa Super Kr.ampi 10 / MV / 0507 had been standing by putting blocks on press Complex Indore front and Christian Minen school that stole an unknown thief
8,Police MIG,228/18,"279,",Sunil father / husband Lalan Sharma resident 1 9 Shripati Bower Bangd Road Suklia Indore,Car No. Chalk- 13 MP / Siea / 274 9,Nehru Nagar Road No. 3 Indore,0l-04-l8 14: 0 and 14: 0 beach,4/1/2018 14:30,,Priadi car your Maruti car Brega. MP 0 9 / CT / music by Patni Pura from 5608 Mahiavidhyaly LIG was going Colony Indore as complainant Nehru Nagar Road No. 3 brought up at Indore Car No. 13 MP / Siea / 274 9 driver shot sharp and Laprwahi forced their vehicle reverse by bringing competition to the driver-side on my car which has Nnukshan in my car
9,Police MIG,229/18,"323, 294.34",Shahzad's father / husband Shahabuddin resident 428/2 Malviya Nagar Indore,"1 Kings Patel 2 Assu Patel Srinagar Indore,",Ayodyapuri Srinagar Indore,15:15 between 0l-04-l8 15:15,4/1/2018 16:10,Come on Friadike station,Today's date refused 01:04:18 than I was Gulli danda game with your friends on Ayodyapuri Srinagar Indore with your friends king on so Patel and Assu Patel came and said to play Gulli danda I feed them both the stripped rod out of my hand was bleeding Against injury Bhona on Muce hit enable Muze eye after the mother began to sister Ngin Ngin Galio I then denied abusing LA Began assaulting Guso
10,Police MIG,230/18,"279, 337",Kailash father / husband khumaanasinh Bamne  ,"Chalk- unidentified motorcycle,",Victory Rustam garden Indore front of tea,17:30 between 0l-04-l8 17:30,4/1/2018 19:30,He came to the police station of the complainant,Complainant's boy blight complainant's wife was going Bajr with Sunikta as he both won tea in front Phunche front of the dark horses of the garden Indore An unidentified motorcycle driver killed by speeding and negligence bump guys the complainant running Apanwahn blight causing injuries on the right hand of blight
11,Police Vijayanagar,226/18,"379,","Ajit Singh, father / husband relationship Madan Mohan Singh age 32 years resident 146 consoles city Amona District Dewas","Agyatk-,",Parking Vijay Nagar Indore Madanta hospital,26-03-l8 13:30 to 17: 0 beach,4/1/2018 12:00,,Date 03/26/18 Hero Spelendr bike was number MP-41-MM-9938 Chassis number MBLHA10ASC9M07265 engine number HA10ELC9M07583 red model 2010 Semadanda the hospital. I bike to see the motor housed the cycle place to go Madanta block him in the evening at home around 5 pm went vertical wife Sangeeta Devi see Madanta hospital on hospital parking was not my bike. An unknown crooks took my Spelendr bike stolen
12,Police Vijayanagar,227/18,"34 Excise Act,","Rule Trfe Police Vijay Nagar Indore father / husband ,,,,,,,,,,,,,,,,,,, resident Vijay Nagar Indore",Virender Singh father Pryagsinh chivalrous age 24 years free. 287 ESC scheme no. 78 Indore -,In front of straw Mandi Indore Temple,The 0l-04-l8 13:40 0: 0 beach,4/1/2018 14:40,,Accused searched the bags of clothes before Panchan then 25 Quarter country are packed inside his Repossession Srav out precious 1500 / Rs to be informed not keep alcohol AND ask license Bacne
13,Police Lsudia,286/18,"279,337 Badvi,",Arvind ages 1 to 9 years of Father / Husband trust Red  ,Truck No. MH18 AA 9791 Driver -,Vind New Iron Market Indore near Vasani Temple,"3l-03-l8 19: 0, 19: 0 beach",4/1/2018 10:50,,Truck No. MH18 AA 9791 driver has come to his vehicle during Tejagti and casually brought together in the driver and injuries on the complainant's bike Hero Deluxe No. complainant's shoulder AND Puta knee to hit the side on MP05MB6668 foot
14,Police Lsudia,287/18,13 Junaakt,Rule Trfe police Malviya Uni R Thana Lsudia father / husband station Lsudia resident station Lsudia,"Raju's father Nththu red Age 50 years -226/11 Lalgli Pardeshipura Indore, life father Mehtab Banjara age 30 years -nirnjanpur Nibsti Indore Kalu father Bjesih age Shalimar Taunship Indore behind the 32-year-Jain nursery, Lalu father Awkar age 18 years -jan nursery behind Shalimar Taunship Indore, Lalu father Awkar age 18 years -nirnjanpur village Indore",Indore Jain nursery in Shalimar Taunship Jopdai,21:40 between 0l-04-l8 21:40,4/1/2018 22:30,,Aropiyan cards were illegal gambling game bet to win lost peso Rs leaf demand leaf.
15,Police Kjrana,256/18,"323, 294 506, 34,",Ram Ahirwar father / husband Killu Ram Ahirwar resident Patel Nagar b jarana Indore,"Vicky captain and two mates that - Patel Nagar Kjrana Indore,",Native Kjrana Indore near Kalli,0l-04-l8 10: 0 to 0: 0 beach,4/1/2018 14:00,,"The Firyadi on with by Aropiyno alcohol drink after the bare naked Galia's mother, sister and threatened to kill hit a Nukli thing and learn"
16,Police Kjrana,255/18,"34,","Rule Trfe police station Kjrana Indore Father / Husband ,, native ,,","Parvati Bai husband Pappu Parmar Age 30 Skinner Parish Kjrana Indore,",Large door Skinner mo din b jarana Indore,The 0l-04-l8 12:40 0: 0 beach,4/1/2018 13:45,,Hold that Aropiya was illegally parked two liters Liey raw hand brewery Becn from
17,Police Knadia,125/18,279/337,Rakesh Sachdeva father / husband Ashok Sachdeva  ,The driver of the unidentified motor cycle -,Humanity City trijunction Knadia Road Indore,The 3l-03-l8 18:45 0: 0 beach,4/1/2018 0:20,,Charged Bump Molly unidentified motor cycle driver by complainant Rakesh Sachdeva daughter dead injury Phuchayi
18,Police Knadia,126/18,"380, 457","Vijay Chauhan father / husband Rajendra Chauhan, a resident of 133 flat number 101 Vasundhara Mr. apartments Knadia Road Indore",Unknown -,133 Flat number 101 Vasundhara Mr. apartments Knadia Road Indore,20:15 between 3l-03-l8 19:45,4/1/2018 14:10,,"Placed in the home of wardrobe complainant Mnglsutr 2, Angudi 6 gold, gold chain 1, cut the nose 13 old hackneyed and silver anklets 6, silver bowl 01, silver Vichiye 5, silver Kde 2, silver coins 9 took the old hackneyed and cash 16,000, an unknown crooks entered the goods stolen in home"
19,Baanganga ,318/18 ,363 Badvi 0 ,Datar Singh father fill Singh 40. R 0 Rakinagr Nandbag government school near Baanganga Indore ,Unknown ,Nandbag intersection Indore ,31/03/18 13:30,4/1/2018 20:21,After Talas ,Accused unknown Fri 0 daughter Basil ages take away Were seduced 17 years. 
20,Police Pardeshipura,174/18,"14 Mkprkrajy Security Act of 1990,",Rule Trfe cop father / husband with by PSI Ram Shakya resident station Pardeshipura Indore,"Jitu alias Jitendra Sharma father Om Prakash Sharma, age 29 years -nivasi 170/3 Nanda Nagar Indurh,",Subhash Nagar intersection Hanuman temple in Indore.,12:45 between 0l-04-l8 12:45,4/1/2018 13:15,,The accused were caught moving in restricted by Badr district a region. 
21,Police Rau,142/18,"279,337 Badvi,","Indrakumar Juneja father / husband, father Swkjagdish opinion  ","Vehicles Kr.amkpi 0.0 9, G Ik9 182 driver -nhi know,",Abbey Road Rau front of Emerald schools,16:55 between 29-03-l8 6: 0,4/1/2018 17:15,Nirnk,Event date the accused killed his vehicle speeding and negligence collision by running complainant said.
22,Police Ravji market,110/18,"323,294,506,34 altogether,",Nirmala Silavt father / husband Dasaratha Silavt age 45 years resident 46 Luniapura Indore,"Karan Sonkar father Shankar Sonkar -rau Rngwasa Rau Indore sun Sonkar father Shankar Sonkar -rau Rngwasa Rau Indore,",46 Luniapura Indore,0l-04-l8 21: 0 and 21: 0 beach,4/1/2018 22:00,on time,The Pitt kicking Tuso The porn Galiya of Friadiya and sky Sonkar mother sister Aropiyo which threatened to end Friadiya life injury occurred and the head and the left arm.
23,Police Bnvrkuaan,206/18,"279,337 Bakdkvi,","Monu Hardia father / husband, father Ramesh Chandra Hardia  ",Mo. Sa. Pulsar number MP09-QV-1466 Driver -,Solidify by Ring Road Indore to Dharamsala,"3l-03-l8 23: 0, 23: 0 beach",4/1/2018 4:00,At present police arrive Friadi,Accused mo. Sa. Pulsar number MP09-driver of the QV-1466 its mo. Sa. Quite brought running trail quickly and carelessly and Mjruha - Gyarsi been hit in the left side of the back in an auto rickshaw. Collision takes my mother Gyarsi Bai has suffered through damaged my auto rickshaw from being banged knee AND chest right foot.
24,Police Bnvrkuaan,207/18,"304 A, 34 Bakdkvi,",Rule Ukni.am.alkrhangdale father Trfe police Bnvrkua / husband ........... resident station Bnvrkua District Indore,"Ankush Bansal father Dwarkaprasad Bansal age 30 years -old Agrawal Nagar police station Bnvrkua Indore, 2. Bikash Chandra Palurf Wicca sail father Kshncndrapal aka Babylonian -gram Radnga station Raghunathpur district Jagatsinghpur Orissa recently Tirupati Agrotech Private Limited 306/2 Udognagr Palda Indore",Tirupati Agrotech Private Limited 306/2 Udognagr Palda Indore,The 20-03-l8 21: 5 21: 5 between,4/1/2018 15:05,Mrga car. 17/2018 Section 174 Jakfuk On the Mrga probe,"Mrga car. 17/2018 Section 174 Jakfuk The Mrga investigation Mjdur at 8:15 pm the night of 03.20.2018 Date of went by my Mrga investigation Sunil Sram scene Tirupati Agrotech Private Limited industry town was wages in Palda was working to put the body is cut wheat wheat Boro the same time engaged wheat sacks of cuticle which fell on 10/12 sacks Sunil in which he was buried in Hod, above witnesses and Pankaj Master (supervisor) Were carrying M y in injured who went during his Mtyu treatment.  "
25,Police Bnvrkuaan,208/18,"379 Bakdkvi,","Om father / husband, father Hazareelal JAT age 20 years resident 26 Jankinagr Naulakha Indore",Unknown -,26 Janki Nagar Indore,3l-03-l8 12: 0 and 13: 0 beach,4/1/2018 0:40,At present police arrive complainant,"Bike Splendr of an unknown thief complainant was 0.3 S MP09VG0764 engine no. HA10AGHHA32773 Chassis no. MBLHAR073HHK30226 model took 2017 Kimti 15,000 stealing from being raised Rs location."
26,Police Jewelry,39/18,"506, 323 294,",Peacock God age 26 years father / husband Rajesh Goud resident 1/4 Pacific Street Kanoongo Bakl Ashoka Heritage Indore,"Vishal Sharma father Swkkailaschand Sharma Age 36-R 1/4-Pacific Street Kanoongo Bakl Ashoka Heritage Indore,",1/4 Pacific Street Kanoongo Bakl Ashoka Heritage Indore,21:45 between 0l-04-l8 21:30,4/1/2018 22:35,,Children to Gupta about fighting violence and abuse to sit home
27,Police Jewelry,40/18,"506 Badvi, 323,294 Badvi",Vishal Sharma Age 36 years father / husband Swkkailaschand Sharma resident 1/4 Pacific Street Kanoongo Bakl Ashoka Heritage Indore,"Peacock God father Rajesh Goud age 26-R 1/4-Pacific Street Kanoongo Bakl Ashoka Heritage Indore,",1/4 Pacific Street Kanoongo Bakl Ashoka Heritage Indore,21:45 between 0l-04-l8 21:30,4/1/2018 23:45,,To bring home the point of abuse Gupta call battle fought and beaten
28,Police Mlharganj,152/18,"379, Badvi.","Ajay father / husband Hukumchand Prajapat resident 88, Lok Nayak town, Indu",Unknown ---------;,"Front Panckuiya liberation, Indore",30-03-l8 10: 0 and 11: 0 beach,4/1/2018 15:40,Seeking an came to report on not getting,Complainant not on your bike No. MP09 / Q / was from 1637 to Panckuiya liberation where the complainant had put forward to standing to lock your bike went liberation looked back down the motor cycle of plaintive sounds of traveling bodies of their relatives found an unknown crooks took stealing the bike.
29,Thana Sadar Bazar,95/18,"13 Gambling Act,",Rule Trfe police Suni Thana Sadar Bazar. An.asktomr father / husband residents station Sadar Bazar Indore,"Arif Hussain, father Mushtaq Hussain, aged 48 years -42 / L Junarisala Indore, Salim father favors Ulla age 32 years -40/1 Junarisala Nausad father Smsud Arifin age 38 years -3/2 Junarisala Indore, Habib Father Inayat Ullah age 49 years -116 / 2 Junarisala Indore, Zafar Hussain father Mokhusan age 51 year-Kbi 7 Secunderabad Colony Indore, Azhar father Unus Khan age 32 years -54/1 Junarisala Indore",Electrical Indore under the pillar of light on Zakir community recently Junarisala,3:10 between 0l-04-l8 3:10,4/1/2018 4:20,on time,Aropian been seized illegally from public space holding gamble bets win-loss Rs money by playing leaves were possessing 52 playing cards and Rs 3920 cash on.
30,Thana Sadar Bazar,96/18,"279 Badvi, 184 Mokwhi.akt",Abbey Ranade father / husband Ram Chandra Ranade age 50 years resident of flat No. 0.205 austere apartment Ganesh Colony Indore,"Motorcycle NO. Chalk- of MP09VF5870,",Ganapathy door Ganesh Colony Indore,22:45 between 0l-04-l8 22:45,4/1/2018 23:30,on time,"Charged motorcycle NO. MP09VF5870 driver has brought running your vehicle quickly and negligence and dangerously and hit on the complainant's car, which was damaged in the door on the side mirror, front left."
31,Police aerodrome,193/18,"323,294,506,384,34 Badvi 0 ","Gautam father Shyam Sunder Sharma, a resident of 227/9 Jay Bbaninagr Indore","1. Thin, 2nd right, 3 Mohit Rathore, 4. Gautam Goel, 5. Symbol",Pappu Point Glory Bwaninagr Indore,3l-03-l8 20:35 between 20:30,4/1/2018 1:55,0,"I can say its factory pay was coming home from Waik the Saver Road then came Aropian AND snapped old scores withdrawn keys of my car and started Gufta fresh off the train began to kill off Tuson and Welt to convince me if My aunt's boy Vishal Sharma who was coming from the home side, he saw and felt save me him Rs 45 thousand placed in my pocket the middle began to assault the Jtki Juma that Was coming from his factory shelve killed during this period has shown do not know that I was taken out of my pocket and they are they saying today left thee hereafter known."
32,Police aerodrome,195/18,363 Badvi 0 ,Blue Dhamnia husband Sunil Dhamnia 35-year-old resident of 107 C Ngin city Indore,"Agyat-,",107 C Ngin city Indore,6: 5 between 3l-03-l8 6: 0,4/1/2018 20:10,,An unknown person kidnapped boy Pankaj father Sunil Dhamnia 13 years took Were seduced Bgakr.
33,Police aerodrome,196/18,"379, Badvi 0 ",Tewari father / husband Mr. Bchaneelal TI resident 41 Shanti Nagar Small Bagdda Road Indore,"Agyat-,",Worship Indore city turn,7:30 between 26-03-l8 6: 0,4/1/2018 20:45,,Moksak an unknown accused complainant Stole away
34,Police aerodrome,197/18,379 Badvi 0  ,Vikramsinh Yadav father / husband Mr. Gopal Yadav hails 589 Kalani Nagar Aerodrome Road Indore,Unknown -,589 Indore front of Kalani Nagar,3l-03-l8 10: 0 and 11: 0 beach,4/1/2018 21:15,,"Your Honda Avitr Nos. MP09.SX.4490 whose engine number. JF21E80273905 and Cacis Nos. ME4JF215BF8230079 Maadl 2015 Color white I was standing by La?k in front of his house No. 0.589 day around 11:00 am I saw your car above the standing made was not in place. Then I had to figure out around no information to anyone who has taken an unknown person stole,"
35,Police aerodrome,198/18,"325, 504 323, 34",Jawaharlal father / husband Panjuml Kodwani resident 305 victory Nagar Indore,"Monu Pal, Bau considered -",305 victory Nagar Indore,17:10 between 06-03-l8 17: 0,4/1/2018 22:05,, The Kagajato the complainant's medical To test had Mkway.ackrefr for District X there Hospital was sent Indore today dated 20 treatment including two Aksra plate and admit ticket the complainant with by the son Manish complainant shadow has fractured the article in the Admit card offered to bring 
36,Police Annapurna,123/18,13 Gambling Act,Uni Tosif Ali father / husband - resident station Annapurna Indore,"Dilip father Manickchand Jan Age 57 years -29 Kailash park vaccine Building Indore, Praveen father Mneelal Shah, age 59 years -21 devotee Prahlad Nagar Indore, Rahul father handsome Kumar Jain Age 36 years -56 proven Nagar Indore, Inder Singh, father kanhaiyaalaal age 63 years -226 Parshvanath city Indore",226 Parshvanath city Indore,00:25 between 0l-04-l8 00:25,4/1/2018 1:20,Return,"Aropiyan hours leaf necklace play victory at stake gambling caught AND cash total 26500 per 52 hour leaves, was arrested two scores of leaflets and a pen seized."
37,Police Rajendra Nagar,182/18,"379 Badvi,",Parent Parmar Age 23 years old father / husband Shiv Parmar resident M 68 Nalanda campus Kesar Bagh Road Indore permanent address g Krd tehsil and police Kalapipal District shajapur,"Three unknown punk-unknown,",Chauithram Sabzi Mandi Indore,The 0l-04-l8 1: 0 1: 0 beach,4/1/2018 13:00,,Sleeping within three unidentified rogue truck complainant took mobile and bag stolen from.
38,Police Rajendra Nagar,183/18,"379 Badvi,",Mr. Ashwin Ranaut age 21 years based on card number 335266796372 father / husband Mr. Chetan Singh Ranaut resident 76 Shraddhananda route Cantonment station Snyogitaganj District Indore,"Unknown punk-unknown,",Vitthal Rukmini Palace Keshrbag Road Indore,29-03-18 22:30 23: between 0,4/1/2018 15:55,,"An unknown rogue complainant's bike Hero HF Deluxe MP09QN8670 No. Chassis No. MBLHA11ATF4G03187 engine number HA11EJF4G03142 model 2015 it Black and Violet colors Price steals space housed 20,000 / Rs."
39,Police Rajendra Nagar,184/18,"34 Excise Act,",Rule Suni by Trfe Amardas Nagve station Rajendra Nagar Indore father / husband ....... resident station Rajendra Nagar Indore,"Dinesh father Bnvrsih Chauhan age 33 year-Nihalpur Mundi Harijan Mohalla Indore,",Nihalpur Mundi Indore,14:30 between 0l-04-l8 14:30,4/1/2018 16:30,,"To sell illegally from the accused held 02 liters hand furnace was taken into raw Mhua wine Rs 100 / Rs could be accused of actions Section 34 officer found the Act to the deliberation to register, Virudh guilt of the accused."
40,Police Rajendra Nagar,185/18,"34 Excise Act,",Rule Suni by Trfe Amardas Nagve station Rajendra Nagar Indore father / husband .......... resident station Rajendra Nagar Indore,"Rakesh father Badri Nadiwal age 22 years -bdkia Bijlpur Indore,",Bdkia water tank has Bijlpur Indore,15:15 between 0l-04-l8 15:15,4/1/2018 16:45,,"The accused has taken on illegally held for sale 44 quarter-native red spice wine Precious 2200 and 20 quarters White Plains Wine 800 / Rs could be accused of actions Section 34 officer found the Act to the deliberation to register, Virudh crime accused Gaya ."
41,Police Rajendra Nagar,186/18,"363 Bakdkvik,","Mr. Ajit Upadhyay age 45 years based card 208,568,308,625 father / husband Shri Radhe Shyam Upadhyaya resident D 47/1 RR Cat Colony Indore","Jealous sister Anupama father Radhe Shyam Upadhyaya age 43 mo. 9935778037, 9793056l85-72bi Gautam Nagar, Kalepur, Gorakhpur, Uttar Pradesh,",Cat Colony gate Indore,17:35 between 0l-04-l8 17:35,4/2/2018 0:55,To come and report to the police station after finding their guys by complainant,"Complainant's sister jealous sister Anupama father Radhe Shyam Upadhyaya age 43 years resident of 72 B Gautam Nagar, Kalepur, Gorakhpur, Uttar Pradesh mo. 9935778037, punk 9793056185 complainant Pranshu Upadhyay father Ajit Upadhyay age 11 years resident D 47/1 R Arh Cat Colony Indurpranshu Upadhyay father Ajit Upadhyay age went the 11-year-old resident of D 47/1 R Arh CAT Colony Indore Were seduced her"
42,Police Dwarkapuri,148/18,"323, Badvi, 294, 506 Badvi","Preeti Chauhan 28-year-old father / husband Dinesh Chauhan, a resident of 288 Gurushankr city Indore",Dinesh father Dwarkaprasad - 288 Gurushankr Indore,Friadia house 288 Gurushankr city Indore,0l-04-l8 11: 0 and 11: 0 beach,4/1/2018 15:05,,"I was at home when he returned from my husband Dinesh work and told me that today you went to where the other day I said that I was at home, he began to bare naked abuses me mother and sisters when I refuse to abuse Gupta then he hit me kick Tuson."
43,Police Dwarkapuri,149/18,"279, 337 Badvi,",Susan heroic age 21 years father / husband Sunil heroic  ,"Bike car. Chalk- of Mp09mj6083,",Sudama Nagar front RELAX Garden E sector bandage Dwarkapuri Indore,9:30 between 29-03-l8 9:30,4/1/2018 18:25,,Father Sunil I arrived at the road as soon as she is amongst the front RELAX Garden Sudama Nagar E sector strip with college were just going to leave back home to stop the single bungalow on the bike car. Driver's Mp09mj6083 brought running fast and careless of your bike and hit my dad
44,Station Gandhinagar,91/18,"379 Badvi,",Ajay Rathore father / husband Hemsih Rathore resident big Bagdda,Unknown -,Complainant house village elder Bagdda Indore,28-03-l8 8: 0 and 4: 0 beach,4/1/2018 14:50,On arrival at the police station of the complainant,Unknown Aropiyoe Mo in front of the complainant's house. Sa. Stole taken.
45,Police Mhow,96/18,"294,323,506,34 Badvi,",Tosif father / husband Ris Muslims aged 22 years resident Gangliakedi Mhow,"Samir leaf market Mhow, Mujaid -hammal Parish Mhow,",Kotwali Chowk Mhow,13:30 between 0l-04-l8 13:30,4/1/2018 15:10,To come and report to the police station by the complainant,The accused worked given the porn Galiya's mother and sisters over to buy clothes from the store to the complainant and threatened to kill him if he can beat the hand Mukco.
46,Police Mhow,97/18,"363 Badvi,",Vidya Chavan father / husband Murali Chauhan age 50 years ,Unknown -,2257 Luniapura Mhow,0l-04-l8 13: 0 and 13: 0 beach,4/2/2018 1:10,After searching by Friadiya,Girls of an unknown rogue complainant Manisha father Murali Chauhan took Were seduced Bgakr the age of 16 years.
47,Station Kishanganj,154/18,"279,337 Badvi,",Shasntrfe Prkar police Kishanganj 0.2818 Jagdish Rathore father / husband ------------ resident station Kishanganj,Moksak Sl. MP / 09 / QT / 3296 Driver -,AB Road Maharana Pratap Bridge Village Pigdmber,1:30 between 02-03-l8 1:30,4/1/2018 20:30,,Karopi Moksak Sl. MP / 09 / QT / 3296 the driver Moksak of Mjruh behind running trail quite Tejagti and negligence on your motorcycle Add hit reported suffering injuries Mjruh
48,Police Simrol,130/18,"34 (1) Excise Act,",Rule Trfe police Simrol father / husband Prkark 812 Pankaj Katare resident station Simrol,"Nilesh father Subhash Chauhan age 21 year-Harijan Mohalla Simrol,",Bansi Lal's house in front of Harijan Mohalla Simrol,18:50 between 0l-04-l8 18:50,4/1/2018 20:30,,Illegal as a plastic Kane accused 4 liters hand furnace was found carrying raw Mahua liquor.
49,Police Khudal,125/18,"379 Badvi,",Annusih Beelala father / husband Hrisih Beelala resident grams Kemana station Khudal,Unknown -,Fri. Home Samnegram Kemana station Khudal,3l-03-l8 2: 0 3: 0 Beach,4/1/2018 17:15,Things came to report to seek,Event Fri An unknown villain to date. The Moksakkr.ampi 0 9 Kyues9 662 and laid him Moksak of her father in law Gulabsih Sl. MP 0 9 Mway 0406 brought by stealing.
50,Police Khudal,122/18,"279,337 Badvi,","Rule Prkar 0.1742 conquered by Trfe police COMPEL garde father / husband ,, resident station Khudal District Indore",Dmfr car. Mbiac car. 111 9 Driver -,Music City street near Rajdhara station Khudal,19:30 between 09-0l-l8 19:30,4/1/2018 10:25,Roksak Went to the permanent check,"Event Dmfr date car. Mbiac 111 9 driver allegedly careless break your Dmfr to the rear of Dmfr Moksak Come slinging Mjruh Sandeep was entered on the rear wheel of Dmfr including Moksa Kr.ampi 0 9 NR 6113 which Mjruh hurt in the jaw, face and head."
51,Police Khudal,123/18,"34 Ab.akt,","Rule Trfe police station COMPEL station Khudal father / husband ,, resident garrison COMPEL station Khudal","Bharat father self. Sukvirsih ages 2 years 9 -7/2 Krishna Vihar Colony Indore,",G Rajdhara Maine Road,"3l-03-l8 19: 0, 19: 0 beach",4/1/2018 10:40,Post on Anhe from COMPEL,The event went 50 Quarter Plane illicit liquor was seized from the possession of the accused dated Bharat.
52,Police Khudal,124/18,"379 Badvi,",Rnjitsih race Balai ages 4 to 9 years old father / husband Ganapat G Dtodia resident COMPEL recent Mansarovar city Devguradia station Khudal,Unknown -,Fri. In front of the house Mansarovar city Devguradia station Khudal,30-03-l8 14: 0 and 15: 0 beach,4/1/2018 13:35,Things came to report after looking,Home An unknown rogue Fri date. The Moksak Sl. MP 0 9 ng 6524 took stolen.
53,SHO Depalpur,107/18,"457,380 Takhik ,",Mahesh Bdwaya father / husband Pratap Bdwaya race Klota resident Ward Krk9 Depalpur,"Bgwansih Bhil father Nirbysih aka Gbbu race Bhil ages 1 to 9 years -gram Plasia cross,",Fri. The Godaun Depalpur,21:30 between 0l-04-l8 21:30,4/1/2018 23:05,,Fri. Introduced the accused to bring muay theft Msruka and accused of stealing USD gram on your Godaun painted hands Hold station
54,SHO Depalpur,106/18,"294 323, 506, Badvi 0 ",Munseelal father / husband Hindusinh race Pardi age 45 years resident grams Tkipura,"Sanju Piita Munseelal race Pardi -gram Tkipura,",Complainant's house in front of the village Tkipura,0l-04-l8 17:20 between 17:20,4/1/2018 18:10,,Assaulted the complainant by the accused and the mother's sister naked been drawn threats from Galia and life
