Sl.,Station,Police Crime / Mrga No.,section,The complainant's name and address,The accused's name and address,Event site,Event Date and Time,Permanent date and time,Delays cause permanent,Details including the cause of the incident
1,Police Tukoganj,108/18,"323, 294,506,34 Badvi",Jitendra Barwan age 19 father / husband Tulsiram Barwan resident 200 V failure Indore,"Master -amr knoll Indore, Prince -amr knoll Indore,",Kalka temple near V Fell Indore,06-03-l8 11: 11: 5 between 0,3/6/2018 11:40,,Today dated 03/06/2018 the day was coming on foot ice from Malvamali 11:05 pm As soon as I Kalka temple has sat mentor Prince large free number Honda Shine without motor cycle back then transported fell to fifth. Came the immortal knoll and began to old enmity me mother naked naked abuses sister on I abused then to refuse to hit a sharp edge from behind me has hurt me above the elbow on the left arm and scares said will that Ainda was so over you know. Then I came to the police station to report with his mother.
2,Police Tukoganj,109/18,"279, 337 Badvi",Aarti Verma aged 33 years father / husband Subhash Verma resident 31/3 Goma's failure Indore,"- Unidentified bike's driver,",Avoids Pappu Bhatia has RS Bhandari Marg Indore,06-03-l8 16: 0 and 16: 0 beach,3/6/2018 17:30,,Today dated 03/06/18 on I his nephew behind Rohit Aktiwa sit Charak Hospital Sishant were Charak Hospital to see the odd evening 4:00 pm Pappu deferred Bhatia RS Bhandari Marg near Phuchi of Jnjirawala Choraha the unknown motor the driver of the cycle hit from behind on Aktiwa brought running with your bike quickly and carelessly and Rohit reported that the incident which led to hurt me in Eddie's left leg Sapas people come each report saw
3,Police Plasia,75/18,"279, Badvi",Mukesh father / husband Keshrsinh resident Mknan 0.472 g Knadia Indore,Car NO. MP09CT3767 driver -,Mnispuri intersection Indore,06-03-l8 13: 0 and 13: 0 beach,3/6/2018 15:20,on time,Complainant car NO. NO car from behind on MP09CS25l0. MP09CT3767 driver brought drove his car Tejagti and careless and hit on the car causing damage on the car.
4,Police MIG,161/18,"34 Excise Act,","Charge Bhagwan Singh father / husband ,,,,,,,,,,,,,,,, resident station MIG Indore","Dilip Verma father Chensinh Verma -38 Rustam garden Indore,",Corey Hospice near Rustam garden Indore,06-03-l8 12: 0 and 12: 0 beach,3/6/2018 12:30,,Mukbirse information received that Corey has seized Hospice near Rustam garden Indurkori 24 Quarter wines wines from the person who caught the Garabndi to sell alcohol which passer Panchan and summoned Beat R occupation garden Indore's Rustam near Dharamsala and arrest taken and the police station was brought Kaymkia crime
5,Police MIG,162/18,"34 Excise Act,","Charge Sanjay father / husband ,,,,,,,,,,,,,,, resident station MIG Indore","Rohit alias black father Mangilal age year -2 99 Rustam garden Indore,",Ayodyapuri Colony Indore,17:50 between 06-03-l8 17:50,3/6/2018 18:00,,Received notification from Mukbir that Ayodyapuri Colony One at Indore cutting station stands full of native wines wine plane on white bag in his hand that passerby can Garabandi the Panchan and summoned Beat R arrested after crime register Bddhkia
6,Police MIG,163/18,"323, 294,506,34,","Sanjay father / husband Devender Pal, a resident of 128 small Kjrani Indore","Bharat Solanki Small Kjrami Indore, Hrithik Jatav-Rustom garden Indore, peace Jatav-small Kjrani Indore,",Indra Chowk LIG Colony Indore,20:40 between 06-03-l8 20:40,3/6/2018 21:15,He came to the police station of the complainant,Aropigno be beaten by the complainant and the complainant's brother brisk walk to talk about her sister's bare naked abuses reported and kick Guson named after a Golu and Bharat Solanki has brought up war damage Pttinuma a Choj on stomach complainant.
7,Police Vijayanagar,157/18,"34,","Rule Trfe police Uninveen Srivastava by Vijay Nagar Indore father / husband ,,,,,,,,,,,, resident Vijay Nagar","Sachin alias Rudra father hukumachand Mahajan age 25 years free 33 Sector A, Suklia Indur-,",Scheme Garden Indore near Silver Jubilee Complex on 54,06-03-l8 17: 5: Between,3/6/2018 18:30,,Add a bag of accused 07 bottles whiskey (02X Whisky Royal Stag 05 X Whisky Mc Dowells) precious in sealed shut condition 4650 / Rs
8,Police Kjrana,193/18,"324,",Lamp Sanger father / husband Sobram Singh resident 2 endurance Nggr Treasury Indore,Unknown -,Yhadv showroom near Kjrana Indore,06-03-l8 15: 0: Beach,3/6/2018 16:00,,Unknown accused brought harm to the complainant lamp
9,Kjrana,196/18,363 Badvi,Akhtrbi husband Amanullah Khan Age -45 years free -70 Hinapailes colony Kjrana,Unknown,Heena Palace colony Kjrana Indore,6/3/2018 15:30,6/3/2018 20:45,on time,"Event date Fri 0 of girls who went mentally gone elsewhere pointed out neurotic, without. Fri 0 to suspicion that an unknown person Legya to caresses, luring the victim of abduction."
10,Station Hiranagar,138/18,"25, Arms Act",Rule Trfe police Hiranagar father / husband --- resident station Hiranagar,"Surendra father Shivraj Yadav 19 years -adinath Nagar Indore,",Readymade Complex Indore,23:50 between 05-03-l8 23:50,3/6/2018 0:50,,Without the possession of the accused were seized a sharp edged knife license
11,Police Baanganga,242/18,"34,",Shasm Trfe police station Baanganga father / husband police station Baanganga resident police station Baanganga,Elephant Mali -11 9 Bgiya Bagirthpura Indore,Bgiya Bagirthpura Indore,12:50 between 06-03-l8 12:50,3/6/2018 13:40,,Bgiya Bagirthpura wines from native 20 feet from the accused Ross was caught with Mshala
12,Police Ajhadnagr,83/18,"160,",Shasntrfe police station Azad Nagar father / husband. Resident station Azad Nagar,"Imran father Sheikh tot-Azad Nagar, Shadab father Altaf, Azad Nagar, Shahnbaj father Altaf, Azad Nagar,",Firdosh city Azad Nagar Indore,The 06-03-l8 9:15: Between,3/6/2018 9:35,,Aropiyan Sarwajnik are commotion place Nadu.
13,Police Ajhadnagr,82/18,"399,402, Bakdkvi, 25 Arms Act",Shasntrfe police station Azad Nagar Indore father / husband. Resident station Azad Nagar Indore,"Abdul Qadeer father Abdul Hamid -71 coal Bakl Pandharinath Indore, MO. Rehan father mo. Yusuf -321/2 Patnipura Geetachauk Mi Ji Indore, Ramadan Father Waheed Khan -gram Mgrda station Rehtgav Harda, Waheed aka Cintu father Rsul food grams Mgrda station Rehtgav Harda, Rakesh father Lakhan Verma -17 9 diameter Nagar slum Chandan Nagar, Sunil aka Nana father Kashiram Meena -40 PAWANPURI Palda Nemawar Road Indore,",Hanuman Temple Nemawar side road bypass service road behind,06-03-l8 0 5 2: 0 beach,3/6/2018 2:55,,Aropiyo were caught preparing to robbery.
14,Police Juni Indore,121/18,"279,",Dr Arun Chopra father / husband Ghanshyam Das Chopra age. 50-year-old resident of 25 B Scheme No. 114 Lsudia Indore,Car No. M. P. 0 9 c. Q-9701 driver -,Anand Hospital parking Indore,06-03-l8 12: 0: Beach,3/6/2018 13:45,,The accused took your vehicle quickly and casually bump into running standing car complainant trail dead loss
15,Police Juni Indore,122/18,"323, 294, 506, 34 Badvi",Huge Verma father / husband Hari Varma resident 35/5 Citavd Palda Indore,"Lokesh makhija father Bism slave makhija and other travel -35/5 Khatiwala tank Indore,",Sadhu Vaswani Garden near Indore,The 06-03-l8 14: 0: Beach,3/6/2018 15:30,,Aropio The bare naked Galia's mother's sister took the complainant to put Holi colors and hit the beat
16,Police Juni Indore,123/18,"452, 327, 427, 323, 294, 506, 336, 34 Badvi",Jaya Bnlchandani father / husband Self Pradeep Balchandani age. 46-year-old resident of 40/4 B. A. Sindhi Colony Indore,"Coral Sawan, Govinda, pins, innovation, integration, Pappu Free. Train near Harijan Colony Indore -",40/4 B. A. Sindhi Colony Indore,0l-03-l8 12:30 13: between 0,3/6/2018 17:25,,The accused threatened to kill to put in your pocket picked Connor color complainant store and Srab drinking violence is not your Ptth hitting the glass abscesses and hand punches Shop Rs demand and lives
17,Police Juni Indore,124/18,"279, 337","Rais Beg father / husband Afzal Baig, a resident of 221 Vijay Palace Colony Indore",Bike number m. P. 9 0 C. J. 1366 Driver -,Mori of Indore in front of Baba's shrine,06-03-l8 17: 0: Beach,3/6/2018 18:40,,The accused killed your vehicle quickly and casually bump into running motorcycle of plaintive forced to hurt the complainant
18,Police Ravji market,85/18,13 Gambling Act,Rule Trfe police station Ravji market Indore drugs are Prkarh 0.877 Mahendra Singh father / husband - resident police station Ravji market Indore,"Ajay father Devaraj -18 KUMAWAT Full Ravji market Indore, Nilesh father Shivrtn -5/1 Kumawatpura Ravji market Indore, Dilip father Gopal KUMAWAT -37 Kumawatpura Ravji market Indore, Suresh father Rajaram KUMAWAT -37 Kumawatpura Ravji market Indore, Dinesh father Gulab Chand Kumawat- 66 Ashok Nagar aerodrome Road Indore, Sanjay father Satyanarayana Slvadihya -33 Kumawatpura Ravji market Indore,",Red temple behind KUMAWAT Full house wall in light of daylight in Indore,19:30 between 06-03-l8 19:30,3/6/2018 20:30,on time,Aropiyan to play cards gambling Harjit the leaves are colored hands caught that leaves 52 cards from occupation and 6470 were Rs cash was seized.
19,Police Bnvrkuaan,150/18,"279.337 Badvi. ,",Rule Trfe police Bnvrkua District Indore Skukniksureshcndra Awasthi father / husband ..... resident police Bnvrkua District Indore,Car car. MP09CP1850 driver -,Apple Hospital intersection Indore,9:30 between 06-03-l8 9:30,3/6/2018 14:30,On checking Sanha,Charged car car. MP09CP1850 the driver Clakrmjruh Sivakumar quite fast and carelessly your vehicle dad Ramfer Yadav 35 years of age free. 200 Ch park bump Colony police station Bnvrkua Indore Biber said to be injured. Which Mjruh the left eye and temple and has got injury and stomach right hand finger
20,Police Bnvrkuaan,151/18,"323., 294k506kbakdkvik","Rajendra Singh, father / husband, father Lakhan Singh Parmar age 25 years resident 146 Triveni Nagar Citavd Road Indore",Rahul Silavt father Rama Silavt -triveni city Citavd Indore,Parmar Citavd Road Indore front Awhrfres,19:30 between 06-03-l8 19:30,3/6/2018 20:30,At present police arrive complainant,"Accused Rahul Silavt father Rama Silavt free. Asking cigarette Triveni Nagar Citavd Indore came to the complainant's shop and plaintive, I said that cigarette is not Tofriadi mother said while sister naked naked abuses that mofo do not Sigrte stall why opened lying along the road outside me shop saying a glass bottle Rahul said while threatening to hit me in the head and killed to keep cigarettes in the next time will the store saying I ma Sister of the dirty threats from dirty Galiyan and life."
21,Police Bnvrkuaan,148/18,"294 ,, 323,506,34 Badvi","Ayushi diameter father / husband's father Rajesh Vyas race Brhmmn age 20 years resident Main Road Bdawani Anjrhal know Mahalakshmi Nagar police station, Vijay Nagar Indore",Nina and her father Indore to -175 Vidya Nagar Yamnotri Apartment,175 Vidya Nagar Indore,22:15 between 05-03-l8 22:15,3/6/2018 1:35,At present police arrive Friadia,Naina Bhatia and ongoing Bhsvaji few days between me and Nina was giving all my friends porn messages and phone calls by threatening then call him call me. Hence I and my friends Diwyani Dubey thought we after we went home to our house to explain by talking to his father and Time 10.15 We've come to us to talk uttered by his father. From that make eyes and shut the gate of her father's house Naina has to be reckoned with me and give my friend Diwyani I Galia The bare-naked Galia's mother sister he later beat her father had abused Gupta my assault and the Jhumajtki and beat my friend I clothes were ripped and began my throat Dwakr threaten me that I have laid the shotgun. Just Donoko Ueda Duga
22,Police aerodrome,140/18,"336.294.506.34 Bakdkvik,","Pritesh Jain father / husband Praveen Kumar Jain, a resident 144/07 Babumurai Kaluni Indore","Dipesh father Brij Raj Singh -142/07 Babu Murai Kaluni Indore, 'Ayush' father Vinayak -43 Ma Vaishno Devinagr Indore, Raj's father Ravi -2/2 Babumurai Kaluni Indore Shubham Panwar father Raja Singh -07 Babumurai Kaluni Indore",Gali No. 07 Babu Murai Kaluni Indore,The 05-03-l8 18:30: Between,3/6/2018 0:15,,The Aropian threatening to kill another life abuse Gloch were killed by Gloch abusing the complainant refusing stone and negotiating tax
23,Police aerodrome,141/18,"336,294,506. Bakdkvi,",Ayush 'father / husband Vinayak resident 43 Maa Vaishno Devinagr Indore,Pritesh Jain Father Praveen Kumar Jain -144/07 Babumurai Kaluni Indore,Gali No. 07 Babu Murai Kaluni Indore,The 05-03-l8 18:30: Between,3/6/2018 0:45,,The accused threatened to kill the complainant known to throw a stone at forbidden Gloch abuse when Khde with friends and
24,Police Dwarkapuri,104/18,"25 Arms Act,",Rule Trfe police station Wdarkapuri Indore father / husband ------------ resident police station Wdarkapuri Indore,Roshan Nirgude father Ramesh Nirgude age 29 years .- Ahirkedi Kankd Indore,Nath Mohalla Ahirkedi Indore,06-03-l8 20: 5 20: 5 between,3/6/2018 21:10,,Arhopi has the length to fit sharp disguised with fruit black pipe was 12 inches which were white button.
25,Thana Manpur,61/18,"279 Badvi, 337 Badvi","Rule Trfe police Manpur monitored by the Suni Cansih Chauhan father / husband Mr. DeMotte Singh Chauhan, a resident station Manpur",Activa driver Bob Sule father Ramchandra Sule -rajpura ground station Manpur District Indore,G Kailod Road Nandlai Valley station Manpur District Indore,16:30 between 25-0l-l8 16:30,3/6/2018 11:30,On inquiry,The accused brought out together in their car at high speed and negligence and hit on the car of the complainant reported causing injuries to the complainant
26,Police Brgonda,90/18,"294 ,, 323, 506, 34",Shakeela B. father / husband Mohammad Sadiq resident grams Hyderabadi settlement,"Birch aka Samir father Hyder caste Muslims -hadrabadi township police Bdgonda, Wajit father Hyder Muslim -gram Hyderabadi township,",G Hyderabadi settlement,06-03-l8 10: 0 and 10: 0 beach,3/6/2018 15:10,on time,Aropiyo has Friadia assaulting his mother Bhnki porn Galia girls threats Phuchai injuries and death.
27,Police gautampura,41/18,"420, 420.467.468.471.34. Badvi",Rajesh father Mansih? race Kluta 35-year old father / husband Mansih? resident Bajrang Parish Knadia,"Mascara father Ram Thakur age 20 years -muganj station Muganj Rewa, Ranjit Sih? father Premsih? -manglia Yadav, Anil father Pratapasih? Kluta -shastri Colony Nsrullaganj,",G Kai,The 03-03-l8 15: 0 0: 0 beach,3/6/2018 17:50,,Accused falsely married the dream Dube called brother Kalyan Singh fake documents Adharkard ready Fri 0 75 thousand from Fri to Aropia mascara 0. 
28,Police gautampura,42/18,"452,354,506., 452..354.506. Badvi 7/8 sexual",Skuntlabai husband Khushilaal race like age 50 Sul father / husband Khushilaal resident Devra Tekra gautampura,"Ramesh's father Deep Chand race like Anil's Dhaba Rlayta Road,",Friadiya home Devra Tekra,06-03-l8 16: 0: Beach,3/6/2018 18:50,,The accused Dos to kill the captured hand from bad intentions with the girls entering the complainant in Friydiya home
29,Police gautampura,43/18,"34, 34 Excise Act",Rule Trfe police gautampura father / husband following resident station gautampura,"Sun father Szznsih? caste Rajput age 21 years -gram Rudakiya,",Jaiswal gautampura near petrol pump,18:45 between 06-03-l8 18:45,3/6/2018 19:20,,The accused was arrested are illegal to carry alcohol
30,Police gautampura,40/18,"294,323,506. Badvi, 294,323,506. Badvi",Father God Somaji race Bagri age 20 father / husband Somaji resident grams Fulan,"Kana father Sohan caste Rajput -gram Fulan,",Sohan Farm Village Fulan,06-03-l8 9: 9 0: 0 beach,3/6/2018 10:10,,The accused Dos to kill the complainant know the hurt kill Ashley Glia The Favde mother's sister took to putting ballast Phchai and.
31,Police betma,127/18,"34, (1)",Rule passed Suni father / husband Trfe police betma Baria resident police station betma,"Pramod Dubey father Ramavdas Dube age 45 year- Paladin Dhaba Bhojpuri Colony Kalibillod,",Front Bhojpuri Colony Ram Rahim eatery,05-03-l8 22: 0: Beach,3/6/2018 0:00,,Accused of illegally 17 Beer arrested was seized in just a huge amount and 05 Agreji MD rum Kimti 2350 RS
32,Police betma,128/18,"34 (1),",Rule Trfe police betma father / husband by Uni Triloksih bass resident betma,"Pappu father Takrsih Chauhan race Klota age 48 years-younger betma,",Panchayat Aas plan brook near grams small betma,06-03-l8 19: 0: Beach,3/6/2018 19:45,,Pappu accused of illegal alcohol selling red handed caught and seized illegal alcohol Kimti Rs 1340 on a Theli from his possession
33,Kishanganj,114/18,"399, 402 Badvi",Charted police station Kishanganj,"1-Sunil father Vishnu Chaudhary Age -40 years free Dewas, 2-Singaram father Rnjod Patel R g Piplia potter Indore, 3-Pappu father Vinod Patel pro-grams Ajnod Sanver, 4-father Rajesh Shankar Giri Goswami free 0 MR -10 dirty pond Bhangarh, 5-Mukesh father Babu Goswami free 0 Sadar, 6-Naval father Narayan Kir free 0 Sadar",T-bridge of Abirod down,6/3/2018 22:00,3/7/2018 2:05,on time,Arrested accused make the robbery plan. Were seized a native bag and knife and timber from the possession of the accused.
