Sl.,Station,Police Crime / Mrga No.,section,The complainant's name and address,The accused's name and address,Event site,Event Date and Time,Permanent date and time,Delays cause permanent,Details including the cause of the incident
1,Station MG Road,111/18,"323,",Aniket Yadav father / husband Vijay Yadav age 12 years resident 28/2 coster Mohalla Indore,"Omnprkash Cole -tulsiram Cole,",Coster Parish Shiva temple near Indore,19:30 between 02-04-l8 19: 0,4/2/2018 21:50,,Non applicant has constantly beaten up by the applicant from the point of Cidane.
2,Police Tukoganj,145/18,"379,","Purushottam Lal Suman father / husband, father, Dr. Kailash Kumar age 26 years resident 14/7 New Plasia near Laxmi Memorial Indore","Agyat-,",14/7 New Plasia near Laxmi Memorial Indore,29-03-l8 10: 0 and 16: 0 beach,4/2/2018 13:40,Today I am here to report on the meeting not been Talas to date,Yamaha R15 V2 No. unknown accused rogue complainant. GJ01NM6343 Chassis no. MEllCK0llC20l5545 engine no. 1CK1015507 model took stole 2012 placed location.
3,Police Tukoganj,146/18,"294, 323",Bhavani Shankar father / husband Nanalal Joshi age 58 years resident 97/2 Nheru city Indore,"Chandrashekhar Vyas father Jagdish Vyas Municipal Corporation Zone NO. 09 fell to fifth Indore,",Municipal zone NO. 09 V failure Indore,11:30 between 02-04-l8 11:30,4/2/2018 14:35,,"The accused then has asked the complainant to the bare naked Galiyan came I got kicked bottle of water, and kick assaulting Tuse and laid on his arm hit on the nose me something that I nose on assault took out blood from my nose , hot on the left and hurt the ears."
4,Police Tukoganj,147/18,354,"Fund Yadav father / husband, father Mukesh Yadav age 20 years resident 222 Babu Lal Nagar Musakedi Palda Indore","Car NO. MP07CE8648 driver Ravi Misra-,",Prince Bridge off station in front of Park Road Indore,19:30 between 02-04-l8 19:30,4/2/2018 21:50,,"Event date Fri 0 were your Jupiter car which suddenly went down, the accused came from the car AND the voice Fri 0 to get fitter took sit in the car AND things as they propped Zhang and chest with bad intentions, to resist Fri 0 uttered running with in 5000 rupees. Fri 0 Kbrai AND cried the accused had the car stopped off him."
5,Police Snyogitaganj,120/18,"25 Arms Act,",Rule station Snyogitagaj father / husband sub Free by Trfe police. BD Bharti station Snyogitaganj Indore resident station Snyogitaganj Indore,Karan father Gokul Bhilala 18 years of age -thanagat station Kantafod District Dewas,Zoo in front of Indore,02-04-l8 11: 0 and 11: 0 beach,4/2/2018 12:15,,Accused Avaddh negotiated freely found Dar knife with a total length of 13.5 inches fruit length of 6.5 inches and a length of the shaft 7 inches on the pointy part of Chodai 1 inch AND Fruit Fruit 9 tooth made of both sides plastic red Hakmut engaged Hakkimti Rs 200 RIP. To be seized.
6,Police Snyogitaganj,121/18,"34 Ab.akt,",Police station Snyogitagaj father / husband Prkark 1616 Mahesh Chauhan know Thana Snyogitaganj District Indore-based station Snyogitaganj District Indore,"Sky aka Pearl father Ram Silavt age .. 24 years -12/1 Klali Mohalla camp Indore,",Arjun Klali Mohalla Indore near Pyau,21:30 between 02-04-l8 21:30,4/2/2018 22:40,,Accused the search of plastic bag from Avaddh has 19 quarters of country liquor plane Kimti 1140 / Rs seized. 
7,Police Plasia,103/18,"379, Badvi",Asmita father / husband Ashok Agarwal age 24 years resident of flat No. 0.402 C block Shreeji Valley Bichauli Mrdna Indore,"Unknown Activa aboard two person-,",Journalist intersection near Indore,0l-04-l8 22:30 between 22:30,4/2/2018 0:05,The report came from the brother,"One Nile color of Bang a purse which in the unknown rogue Friadia, a mobile phone MI Company and cash were taken stole housed 10,000 rupees Total cash 15,000 Rupey location."
8,Thana short Gwaltoli,53/18,"380 Badvi,",Lights Sirsia father / husband Sonu Sirsia resident 4/7 Murai Mohalla Indore,"Punmsih father Gabbar Singh Kligr sky city Indore, Gulshan father Ciragsinh 19 year-sky city Indore, Kanha father Sagar Singh, 20 years old sky city Indore,",4/7 Murai Mohalla Indore,14:30 between 30-03-l8 14:30,4/2/2018 19:35,,"Lock the key lock open cash wardrobe and entered accused the complainant of the house 3 9 00 bucks and gold Chadi jewelry stolen a total precious Rs 40,000"
9,Police MIG,231/18,"323, 294,506,427,34,","Nitesh father / husband Kamal Chauhan, a resident Graam Dharmapuri Saver Indore","Rahulpita Raja Bahadur Yadav -144 Narasimha move Indore, Vicky Thakur Narasimha move Indore, Vishal Thakur-Narasimha move Indore,",Nehru Nagar Road No. 3 Nehru Nagar Indore,00:20 between 02-04-l8 12:20,4/2/2018 1:20,,Complainant that were going through the two friends Bob and the DJ Sanund goods on loading rickshaw with Sunny side Mlwamil Nehru Nagar Auto Club Dobigat Nehru Nagar Road No. On a bike 3 were negotiating standing on the road between the two men Rahul I told him that I have to get you started to get in your car side that's what three people Ngin Ngin abuses me her sister I refuse Galidene so three threatened to kill me kicking assault Guso's and my auto rickshaw glass also broke and the middle came to the rescue and to beat my friends
10,Police MIG,232/18,"457, 380",Mukesh father / husband Sudama Prasad Barolia resident grams protractor Mhow station Nriavli ocean Recently stage G 35 MIG Colony Indore,"Unknown con,",G-35 MIG Colony Indore,02-04-l8 6: 0 6: 0 beach,4/2/2018 8:30,He came to the police station of the complainant,Complainant Mukesh G 35 MIG works here Tongue summed Honor at Colony Indore and remains the same date 1 9 K03kl8 the night around 0 9 .30 pm lock Friadi 02.04 Date your home village protractor Mhow station Nriavli was Sea which came around the back 18 of Suubh home lock is broken and lay down the paper in my wardrobe Rs.1500 was not that an unknown thief stole inroads in home lock Chod home And has taken and the kitchen was kept fires burning in paper and duct on
11,Police Vijayanagar,228/18,"279, 337","Bob's father / husband, father Shri Shiv Lal Silavt age 22 years  ","The driver of the loading vehicle MP09.GG.2964 -,",No. Di.acksector scheme behind Apollo. 74 Vijayanagar Indore,The 02-04-l8 2:30 0: 0 beach,4/2/2018 16:00,,Charged Vehicle number Driver's MP09.GG.2964 came injury and back in your vehicle speed and the left leg was carelessly brought running trail and dropping collision rammed into Scotty's plaintive from falling behind and left hand .
12,Police Vijayanagar,230/18,"279, 427",KN Shabu resident. Father / Husband Father KG Nilkantn 47 years old and a resident of 123 Pink City Mushakedi Indore,"The driver of the truck Kramak HR-74-5503 .-,",Hotel Vijay Nagar Indore front of Infiniti.,The 02-04-l8 20:15 0: 0 beach,4/2/2018 21:50,,Bmfr behind the truck Kramak HR-74-5503 driver of the truck quickly and carelessly drove that car hit the rear driver side in the car to have been damaged both doors.
13,Police Vijayanagar,229/18,"379,",Shankar Lal resident mobile number. Father / Husband father Mr. Gajanand KUMAWAT age 46 years resident 72/2 Pardeshipura Indore,"Agyatk-,",Gopal Traders Scheme No. 74 Indore,29-03-l8 21:15 between 20:30,4/2/2018 20:00,,Date came at my store Around 8.30 pm 03.29.2018 and I own Hero Honda Spelendr Moksakkramank. MP09.NF.2136 Model 2010 chassis number. MBLHA10EZAHM61997 engine number. HA10EFAMHM01833 color black No. Gopal Traders Scheme. The blocks by vertically 74 Indore I took stole space housed an unknown crooks went to his shop
14,Police Lsudia,288/18,"279 Badvi,",Manoj Yadav father self Sunder Lal Yadav age -54 years of Father / Husband Self Sunder Lal resident Mknk F-3 DLF Garden City Maglia Indore Moknk 9826055066,Truck No. UP13AT6682 driver -,Hotels Wart Lilly Village Nipania Waypas Road Indore,7:15 between 02-04-l8 7:15,4/2/2018 10:30,,"Truck No. UP13AT6682 driver has brought running careless your truck and loss of property of the outer wall, the hotel's sign board and Chamber, STP roof."
15,Police Lsudia,289/18,"323,294,506,34 Badvi,","Rule Trfe police charge monitored by police Lsudia 738 Shailendra Singh, father / husband station Lsudia resident station Lsudia","Singh, Sonu not -skim. 78 Indore,",Mknk 373 Nirjnpur Indore,0l-04-l8 23:30 between 23:30,4/2/2018 11:40,,"Accused Singh, Sonu has Mjruh sun father Indrajit age 24 years resident Nirnjpur threatening to go to beat the filthy dirty Galiya reported and slapped Mukco Indore."
16,Police Lsudia,290/18,"379 Badvi,",Mahendra Singh father Ramesh Singh Age -32 years father / husband Ramesh Singh resident Mknk 271 Sector A not Slais. 03 Do not scheme. 78 Indore Moknk 9926636681,"unknown person -,",Kataria Dewas Naka Indore front of Complex,26-03-l8 21: 0 and 21: 0 beach,4/2/2018 12:20,,Unknown accused took the complainant Bajaj Pulsar 180 motor stole the cycle number MP09MG6112.
17,Police Lsudia,291/18,"323,294,506,34 Badvi,",Anuj Aggarwal father Braja Agarwal age 30 father / husband Braja Agarwal  ,Bdrainath- satisfaction Rathor and others -,17 B Amrit Palace Nipania Indore,2:15 between 02-04-l8 2:15,4/2/2018 22:15,,Aropiyo threatened to kill the assault filthy dirty Galiya has slapped Mukco Dndo the complainant and lives.
18,Police Kjrana,258/18,"323, 294,506,34,",Nasser father / husband Javed resident Dultbag Colony Kjrana Indore,"Sonu -dultbag Colony Kjrana Indur, Golu -dultbag Colony Kjrana Indore, Taushif -dultbag Colony Kjrana,",Dultbag Colony Kjrana Indore,The 02-04-l8 9: 0 0: 0 beach,4/2/2018 10:30,,The accused had been an old house dispute the complainant bare naked Galiay's mother and sister injured by beatings with wooden and to threaten to kill Session
19,Police Kjrana,259/18,"323, 294,506,34",Sheikh Jamil father / husband Sheikh Habib resident Dultbag Colony Kjrana Indore,"Nasser father Javad - Dultbag Colony Kjrana, JA -dultbag Colony Kjrana Indore,",Dultbag Colony Kjrana Indore,The 30-ll--l 9: 0 0: 0 beach,4/2/2018 11:10,,If the complainant has drawn Galia's mother sister dispute the old house and the ax on her Singh dead injury led Eve his boy and minimize gave him also threatened to kill the beat of pipes
20,Station Tilak Nagar,109/18,"379,",Virender father / husband Swkbalmuknd Bhavsar resident Chris apartments 14-15 Paras Dham Colony near Giridhar Nagar Indore,Unknown -,Chris apartments 14-15 Paras Dham Colony near Giridhar Nagar Indore,22:30 between 0l-04-l8 16:30,4/2/2018 11:45,,An unknown Arhopi took an unknown crooks stole the complainant's motorcycle Kramak MP 0 9m Uu 6017 parking Chris apartments 14-15 Paras Dham Colony near Giridhar Nagar Indore
21,Station Tilak Nagar,110/18,"454 380,",Radheshyam Sisodia father / husband Swkbvsinh Sisodia resident 24 Chauhan Nagar Indore,Unknown -,24 Chauhan Nagar Indore,02-04-l8 18:30 to 19: 0 beach,4/2/2018 21:05,,"Complainant to listen add two to an unknown rogue lock breaking Chadi per day out of house, Pixav Weighing Kroda Bjni of approximately 200 grams Chadi approximately 250 grams and a joint gold earring and a joint gold coil weighing approximately 5 grams and 6 pieces gold beads all object took old Stemali and cash Rs 15,000 approximately 20,000 / Rs steals on the stuff day"
22,Police Knadia,127/18,"420, 467 468, 471 120 B Badvi",Rule Uni KC drugs are Trfe police Knadia Patidars father / husband .... resident station Knadia,"Shantabai husband Om Prakash Dubey - free. G Krnavd folding. Bagli in Dewas district, Chandabai husband Lalitshankr Pandya -ni. G Samlia folding. Sngvada District Dongrpur, Rajasthan. Vandnabai husband Hemant Trivedi -gram Chapda folding. Bagli Dewas district. Dilip father Jagdishcndra Sharma -ni. G Guradia art folding. Bagli in Dewas district, Someshwar father Jagdishcndra Sharma N-. G Guradia art folding. Bagli in Dewas district, Sidheswar father Jagdishcndra Sharma -ni. G Guradia art folding. Bagli in Dewas district, Jagdishcndra father Nageshwar Sharma -ni. G Guradia art folding. Bagli in Dewas district, Jagdishcndra father Nageshwar Sharma - sangeetabai husband Suresh Chandra Joshi free. G Sgravda folding. Sailana district Ratlam",Neither survey. 44 g ground Knadia Indore,The 28-02-l4 0: 0 0: 0 beach,4/2/2018 16:35,On inquiry," Aropio the Mritika Parvati Bai husband Awnkarlal free 0 Kankoli district were told to inform him alive after he died in 1975 in Rajasthan to be the here and erected letter forged documents claiming to be his death set in 2015, his death certificate and 60.92 of Mritika acres of fraud will get their name from fraudulent land. "
23,Police Knadia,128/18,"379,","Mahendra Patidars age 33 years father / husband, father Sivaram Patidars resident pro. 159 communication Nagar extension Knadia Road Indore Moknk",Unknown -,159 communication Nagar extension Knadia Road Indore,3l-03-l8 12: 0 and 13: 0 beach,4/2/2018 18:05,,Complainant bike Hero Honda Splendr car. MP10 / MB / 7237 Chassis no. MBLHA10EE8HK16094 engine and took HA10EA8HK30828 black model 2008 Kimti 8000 An unknown crooks stole Rs.
24,Baanganga ,320/18,"498-A, 506.34 Badvi 0 ",Creation husband Lokesh 27 years free 0 Nilganga Uzzen ,"Lokesh father Basant Sharma R 0 Yadvnand Nagar Indore, Basant Sharma R 0 Sadar, gentle husband spring free 0 Sadar ",Street number Yadvnand city Indore ,Consecutive 15:05:13 ,2/4/2018 12:58,Women on the FIR of 0/18 the station Uzzen been sustained offense.,Aropio by Fri 0 to torture the motorcycles of the physical and mental demands on dowry AND has threatened to kill Janse. 
25,Baanganga ,321/18 ,"354 Badvi 0, 7/8 Pasco Act",Sobabai husband Raju 35 years free 0 street number 01 Nandbag Colony ,Sky Jaiswal ,Nandbag Colony Indore ,2/4/2018 19:30,4/3/2018 1:10,Fri come station 0 ,Event date the accused Fri 0 daughter Sneha age caught hand badly due to 14 years. 
26,Hiranagar ,187/18 ,"354 354-D, 506 Badvi 0 AND 7/18 Pasco Act",Amisha Sharma father John Smith 16 years Free 0 1129 New Gauri Nagar Indore ,Shivam Pathak father Devendra free 0 Bagirthpura Indore ,Old Gauri Nagar Indore near the gate of St. Vincent Kloti school,2/4/2018 7:30,2/4/2018 15:08,Fri come station 0 ,"Fri 0 was going to school and came home at the same time accused AND apprehended hand badly due to the school gate, Fri members around screaming 0 has intervened. The accused said they are that will kill anyone to know you and your brother to tell."
27,Police Pardeshipura,175/18,"379 Badvi,","Amardeep age 27 years father / husband, father Vinit Sharma resident free 3 White City Indore mo. 9713930911","Agyat-,",Indore front moves Temple of Malwa miles swarf,20:45 between 3l-03-l8 19:45,4/2/2018 14:35,,Date 31/03/2018 evening around 07/45 o'clock I went to Bhandara temple in Malwa miles Ptreki move then your Moksak Bajaj 'Discover 100 cc not. MP09NX3446 whose engine number. JBZWDK94200 and Cacis No. MD2A14AZ2DWK10425 Model 2013 went into the temple stood outside the temple and night came back almost 11/45 at my above Moksak I was not on set on the meeting not be looking around came to the station with today's date Pandit Narendra Tripathi Hu.  
28,Police Tejaji City,131/18,"In 14 g. Max state security. 188 Badvi,","Rule prescribed by Trfe police Tejagingr Q R 254 Vinod Singh, father / husband named resident station Tejagingr Indore",Dharmendra father Berusinh Tanwar Age 30 years -kumhar Parish Village Kailod cymbal Indore,Accused potter locality outside Dharmendra's home village Kailod cymbal Indore,23:45 between 0l-04-l8 23:45,4/2/2018 0:20,Return on permanent,Accused Dharmendra be found on its home against the order which was Badr district command of Sir Additional District Magistrate Mr.
29,Police Tejaji City,132/18,"34 Excise Act,",Rule Suni Dinesh Kumar drugs are Trfe Pulis Tejagingr father / husband's name Resident station Tejagingr Indore,Ramkla by husband Ramesh age 40 years -127/3 Skinner Parish Limbodi Indore,Skinner Parish Limbodi Indore front Aropia home,02-04-l8 17: 17 0: 0 beach,4/2/2018 17:40,Return on permanent,Aropia illegal alcohol hand furnace Pakhda red-handed on raw Mhua
30,Police Tejaji City,133/18,"36 b Excise Act,",Rule prescribed by Trfe police Tejagingr Q R 2763 Sanjay Deshla father / husband's name Resident station Tejagingr Indore,Mahesh father Biluram Sawley age 37 years -bil Parish Limbodi Indore,Limbodi Bhil Mohalla empty field Indore,20:25 between 02-04-l8 20:25,4/2/2018 21:25,,The accused was caught drink red handed alcohol in a public place
31,Police Rau,144/18,"279,337 Badvi,",Saurabh Shukla father / husband's father Shrikant Shukla  ,"Moksak Kr.amkpi 0.0 9 Kyu.afkl265-not know,",Before liberation Abbey Road Rau,23:55 between 0l-04-l8 23: 0,4/2/2018 20:15,Nirnkra,Event date the accused driver killed your vehicle fast and negligence bump Tlakr complainant resulting in injuries to the complainant.
32,Police Ravji market,111/18,34 MP. Excise Act 1915,Rule Suni Sntramsinh avoidance father / husband Mr. Sivanaiksinh avoidance resident station Ravjibajar Indore by Trfe police,"Anokeelal San -hanumanprasad Sen. age 52 years,",Gadai near intersection Indore,12:45 between 02-04-l8 00:45,4/2/2018 2:10,,Laid Avadharup possession charges 1 9 Quarter country liquor plane went wine Kimti seized about Rs 760.
33,Police Jewelry,41/18,"279 Badvi,","Sryansh Betala age 29 years father / spouse elephant Betala resident 42 Janaki Nagar An.aks, police vortex Kuala Indore","Moksak MP09, QM, 8402 Driver -indur,",Baru Baba temple near pot market Indore,02-04-l8 22:35 between 22:30,4/2/2018 23:50,,"Complainant Bjajkhana Moksakkr out of square pots are all Peepli was market being the only Baru Babaji temple near a street market. MP09, QM 8402 driver fast negligence Moksakclakr brought and the complainant's car on hit from the side which was broken bumper of the complainant's car"
34,Police Ctripura,93/18,"379 Badvi,",Sky Father / Husband Tarun Tomar resident 168 Ushanagr extension Indore,"Agat-,",Cloth Market Labria Beru Indore in front of hospital,02-04-l8 10:30 to 11: 0 beach,4/2/2018 21:30,,Motorcycles took FH Hero Deluxe MP 0 9kyuef 3062 stole unknown thief kept place
35,Police Mlharganj,153/18,"4A, speculative Act.",Rule Trfe police Mlharganj father / husband ------- resident station Mlharganj District Indore,"Narendra Jat father Sonny Singh Jat Age 57 years -884, Ashok Nagar, aerodrome, Indore ,, Bholaram father Mangilal Taylor age 50 years -pancmurthy town, near the lively talkies, Chandan Nagar, Indore, Sumit Prajapat father Barulal Prajapat age 23 years - 143, monolithic city, aerodrome, Indore ,, Jhur Khan's father Rafiq Khan age 36 years -. 119, Puri, Sirpur, Dhar Road, Indore,","Behind the red hospital, tea shop, Yashwantganj, Indore",02-04-l8 16: 5 16: 5 between,4/2/2018 17:35,Return,Aropiyann ??illegal speculative accounts held with
36,Police Mlharganj,154/18,"363, 366 376 506 Badvi.",Rule Trfe police  ,"Proud father Premchanndra Sonkar age 27 years -10/1 Klali Mohalla Indore,","Nyukjikdiksik In front of the college gate, Indore",27-03-l8 8: 0 8: 0 beach,4/2/2018 21:25,Accused Friadiyon am pans out after the wedding,The accused threatened to kill Pidita brought by threatening to kill the parents AND BROTHER AND had forced marriage AND life forcibly raped her and also Pidita to tell anyone. 
37,Thana Sadar Bazar,97/18,"323, 294 506 Badvi","Anita Yadav, father / husband Anil Yadav, 35-year old resident of 12 North Ghafoor Khan of Indore before Bjria memory Talkies","Sanjay aka Father Brown Indore front of Hira Lal Kahar -13 North Ghafoor Khan of Bjria memory talkies,",North Ghafoor Khan of Indore before Bjria memory Talkies,02-04-l8 18: 18: 0 between 0,4/2/2018 19:50,on time,Accused thereby threatened to kill Friadia life from the point of staring the bare naked Galia's mother and sister and assaulted the boy Friadia and her sister injured her right hand.
38,Thana Sadar Bazar,98/18,"323, 294 506 Badvi",Yadunath opinion of Father / Husband Hrinder opinion caste Yadav age 40 years resident accessible complex Gfur Khan of Bjriya Indore,Rizwan father Abdul Gani-Gfur Khan of Bjriya Indore,Sulabh Complex Gfur Khan of Bjriya Indore,"02-04-l8 20: 0, 20: 0 beach",4/2/2018 23:40,on time,"The accused took the matter to remove erythema the complainant The bare naked Galia's mother, sister, hand assault Mukco which threats were hurt on either left hand and head and killed."
39,Police aerodrome,199/18,"454, 380",Mangesh Pal father / husband Mr. GD Pal resident 38 Indra Gandhi Nagar Kesar Bagh Road recently 44 Mnusri Nagar Extension small Bagdda Road Indore,"Agyat-,",44 Mnusri Nagar Extension small Bagdda Road Indore,0l-04-l8 14: 22: 0 between 0,4/2/2018 12:40,,An unknown person took the lock breaking stolen from the house of the complainant
40,Police aerodrome,200/18,"354 D, 509/506",Mina Raghuvanshi father / husband Hari Om Raghuvanshi resident 225 Laxman Full Halskim No. near 60 feet road worker Square Pawar's house Indore,"Renewable Pade -chhavni Indore,",225 LAX to complete Halskim No. 60 Feet Road worker Square Pawar's house Indu,02-0l-l8 0: 13:15 between 0,4/2/2018 14:45,To report Friadia,"About my date a year ago, went to be identified know guys my Akshay Pandey name, path and we had discussions continue on both the phone and sometimes renewable Pandey lived comes to my house, and followed my bad intentions in was also obscene gestures, but the date of .02.01.2018 he began to bother me, and said that not you will have to come to me so I'll will kill your children and tell all your husband last date .01.04. 20 18 for my phone number from renewable phone Pandey No. 0.7024937166. I got a call on 9575664641 to phone my husband Hari Om took them abused Gupta, I went upset renewable Pandey,"
41,Police aerodrome,201/18,"379, 00","Shubham's father / husband Anand Mishra, a resident of 540 Hujurganj Indore","Agyat-,",Srshti Palace Riksa stand little Bagdda Road Indore,19:30 between 02-04-l8 19: 0,4/2/2018 21:40,,"Today's date .02.04.18's evening around 7:00 pm, I ride auto Riksa Nos. MP09.TA.3613 whose engine No. .24 MBTF85875 and Cacis Nos. MD2AAASZZTWF06483 Maadl 1996 color blue yellow mini Bagdda Road Srshti Palace Riksa stand by standing on was urinating out on the street. Around 7:30 I was back then urinates came to his riding Auto Riksa and not seen my the ride rather be standing auto Riksa. Then I had to figure out around no information to anyone who has taken an unknown person stole,"
42,Police Rajendra Nagar,187/18,"323,294,506,34 Badvi,","Harish Kumar Arija father / husband Hasoml Arija resident 362, Sadhuwaswani Nagar police station Juni Indore","Pratap father Mohnlala considered and two other fellow-Lodhipura Indore,",Freud Mandi Choithram store number 01 behind Indore's toilet,02-04-l8 11: 0 and 11: 0 beach,4/2/2018 13:10,,Aropio hit the wooden head Rohit guys the complainant about the matter of the old controversy which injured Rohit.
43,Police Rajendra Nagar,188/18,"323,506,34 Bakdkvik,","Madan Parmar Age 54 years father / husband Budda G Parmar, a resident of 643, Harijan Mohalla Bijlpur Indore","Ramprasad father Budda G Parmar -643, Harijan Mohalla Bijlpur Indore Sushila husband Ram -643, Harijan Mohalla Bijlpur Indore,","643, Harijan Mohalla Bijlpur Indore",22:15 between 02-04-l8 22:15,4/2/2018 23:15,,Aropiyo over to the family dispute the complainant and had injuries to so beat up his wife both.
44,Police Dwarkapuri,150/18,"13 Gambling Act,",Rule Trfe police station Wdarkapuri Indore monitored by Uni-R. R. Waskle father / husband ---------------- resident police station Wdarkapuri Indore,"Sanjay's father Hari Sagure age 40 years -181 Rishi Palace Colony Indore, lamps father Gopichand Khanna age 32 years - 181 Sage Palace Colony Indore Manoj father Ramchandra Balse age of 18 years - 117 Sage Palace Colony Indore Bhagirath father Shankar Malviya Age 52 - 54 A. Wiseman Palace Colony Indore, Karan father Bhagirath age 18 - 59 Rishi Palace Colony Indore Dharmendra father guru age 26 years - 4 Rishi Palace Colony Indore",Amrit Lal's house near Rishi Palace Colony,15:10 between 02-04-l8 15:10,4/2/2018 15:45,,1460 bucks cash and 52 playing cards
45,Police Dwarkapuri,151/18,"323, 294, 506, 34 Badvi,",Ajay age 37 father / husband Koshraj Kakkad resident 101 E Prajapat Nagar Indore mo.,Ajay Rathore and his other fellow-free. Prajapat Indore,Dwarkapuri Indore Punjab Bakery,19:30 between 02-04-l8 19:30,4/2/2018 20:40,,As soon as I free Ajay on a motor cycle was only reached in front of Punjab Bakery. Prajapat Indore and gave her another partner and bare naked abuses me her sister. When I refused to abuse stopped the car came down from both the car and told me that mother fucker Why run a car. And started beating me
46,Police Dwarkapuri,152/18,"379 Badvi,",Victory Patidars age 34 years father / husband Omkarlal Patidars resident 5A Greater Vaishali Indore,Unknown crooks -,5A Greater Vaishali Indore,30-03-l8 22: 0 and 13: 0 beach,4/2/2018 23:20,,"Motorcycle Honda sign No. MP11MA6546 Incheon JC36E0009871 Cacis number ME4JC363E68006958 Kimti Rs 10,000"
47,Police Mhow,98/18,"279 Badvi,",Sivananda father / husband enjoy age 26 years resident of Model Colony Ward No. 1 Dnnd betma,"Car No. M p 0 9 CS 4 9 38 Chalk-,",Dharnaka Mhow,02-04-l8 12: 5 12: 5 between,4/2/2018 13:05,time,Accused transported car No. M p 0 9 CS 4 9 38 driver worked bump from behind the motorcycle's plaintive running Purwk speed and carelessness of his car dead loss.
48,Police Mhow,99/18,"34 (A) Excise Act,",Rule Trfe police said free Prince by police Mahu Dixit father / husband - resident police station Mahu district Indore,"Manish Chauhan father Madan Chauhan age 28 years -malvi Parish Kodria station Bdguda,",Samnen Railway Colony Road Mhow LIC,23:35 between 02-04-l8 23:35,4/2/2018 23:00,Return proceedings spot,"Dyed are accused of taking illegally from alcohol without license hand caught possession warnings four cases were arrested seized the accused Howard's 5000 beer of Batlen 12 bottle of 48 beer bottle of 36 liters Kimti in each box to Rs 7,200."
49,Station Kishanganj,155/18,"323,324,294,506,34 Badvi,",Nisha skills Age 28 years father / husband Prince skills garden Kishanganj resident Chandnguru,"1. Victory skills father Rajendra skill Kandilpura Indore, 2. Rahul skills -kandilpura Indore, 3. Chand and other fellow milky,",Front Aandhrabank Indore-Mhow Road Kishanganj,02-04-l8 21: 0 and 21: 0 beach,4/2/2018 22:30,,Aropigno threatened to kill dispute the spouse Mjruh Anil skills hit on the head with the sword and be beaten up by other household members of Friadia her sister naked naked Galia reported and lives.
50,Station Kishanganj,156/18,"380,",Shasntrfe Asha Ram police Kishanganj Doe age 35 father / husband Narayan Doe resident Batkedi,Unknown -,Complainant house Royal Reseedensi Colony Batkedi,30-09-l7 16: 0 and 16: 0 beach,4/2/2018 14:05,Application investigation went to permanent.,"Unknown Radhabai name Aropia housed in the shed to Tantrik action worship to overcome the illness wife of complainant house 51000 rupees cash and went face worship of Rs 5000 total went from 56,000 rupees."
51,Police Kshipra,124/18,"Badvi 279, 337, 304 A Badvi",Rule Trfe police Thaana Kshipra Dudwal Suni Mahesh district Indore father / husband Babulal G Dudwal resident station Kshipra,"Chalk- unknown motorcycles,",Old Toll Tex bypass Roda complicate things Brli,22:30 between 24-03-l8 22:15,4/2/2018 13:25,Mrga No. 21/18 on the investigation to establish the,Event Date taken time running unknown driver a much faster pace and negligence Purwk their motorcycles and Ramcharan father Balaji 35-year old resident of the village complicate things became Brli collision death reported that Dorane treated kill.
52,Police Simrol,131/18,"25 A. Arms Act,",Shaktkpulis Simrol father / husband with by Suniksitaram Rawat resident station Simrol,"Monti father Tara Chand Saini Age 21 years free. Chorl -chorl,",Rajpura Road Chorl FATA,18:20 between 02-04-l8 18:20,4/2/2018 20:30,,"Kimti A revolver 6 Raund the possession of the accused went to 10,000 rupees Jpti."
53,Police Simrol,132/18,"34 (1),",Shaktkpulis monitored by the father / husband Sunikbagirth Jat resident station Simrol,"Ramprasad father Nathuram Bhil 50 years free. Gosikeda -gosikeda,",Accused Gosikeda front of house,02-04-l8 20:30 between 20:30,4/2/2018 20:50,,5 liters in a plastic Kane accused went raw hand furnace wine Kimti 200 Rs Jpti.
54,Police Khudal,126/18,"34.36 A Ab.akt,","Rule Trfe police station Khudal District Indur father / husband ,, resident station Khuhdal","Madhavsih father Gangaram Rajput age 33 year-puddle station Cegav Makhan District Khandwa recent mother Renuka Dhaba milkman station Khudal,",Mother Renuka Dhaba milkman Indur Nemawar Road,"02-04-l8 19: 0, 19: 0 beach",4/2/2018 21:15,,Event 1 9 Quarter plane occupied by the accused Madhavsih date went illicit liquor was seized.
55,Police Khudal,127/18,"304 A Badvi,","Rule Trfe police station COMPEL station Khudal father / husband ,, resident garrison COMPEL station Khuhdal",Maruti van car. MP 0 9 BD 3506 Driver -,In front of Mata Temple Tillor Khurd Road station Khudal District Indur,24-03-l8 18: 18: 0 between 0,4/2/2018 22:55,,Event accused dated Gwen Sl. MP 0 9 BD 3506 driver brought running Tejagti and careless of his van and the road along its Moksak Kr.ampi sitting on 12 Mkyu 5304 the deceased hit Jitendra father Bagsih resident grams Dumada Khargone district that went died in Mwayac Indore Sandeep Dorane treatment.
56,SHO Depalpur,108/18,"279, 337 Takhik ,",Sandeep Verma father / husband Ashok Verma race Brgunda age 24 years resident Tkipura betma Road Petrol Pump Depalpur,Unknown driver -,Tkipura betma Road Depalpur front Pump,"02-04-l8 19: 0, 19: 0 beach",4/2/2018 22:10,,Unknown driver's Phuchai injury to hit the front Mjruha running your vehicle speed and negligence Purwk the
57,Police betma,176/18,"188, Badvi 0 15 Max Pryaksnrkshn., 4/9 max Mkprkpeyjl shielding.",Sandeep Dubey age 35 father / husband Maheshchnder Dube resident Nrmdanagr betma,"Govnderaj father Rajendran age 42 year-gram Kovil Bellar Taluka mater Salem district of Tamil Nadu, Selvmkumarita Solimdi age 37 year-Grm Pollachi district Coimbatore Tamil Nadu,",Prabhatam Colony Sagor Rohd betma Kalibillod,02-04-l8 20: 0 to 0: 0 beach,4/2/2018 23:35,,Aropigno taken in the investigation to registered crime to the police station to hold by Naihb Tehsildar and Patwari boring mining Muay boring machines and auxiliary truck Avadharup
58, Knadia ,129/18,363 Badvi 0 ,Omkar Prasad father Shiv Patel age 41 years resident pro. Flat no. A 507 Accord Cosmos City Bichauli macho Indore  ,Unknown  ,Flat no. A 507 Accord Cosmos City Bichauli macho Indore,20:30 between 03/28/18 17:30,4/2/2018 17:25,After Talas ,Accused unknown Fri 0 daughter dog. Devanshi Patel father Awnkar Prasad Patel Age took kidnapped Were seduced 17 years.  
