Sl.,Station,Police Crime / Mrga No.,section,The complainant's name and address,The accused's name and address,Event site,Event Date and Time,Permanent date and time,Delays cause permanent,Details including the cause of the incident
1,Police Plasia,53/18,"279, 337 Badvi","Mohil father / husband's father Mahendra Kumar Thakur, a resident of 22 Shakti Nagar Indore",Motor cycles NO. MP09VA4249 driver ------,Journalist intersection Indore,10:45 between L0-02-l8 10:45,2/10/2018 11:05,on time,"Complainant pointed out that motor cycles NO. MP09QH3556 on behind the motor cycle No. said. The MP09VA4259 brought the driver running trail Tejagti and negligence on his motor cycle and hit the left side on the motor cycle motor down, including bicycle and left toe on sustained internal injuries."
2,Police Plasia,54/18,"379, Badvi",Emulsion father / husband Anil Prakash Samuel age 18 years resident 431 Scheme No. 114 Part 1 Vijay Nagar Indore,"Agyat-,",St. Lalaram Nagar Indore front sail guard near College,13:40 between 09-02-l8 12:40,2/10/2018 11:50,Looking around to come to report on not getting,An unknown rogue complainant motor cycle TVS Apache RTR200 Four V NO. MP09VD5860 Manndl took 2017 color Mat Black stole the Rkee location.
3,Police MIG,117/18,"379,",Anil father / husband's self. Ramsevak Chaurasia residents 3 9 Diamond Bagh Colony police station Lsudia Indore,"Unknown con,",C HL Aspaktal Behind the parking Indore,21:30 between 08-02-l8 19:30,2/10/2018 12:00,,Complainant and took his Activa Scooter No. MP 0 9 / SB / 4721 C HL had stood by Parkingme block Behind the Aspaktal who stole an unknown thief.
4,Police MIG,118/18,"279,",Harsh father / husband Lalit Bhardwaj resident Devguradia Indore,"ALtiKa Chalk- car Mpia 15 CB 5215,",Elaiiji Gurdwara front Indore,L0-02-l8 14: 0 and 14: 0 beach,2/10/2018 21:20,Come on Dhane the complainant,Charged hit by running fast and Laprwaheepurwk vehicle behind his Artika car on scooters complainant reported that the scooter Tutkr Nukshan the complainant
5,Police MIG,115/18,"25,","Rule Trfe police station MIG PSI Indore Nitin Patel father / husband ,,,,,,,,,,,, resident station MIG Indore","India aka Bhartia father Munnalal minstrel age 1 to 9 years Small Kjrani Indore,",Anup Patnipura Road Indore near Takij,"09-02-l8 23: 0, 23: 0 beach",2/10/2018 0:10,,Escape reported from Mukbir that stands for knife on a boy pocket of your paint on absence Patnipura Road Indore near Takij who see the police felt that the Jpti a sharp edge Tdtdidar knife Panchan before having captured and then annexed Garabandi.
6,Police MIG,116/18,"323, 294,506,34",Huge father / husband Gopal Patil resident LIG Colony Indore,"Lucky possessor Rohit-,",Indrachok intersection near Hanuman Chowk intersection,00:40 between L0-02-l8 00:40,2/10/2018 1:20,,Both accused were Jgd on each reported from the point of view fight both Aropio threats by the complainant Ngin Ngin abuses of the mother's sister and assault and death
7,Police Vijayanagar,98/18,"379,","Satyendra Baghel father / husband, father Ramawatar Singh Baghel age 29 years resident recent address Vijay Nagar Indore behind 8/32 Coin school",Unknown -,8/32 Vijay Nagar Indore,0,2/10/2018 14:15,,Accused Fri 0 Bajaj Vikrant bike MP45ML0525 Chassis number MD2A75BY8HRD35723 engine number JHYRHD04083 Color Red Black Legya stole from the crime scene.
8,Police Vijayanagar,97/18,"379,","Sanjay ahirwar father / husband, father Punmchand ahirwar age 30 years resident 20 welfare miles Main Road Indore",Unknown -,BSNL's parking Malviya Nagar Indore,13:30 between 08-02-l8 13: 0,2/10/2018 13:00,,Accused Fri 0 bike Hero Honda Spalendr Pro. No. MP09NQ8755 Chassis number MBLHA10ADCHC13582 engine number HA10ENCHC15199 color black stole from the crime scene Legya.
9,Police Lsudia,128/18,"420, 34",Applicant Punit father Rajendra Mtlani 35-year old resident of 43 Patel Nagar Indore,"Ashisdash-, PushpendraTandon Breda -, Virendra Sharma Kapil Agarwal -",Flat No. 1701 SP T1 Pinnacle Dreams Nipania Indore,The 27-04-l5 12:30 0: 0 beach,2/10/2018 14:00,On checking application,Aavedk had bought the flat car -1701 accused Pinekl Dreams. Accused by the flat and even fraud with the people selling Fri 0 fraud to and from ICICI Bank accused flats 01 crore 29 lakh loan with the bank.
10,Police Lsudia,129/18,"379,",Endurance Meena father / husband Manohar Singh Meena resident Mknk 208 Peacock City Mushakedi Indore,"unknown person -,","E B 216 not scheme. 94 Near Bombay Hospital, Indore",08-02-l8 10:30 to 11: 0 beach,2/10/2018 14:15,At the time police arrive complainant,Accused Fri 0 bike hero HFC deluxe car. MP09VD8449 not Chassis. Do not MBLHAR05XH9K43032 engine. HA11EPH9K15787 model by 2017 stolen from the crime scene Legya.
11,Police Lsudia,130/18,"379,",Cana Singh Kushwaha father Bhogiram Kushwaha age -31 years of Father / Husband Bhogiram Kushwaha resident 101/4 Nadia Nagar police station Mi Ji Indore recent issues. 2/2 Sobnath Juni move station Mi Ji Indore,"unknown person -,","PLOT NO .462,463 A sector Mahalakshmi Nagar Indore",13:30 between 08-02-l8 13:15,2/10/2018 14:20,Complainant timely Kea police arrive,Accused Fri 0 bike hero HFC deluxe car. MP09BVB3l83 not Chassis. Do not MBLHAR238H9D32368 engine. HA11ENH9D11991 Model 2017 Legya stole from the crime scene.
12,Police Lsudia,131/18,"279,","Sunil Patel father kanhaiyaalaal G Patel age -42 years of Father / Husband kanhaiyaalaal G. Patel, a resident of village Kdwali elderly Indore","The driver of the tanker No. MP09GE9062 -,",Shalimar Town Ship front Indore,L0-02-l8 15: 0: Beach,2/10/2018 15:30,At the time police arrive complainant,The accused brought running trail Tejagti and negligence on its tanker No. MP09GE9062 and Fri 0 i20 car. The hit damage from behind MP09CU8915.
13,Police Kjrana,124/18,"327,294,323.506,341,34 altogether,",Akbar Patel father / husband Badr Patel hails 407 Kjrana Goya Road Indore,"Sharif father Wazir eat -m capacity Colony Kjrana, Farid father Sharif and a minimum -mmta Colony Kjrana,",She Colony Kjrana,The L0-02-l8 15:30: Between,2/10/2018 16:45,When the complainant,"Aropiyan threatened to kill the assault has declined Pdege complainant to a thousand bucks, we have to get that said stopping Way complainant here"
14,Police Kjrana,126/18,"323 294 506 ,,",Mo. Jahid father / husband Mohammad Kalim resident Roche city Kjrana Indore,"Unknown dishwasher - unknown,",Ramkrishnag intersection Sabzi Mandi Kjrana Indore,L0-02-l8 21: 0: Beach,2/10/2018 22:40,,The complainant killed a Nukli thing on the pot to the point of Krhidne be debated pots members pot with his mother the bare Glia Sister Nagy and right cheek on his face that threatened to kill engaged and killed injury
15,Police Kjrana,127/18,"392,",Protected father / husband Satosh Sharma hails huge Avenue flat no. 502 Thanmndir station Tukoganj Indore,Four unidentified person -,Best Praij nearby nursery Road Kjrana Indore,L0-02-l8 20: 0: Beach,2/11/2018 0:10,After arriving at the police station the complainant,Four unknown bike riders complainant persons who fled dragging garland a Rudarksh a gold chain from the neck of the complainant
16,Police Kjrana,125/18,"34,",Rule Trfe police station Kjrana District Ind glomerate father / husband .. resident ..,"Rakesh father Taracndra - Patel Nagar Kjrana Indore,",Patel Nagar Kjrana Inur,The L0-02-l8 19:45: Between,2/10/2018 20:10,,The accused was illegally parked to sell Dolitr wine raw hand furnace
17,Police Pardeshipura,67/18,"25 Arms Act,",Rule Trfe cop father / husband with by Suni P Number Baria resident station Pardeshipura District Indore,"Rohit alias Aniketn father Dilip race Harijan age 19 years - 5 Shivbag Colony police station Kjrana Indore,",Event Indore near poles: Title red lane cement,22:50 between 09-02-l8 22:50,2/10/2018 0:00,,Accused by illegally stood over an iron bladed knife that caught siege by police and station bringing been registered crime
18,Police Pardeshipura,68/18,"25 Arms Act,",Rule Trfe cop father / husband with by Skuknik RC Joshi resident station Pardeshipura Indore,Animate father Nathu reel race Harijan age 20 years -151/11 Lalgli Pardeshipura Indore,Scene Kalyanmil Naka Indore,09-02-l8 23:15 between 23:15,2/10/2018 0:50,,Charged Gerabandikr caught by the police illegal knife was standing over by and has been registered station bringing crime
19,Police Baanganga,143/18,"363,",Mukesh age 42 father / husband Kashiram Chaudhry resident Subhash Sharma houses Bagir?thpura Indore,"Agyat-,",Subhash Sharma houses Bagir?thpura Indore,09-02-l8 15: 0 and 15: 0 beach,2/10/2018 11:35,After looking at the police station of the complainant,An unknown rogue complainant's underage boy proud father Mukesh Chaudhary age 14 years free. Subhash Sharma houses Bagir?thpura took kidnapped Bhlafuslakr Indore.
20,Police Baanganga,144/18,"279, 337",Prbhulal age 54 years father / husband Udaylal Parmar resident 56-57 Ganesh Dham Colony Indore,Car car. MP41CA0554 driver -,Lvkush intersection Indore,17:30 between 07-02-l8 17:30,2/10/2018 23:45,On inquiry Sanhe,Charged car car. MP41CA0554 driver was hit and brought Mjruh running quite careless of your vehicle.
21,Police Tejaji City,57/18,"399,402 Badvi, 25 Arms Act",Rule Uni Gopal Singh Dabur by Trfe cop father / husband Unbeknownst resident Pulis station Tejagingr Indore,"Satisfaction father self. Tulsiram Joshi Park station Asbag of -72 A Mahamai Bhopal Manoj Sen father CHUNILAL Sen. age -gram Mugat station central station district Tikamgarh, Jagdish Mahra father Amol Mehra -768 Bjrngnagr Indore, Kapil father Kailash Malviya grams Celia Kheda station Khalwa Khandwa district and village Kmlay station Cibr district Harda recent New Gurinagr painter of houses Jain temple street station Hiranagar Indore, Vinod father Laxman Malviya-g Took Kheda station Khalwa District Khandwa recent New Gurinagr painter of houses Jain Temple Street station Hiranagar Indore","Old Tolteks Khandwa Road, Indore barrier gate Shiva Reseedensi",09-02-l8 22:30 between 22:30,2/10/2018 0:40,Return,"Accused Gan Old Tolteks barrier, knife standing near Khandwa Road, Indore near the gate of Shiva Reseedensi, Ph?lia, Tommy, sticks etc. were made with robbery plan on petrol pumps"
22,Police Rau,64/18,"13 Gambling Act,",Rule Trfe police Suni Mahesh Srivastava father / husband Bhagwan Dass resident police station Rau,"Dinesh -keshrsih, Suresh Ramesh Yadav Mukesh -satyanarayan Panwar,",Body locality Rau,20 L0-02-l8 19:10: between 0,2/10/2018 20:10,,Event claims the hour leaves St. Harjit to Aropiyo the Date putting Huye caught
23,Police Juni Indore,89/18,"379,",Sunil unknown Age 28 years old father / husband Suresh unknown resident 56 Type 2 Pianti Colony Khatiwalatank Indore,Unknown -,46 Type 2 BSNL quarters Khatiwalatank Indore,08-02-l8 11: 0 and 12: 0 beach,2/10/2018 12:45,The police come to complainant,An unknown person steals the location housed the motor Sakykl the number without the complainant
24,Police Juni Indore,90/18,"279 ,, 337",Rule Trfe police station Juniindur Mjruh Ram Lakhan father Ramadhar Mauryan age 60 years Free 16 9 Bagirthpura Indore father / husband. Resident Thaana Juniindur,Car car. MP 0 9sia 2278 Driver -,Manikbag bridge over the district Indore,10:30 between L0-02-l8 10:30,2/10/2018 15:30,Check the check Sanha,The accused driver worked Mari your vehicle quickly and casually hit the complainant running Purwk
25,Police Juni Indore,91/18,"457, 380",Dr Fakhruddin 65 years old father / husband Mullah Tayyb Ali resident 7 9/102 Manikbag Main Road Indore,Unknown -,7 9/10 Manikbag Main Road Indore,09-02-l8 10 8:30: between 0,2/10/2018 17:35,The police come to complainant,"There was an unknown person stealing the complainant Nkucha breaking in entering the gold jewelry of the deserted houses Cudinya and cash total Kimti 140,000"
26,Police Ravji market,57/18,"457,380 altogether,",Slaves Murtja father / husband Nunney Khan age 40 years resident 1/1 Motitbela Indore,"Unknown -agyat,",1/1 New Neha Medical Store Motitbela Maine Roda Indore,L0-02-l8 6: 0 6: 0 beach,2/10/2018 14:00,The police come to complainant,"Unknown crooks entered in the store Ucka shutter Medical Store of the complainant by corn and drawers housed 2000 two notes four notes 100 and 50 notes and Chillar 500 in almost stolen away Rs 12,000."
27,Police Bnvrkuaan,100/18,"34 Excise Act,","Rule Ukni.am by Trfe police Bnvrkua Indore, Elkrhangdale father / husband ... Resident station Bnvrkua Indore",Sudesh father Dayaram Silavt race Ktikumr 46 years -165 Citavd station Bnvrkua Indore,Citavd intersection Indore,11:30 between L0-02-l8 11:30,2/10/2018 13:55,On return,Accused met Kimti Rs 1250 25 loaf native off plan wine sealed condition in a bag and possession of Sudesh who were caught on their way illegally from
28,Police Bnvrkuaan,101/18,"279., 337 Badvi",Rule Trfe police Bnvrkua Indore Skuknikantr Singh Barud father / husband .... resident station Bnvrkua Indore,"Chalk- vehicle car. MP09QL8252,",Indore to Citavd bridge,"09-02-l8 19: 0, 19: 0 beach",2/10/2018 19:30,On checking Sanha,"Charged vehicle car. MP09QL8252 of Chalkapane vehicle fast and Laprwahipurwk running Mjruha Antima Joshi husband Harshad Joshi age 25 years free. 186 Ackjikaidia Colony Scheme No. 0.94 Azad Nagar Indore hurt between Eddie knee of the left leg, I was hit hit while walking Cross injuries on Hathamunh"
29,Police Bnvrkuaan,102/18,"279, 427 Badvi","Hitesh Choudhary father / husband, father Antrsih Chaudhry age 39 years resident grams palya Heather Teh and stations Hatod district Indore","Vehicle Truck car. MP12, driver H 0348 .-,",Forward Ring Road Indore earnings T Park Square,"L0-02-l8 20: 0, 20: 0 beach",2/10/2018 22:55,At present police arrive complainant,"Charged vehicle truck car. MP12, H 0348 of Chalkapane high speeds of the vehicle and carelessly Purwk run all the back of the truck waving his truck collided with the next part of the complainant's car, which was damaged in the next part of the car and the truck suddenly the driver the Diwaidr and Raligan given Cda above all his rallying the matter will Cdate on Diwaidr road vehicle control that road also went Tut"
30,Police Mlharganj,64/18,"457 Badvi, --------","Dr Maru father / husband Shyam Sunder Maru resident 5/41 Mahesh Nagar, Indu",Unknown ---------;,"Neha Medikos live. 8 Kohinoor Tower, 218 Jawahar Marg, Indore",10:30 between 09-02-l8 10:30,2/10/2018 12:05,The auspicious work at home,"There was an unknown person medical shutter Uckakr kept cash stolen Rs and other stuff in entering Draws, what awake stuff and how much more money is stolen, the information is not me, introduced separately by inventory by discussing with my brother and dad shall. "
31,Thana Sadar Bazar,46/18,"379 Badvi, .....",D Age 37 Years Free 0.8 Sadar Bazar Main Road Indore mo. Father / husband Chandrakant step resident 8 Sadar Bazar Indur,"Unknown -...,",8 Sadar Bazar Main Road Indore,07-02-l8 0: 7: 0 between 0,2/10/2018 12:25,The nearby lookout,"Motorcycle hero of an unknown accused complainant Honda Spelendr plus number. MP09ND4265 Cacis No. 17479 Engine Number. 37,482 model 2010 blue jet black color is precious 10000 / - to steal the money."
32,Police Annapurna,68/18,"279, 337 IPC",Lamp Nisad father / husband Sardar Nisad resident age 29 years free. 396 Babugnshyam Das Nagar Indore,Car number MP09-BC- 5707 Driver -,Mahunaka Indore front Petrolpmp,13:15 between L0-02-l8 13:15,2/10/2018 14:00,The police come to complainant,Car number MP09-BC- 5707 driver Mjruh Sardar Nisad father Bhagirath Nisad age 60. Free. 396 Babugnshyam Das Nagar Indore Cree had injuries to majarooh The resulting collision motorcycle.
33,Police Annapurna,68/18,"279, 337, Badvi 184 MV Act",Lamp Nisad father / husband Sardar Nisad age 29 years resident 396 Babugnshyam Das Nagar Indore,Unknown -,Mahunaka Indore front Petrolpmp,13:10 between L0-02-l8 13:15,2/10/2018 14:05,On the station's plaintive,Arhopi car number MP09-BC- 5707 Driver of the complainant and majarooh Sardar Nisad father Bhagirath Nisad age 60. Free. 396 Babugnshyam slave hit Phuchai hurt Nagar Indore.
34,Police Chandannagar,110/18,"25, ...",Rule Suni by Trfe. Vinod Kumar Goud father / husband ............. resident police station Chandan Nagar Indore,"Frid Sheikh father Saeed Sheikh age 19 years -loha gate street not 12 Chandan Nagar Indore,",Mishra with Road Buddy Mzzid near Chandan Nagar Indore,18:15 between L0-02-l8 18:15,2/10/2018 18:40,No,Sharp knife Dar Kimti 100 / Rs stole Legya an iron placed illegally in possession of the accused.
35,Police Rajendra Nagar,94/18,"323 Bakdkvik, 294,506,34 Bakdkvik",Mrs. nebula age 36 years father / husband Mitesh Hingorani resident 182 Amitesh Nagar Indore,"Mitesh Hingorani dad Teen Hingorani -182 Amitesh Nagar Indore Teen Hingorani -182 Amitesh Nagar Indore,",182 Amitesh Nagar Indore,22:45 between 09-02-l8 22:15,2/10/2018 1:25,,Aropio assaulted by Gluc abuse from the point of carrying on her daughter's birthday with Friadia
36,Police Rajendra Nagar,95/18,"Bakdkvik 323, 294, 506, 34 Bakdkvik",Mitesh Hingorani age 38 father / husband Teen Hingorani resident 182 Amitesh Nagar Indore,"Dipesh's father Ashok Wadhwani -triveni complex, Juni Indore, bubble Hinduja -triveni Colony Indore, Sagar - the sky and the other fellow,",182 Amitesh Nagar Indore,22:45 between 09-02-l8 22:15,2/10/2018 1:50,,"Aropio assaulted by Gluc abuse about talking to the complainant and to take on the complainant's daughter, with her father's birthday"
37,Police Dwarkapuri,75/18,"379 ipc,",Manish Age 40 years free. Father / Husband ecstasy Prswani resident 526 Wdarkapuri Ramakrishna School Indore,Unknown -,526 Wdarkapuri Indore,21:30 between 05-02-l8 21:30,2/10/2018 12:00,,My motorcycle pension Prof. Hiro Honda number MP09MV0794 and Incheon number HA10ED9GG24911 and Chassis number MBLHA10ER9GG29693 Legya stolen from outside the house.
38,Police Mhow,50/18,"354 A, 354 D, Badvi, 506 Badvi", Raju Prajapati resident colony of Lalji Mhow,"Kishan alias Karthik father Gangaprasad Kumau -tokni Parish Gokulganj Mhow,",Lalji township Mhow,09-02-l8 18: 18: 0 between 0,2/10/2018 11:10,On the station Friadia,Event accused dated 02.09.2018 Kishan alias Karthik Fri. Then came to the daughter and refused to marry me on the said Hold hands with bad intentions accused threatened to end their lives by.
39,Police Mhow,51/18,"457, 380 Badvi,","Chandrika Singh Yadav, father / husband Ramrup Yadav age 49 years resident jail Mhow","Agyat-,",Complainant house jail Mhow,L0-02-l8 0 5 4 0 between,2/10/2018 12:20,On the station's plaintive,"Enter an unknown rogue lock of the complainant's house on the night breaking into the old Sonic Company Elkikdik TV .24 inches and an old t Zhen company's mobile which Simknan 0.9039880214 and 25 silver coins to Lakshmi mother and her purse house earring of gold and neighboring Uma Shankar Uike with cash Rs 4,500 ATMs card took 3 voter ID, PAN card, depending on the card and red m 4A company mobile stolen."
40,Station Kishanganj,70/18,"279,337 Badvi,",Dnsinh father / husband Soma Singh Bsunia race Bhil resident grams Bgoda station Simrol,"Mo. Sa. Sl. Measure driver 0 9nm 5021 -------,",Kauli Valley Simrol Roda village Ambachandn,06-02-l8 20:30 between 20:30,2/10/2018 16:15,After treatment,"Mjruh Dnsinh, friends fear Singh its Moksak Were going to Mhow from his village Bgoda if Moksakkr front. MP 0 9an M 5021 driver his Moksak The speed and negligence are running to the front foot person mo complainant after hit Rahul. Sa. The hit causing injuries Dnsinh, fearless Singh and Rahul"
41,Thana Manpur,37/18,"279 Badvi, 337 Badvi",Mohanlal Mali age 50. Father / Husband Laxminarayan Mali resident Bawngaja Road Badvani station Badvani District Badvani,"Truck No. MH-18-BA-2749 driver -agyat,",Manpur District Indore near A.bikrod grams Kalikiray Pinky culvert,7:30 between L0-02-l8 7:30,2/10/2018 10:20,,"Accused his truck car. MH-18-BA-2749 driver brought running together in my truck speeding and carelessness and plaintive bus No. MP-46-P-0453 on which just Diwair shot Clijr side hit from behind climbed up went down in the pit, which was also damaged on passengers sitting on the bus injuries occurred and bus"
42,Police Kshipra,49/18,"34 (1) Excise Act,",Rule Trfe police station Kshipra 0.1054 Prkar district Indore Himanshu Chauhan father / husband Barusinh Chauhan resident station Kshipra,"Raj Thakur father Asruram Thakur -gram Pirkradaia station Kshipra,",Front A.bikroda Eagle Seeds grams Pirkradaia station Kshipra District Indore,L0-02-l8 16: 0 and 16: 0 beach,2/10/2018 17:20,Station back on the,Event accused Date Time 1 9 Quarter move inland plain wine Pakdaa
43,Police Kshipra,50/18,"279 Badvi, 337 Badvi",Rule Prkar 0.2356 satisfaction by Trfe police 3118 Bhim Singh Thana Kshipra Singh father / husband Swkrnjitsinh resident Choki Maganlia station Kshipra,"Car No. MP 0.0 9 CD 2560 driver unknown,",Society front Sanver Mangliya Roda village Todai Indore,12:30 between L0-02-l8 12:30,2/10/2018 19:05,Journaling check on Sanha,Event Date of the accused driver MP your car No. 0 9 CD 2560 was hit by the car brought the running speed and negligence Purwk and side reported that Mjruh Juglwas recluse father Manohar Das recluse is Barrygi age 26 years Chotn come and Mjruh the mother in the knee on the little finger of the left hand and left leg the Lalitabai husband Manohar was hurt in the left hand
44,Police Kshipra,51/18,"304 (A) Badvi, 279, 337 Badvi",Government R 0.3118 Bhim Singh by Trfe police station Kshipra District Indore R 0.1117 Ramprasad father / husband're living Malviya resident Choki Mangliya station Kshipra,"Omni car number MP 0.0 driver unknown 9 BA 0.5211,",Front Hanunman temple Surlakedai Roda Mangliya station Kshipra District Indore,21:40 between 06-02-l8 21:40,2/10/2018 19:50,On Mrga probe,Event Date Time Omni car number MP 0.0 9 BA 0.5211 driver brought drove his car speeding and negligent Purwk and Mratk Dinesh father Bhanwar Lal Gangoli age 36 years resident hot field of motor cycle number MP 0.0 9m X 9 8 9 1 reported on hit from behind causing Chotn the Mjruh and Dorane treatment was death
45,Police Simrol,50/18,"279 Badvi,",Ashish father / husband Cndranarayan Rajdhan age 36 years resident Keshrgardn flat no. 401 Sector 20 Navi Mumbai,Car car. MP. 0 9 B. 2121 Driver -,Swami Vivekananda schools Kesamne Indore Kndhwa Road,L0-02-l8 13: 0 and 13: 0 beach,2/10/2018 14:25,,Charged by running together in their cars Tejagti and neglect your car Kr.amkpi 0.0 9bia 2121 will reverse back trail Tejagti and negligence complainant car car M.ac 46 BA 5307 has hit the front that happened damage car complainant.
46,Police Simrol,51/18,"279 Badvi,",Harshal SETHIA father / husband Rmeshcndra SETHIA race Porwal age 26 years resident 20 Smdara route Ctribag station Ctreepura,"Chalk- truck Kr.amkpi 0.0 9 GG 5348,","Barugat Indore, Khandwa Road",L0-02-l8 13: 0 and 13: 0 beach,2/10/2018 15:40,,Charged truck car. MP. 0 9 GG 5348 by the driver of the car complainant running vehicle trail Tejagti and negligence of his truck car. MP 0.0 9 CR 333 9 been hit from behind which Phucha damage to the car.
47,Police Simrol,52/18,"304 A Badvi,",Shaktrfe police Simrol father / husband Unikpikpikpal resident station Simrol,Hans Just Sl. UP 75 M 0.6368 Driver -,"Indore, Khandwa Road Barugat",00:15 between 06-02-l8 00:15,2/10/2018 18:20,Mrgkr. Check 05/18,Accused Hans bus driver went to the bus Tejagti and negligence running Barugat drove Hill Jisseclinr blessing over where were 108 Mwayac Asptalle by ambulance from injury and death.
48,Police Simrol,53/18,"354 A, 354 D, 294,323,506,34 Badvi, 12 Lagink crimes of Children Protection Act of 2012",Hemant Kumayu resident Tlainaka Simrol,"Gullible father Bhau -tlainaka Satish father Bhau -tlainaka,",AWC Tlainaka near Power House,L0-02-l8 17: 17 0: 0 beach,2/10/2018 22:10,,Accused by threatening to kill Fri 0 daughter to pursue and family Kaka accused to convince Mukesh Kaka Friadiyan by gullible and satisfaction assaulting Mukesh mother sister porn Galia The hand Mukco and life.
49,Police Khudal,58/18,"34 binding. Act,","Shaktkpuk Khudal District Indore father / husband ,, resident station Khudal District Indore","Sunil father Jagdish Giri age 31 years -devguradia station Khudal District Indore,",Indore Nemawar Road Devguradia trijunction station Khudaljila Indore,12:50 between L0-02-l8 12:50,2/10/2018 21:35,,"Event possession of 10 kg of accused to date. Cannabis leaf Kimti Rs.15,000. The went to seized."
50,Police gautampura,24/18,"279.337, 279.337",Sitaram Father Babu G race hero age 38 father / husband Lal resident grams Chambal,"Mahendra company number without tractor red color of smart maangeelaal father free radheshyam race Kluta. G Tlavli -gram Tlavli,",Vishnu gardener's house in front of Chambal gautampura road,"L0-02-l8 19: 0, 19: 0 beach",2/10/2018 20:15,,Accused Tejagti his tractor and negligence running Moksak Sl. MP. 0 9 M.aks and MP 0 9 LB Hit the 3257 to Motiram father Gangaram race hero free. G Tlavli 2. B?vrlal father Kniram Kir free. Khajuria station Hatod 3. Jyotibai husband B?vrlal Kir free. Sadar and hurt two children
51,Police gautampura,21/18,"323, 323.294.506.34",Ajay father Rmeshcndra race shoemaker father / husband Rmeshcndra resident grams Kulala,"Rakesh father Sanwat race Balai -gram Kulala Sanwat father Shankar race Balai -gram Kulala,",Complainant's house in front of the village Kulala,L0-02-l8 10: 10:50 between 0,2/10/2018 10:50,,The accused Dos to kill the complainant carrying talk about porn Glia rod hitting hurt Phuchai and lives grazing buffalo.
52,Police gautampura,22/18,"323, 323.294.506.34",Sohan father Bdraeelal race Bhoi father / husband Bdraeelal resident Devra Tekra gautampura,"Barusih? father Udaji race Bhoi -devra Tekra gautampura, Mohan father Udaji race Bhoi -devra Tekra gautampura, Mahesh's father Mohan race Bhoi -devra Tekra gautampura,",Manish e Bhatta gautampura,10:30 between L0-02-l8 10:30,2/10/2018 11:10,,Aropiyo The Dos to kill by hitting Favde The porn Glia about to fill mortar the complainant Cho Phuchai and life.
53,Police gautampura,23/18,"323, 323.294.506.34",Rakesh father Sanwat race Balai father / husband Sanwat Balai resident grams Kulala,"Kashiram father Mnga G race Skinner -gram Kulala Rajesh father Kashiram race Skinner -gram Kulala Ajay father Ramesh race Skinner -gram Kulala,",Kashiram house near Kulala,L0-02-l8 10: 0 and 10: 0 beach,2/10/2018 13:50,,Aropiyo The Dos to kill an assault on the point of taking the buffalo the complainant porn Glia The timber Phuchai injury and death
54,Police betma,84/18,"25,",Rule father Trfe police betma / Husband charge in 1487 Suresh Chauhan resident police station betma,Ghanshyam father Dulichand race Srgra 35 years of age free. G Macl Near dorm-RAM Macl hostel,G Macl Common Road,16:30: Between,2/10/2018 17:40,,Accused Ghanshyam without the influx road license of an iron edged sword Kimti 200 bucks on red handed caught
