Sl.,Station,Police Crime / Mrga No.,section,The complainant's name and address,The accused's name and address,Event site,Event Date and Time,Permanent date and time,Delays cause permanent,Details including the cause of the incident
1,Station MG Road,97/18,"34,",Rule Trke police Suni Bgwansih Rathore father / husband. Resident station Towards Freedom Road Indore,"Vikram father Manish Yadav age 28 years - 12.3 potter Parish Municipal Road Indore,",Municipal Road potter Parish Street Indore,19:10 between 0l-03-l8 19:10,3/1/2018 19:35,,Accused of illegally stored liquor without a license from red handed were Pakdaya.
2,Station MG Road,98/18,"25,",Rule Trke police given by Kashyap Suni R. father / husband. Resident station MG Road Indore,"Tue father Bangeelal Verma race Lodhi age 29 years -177 Lodhi Colony Mhunaka Indore,",Krishna Amrod Indore to complete Kshtri,21:50 between 0l-03-l8 21:50,3/1/2018 22:20,,Accused of illegally were caught red handed on the knife without Laiseeens
3,Police Snyogitaganj,83/18,279 337 ---,Raju Solanki 35 years of age father / husband Isram Solanki Mjruh Nandni  ,"Moksak No. MP 09 NZ 8260 driver -indur,",Nehru square in front of the stadium gate Reseedensi area Indore,0l-03-l8 22: 5 22: 5 between,3/1/2018 22:35,On the station's plaintive, Accused hit and hurt Phunchai your vehicle quickly and running casually Fri 0 in. 
4,Police Vijayanagar,143/18,"379,",Krnjit Singh resident father / husband Jasvir Singh age 28 years  ,"Agyat-,",Parking Indore behind Sthl?mngl City,19:45 between 25-02-l8 16:30,3/1/2018 12:00,Looking after,Date 25/02/2018 came to see Tue City merchandise movie I have your bullet 350 classic car. MP09VA7444 Cheknank ME3U3S5C1HD104753 Innan. U3S5C1HD012977 color black model 2017 went to see the film by standing by La?k in parking behind Tue City merchandise after nearly evening looked back at 7.45 am so not on my bullet housed place saw I did a lot of looking around the bullet which there showed no which took an unknown crooks stole
5,Police Vijayanagar,144/18,"379,","Pankaj father / husband, father Shri Rameshwar Gupta age 24 years  ","Agyat-,",Malhar parking Indore behind the goods,22 23-02-l8 13:25: between 0,3/1/2018 14:30,After Talas,Date 23/02/2018 afternoon his motorcycle hero around 1.25 pm HF Deluxe No. MP39.MG.3727 Cheknank MBLHA11EWC9L28689 Innan. HAllEFC9L32l4l Blue Black Model 2014 came at Malhar Mega goods Pentalun store and I own the motorcycle hero HF Deluxe No. MP39.MG.3727 in the parking Indore behind Sthl?mlhar material block by the standing I went inside Pentalun showroom that has no unknown crooks stole
6,Police Vijayanagar,145/18,"34,","Uni rule by Trfe police Vijayanagar. Naveen Srivastava Indore father / husband ,,,,,,,,,,,,,, resident Vijay Nagar","Huge continuous father Tejpal continuous 18 years of age free. 275 Saver Nirvana area, Village Baroli Saver Road Indur-,",In front of Sai estates Building MR 09 Road Vijayanagar Indore,The 0l-03-l8 14:15: Between,3/1/2018 15:15,,Before Panchan accused 12 beer bottle on the LEMOUNT Premium strong beer 650 ML wrote sealed shut precious 1500 / Rs on condition scooter Maestro Regn. not. MP09UE6601 Casisn. MBLJF33AAG4J11463 Injin not. JF33AAG4J11303 color Turquoise precious 40000 / Rs were seized close
7,Police Vijayanagar,146/18,"279, 337",Nitendra Kumar Jain age 44 father / husband's father Mr. Ajitkumar Jain  ,Motorcycle NO. MP09.QJ.1297 driver -,Om Gurudev No. leftward scheme before the complex. 74 Indore,27-02-l8 12:30 13: between 0,3/1/2018 15:35,, Accused hit and hurt Phunchai your vehicle quickly and running casually Fri 0 in. 
8,Police Vijayanagar,147/18,"379,",Amit Sanklia father / husband Subhash Sanklia age 23 years resident of house No. 3 Ward No. 11 tinker market district shajapur recent address Mnknank 97 Telephone Nagar police station Plasia Indore near Kunye,"Agyatk-,",Tue City that Parking Indore behind the goods,25-02-l8 19:30 between 16:50,3/1/2018 16:30,,At around noon 04/50 AM 25/02/2018 I your motorcycle Bajaj Pulsar 150cc MP42.MM.6030 Chesisknan. MD2AllCY6HRF39672 engine. No. DHYRHF25952 color black model came to see Tue City Goods film 2017 I have to block him standing in the parking lot behind the said motorcycle Bajaj Pulsar 150cc MP42 MM6030 on Tue City material I had gone to see a movie that an unknown rogue theft took
9,Police Vijayanagar,148/18,"34,","Government Trfe police Vijayanagar Uni.as.askchauhan Indore father / husband ,,,,,,,,,,,,,,,, resident Vijay Nagar","Abhishek Kumar Singh father Satyanarayana Singh age 30 years resident of 277 B Amrit Palesh Nipania Indur-,",Redishn intersection near Indore to Berubaba Temple,The 0l-03-l8 16:15: Between,3/1/2018 17:10,,Was 12 bottle Kigan Fischer beer and Total Price 3400 / RS seized a bottle Blder Pride whiskey
10,Police Kjrana,184/18,"363 altogether,","Hafiz Khan, the father / husband Hamid Khan, a resident of village Deepganv art station siraalee Harda",Unknown -,Heena Colony Kjrana,The 24-02-l8 13:30: Between,3/1/2018 19:50,When the complainant,Hafiz Khan boy Ramadan age 17 years and Bfati the boy Arbaaz age 17 years 11 months dated 02/24/18 the Hsmttur Raza gone were coming home Hina Colony Kjrana Arif from seminary Harda who told Hina colony on whom an unknown who took the caresses Fusla
11,Police Pardeshipura,109/18,"363 (a) Badvi,",Rajesh age 52 father / husband Yadav Rao Shastri resident pro 202/3 Nandanagr Indore,"Agyat-,",202/3 Nandanagr Indore,16:30 between 26-02-l8 16:30,3/1/2018 15:30,,"Complainant that girls harp father Rajesh Shastri age had lasted 15 years, 10 months made unannounced visits to the home, which did not return till date. Which precisely can be kidnapping by unknown persons for the wrong purpose of guardianship"
12,Police Pardeshipura,110/18,"4A Max speculative.,",Rule Trfe cop father / husband by Uni Kmlkisor resident station Pardeshipura District Indore,"Ajay's father Ram golden age -nivasi 31 years. 163/2 Srwharanagr Indore,",Srwharanagr not the street. 02 Brook near Indore,0l-03-l8 15: 0 and 15: 0 beach,3/1/2018 15:45,,"Charged money was to be betting slip speculate on writing speculative points which caught siege and the check was a Lead Pen, 4 betting slip cash 500 / Rs"
13,Police Pardeshipura,111/18,"4A Max speculative.,",Rule Trfe cop father / husband by Uni line Chowdhury resident station Pardeshipura District Indore,"Yashodabai husband Ram golden age -nivasi 55 years. 163/2 Srwharanagr Indore,",Srwharanagr not the street. 02 Brook near Indore,15:40 between 0l-03-l8 15:40,3/1/2018 16:05,,Aropia money was to take speculative speculative writing speculative points slip.
14,Police Pardeshipura,112/18,"379,","Lamp age 21 years father / husband, father Ramjivn Deora resident permanent address g Relwa folding. Pot Station pot District Harda","Agyat-,",Out of 1172/28 Nandanagr Indore,26-02-18 20:30 21: between 0,3/1/2018 22:30,,Hiro the complainant by unknown accused Deluxe Ac.afk Without not. Whose Cacis No. MBLHAR209JG09020 and engine number. HA11ENJGA088178 Model 2018 Kimti took nearly 30000 / - stealing
15,Police Baanganga,219/18,"25 Ams Act,",Rule Trfe police Baanganga Indore father / husband rule Trfe police Baanganga Indore resident rule Trfe police Baanganga Indore,"Deepak Suryvanshi father hukumachand Suryvanshi age 30 years resident -302 Maharana Pratap Nagar Indore,",Maharan Pratap Nagar near the water tank,The 0l-03-l8 7:35: Between,3/1/2018 8:20,,Sharp sharp stabbing of an iron occupying accused Kimti been seized Rs 150.
16,Police Baanganga,221/18,"279 Badvi,",Mankchand Bnshivr 47 years old and the father / husband Kvrlal Bnshivr inhabitants 80 B Gurushankr city Sudama Nagar police station Chandan Nagar Indore,"Auto Riksa NO. Chalk- of MP09TA1776,",On Baanganga Breeze,28-02-l8 16:30 of: between,3/1/2018 12:20,,Accused his vehicle fast speed and careless bump on the car of Seclakr complainant dead Phuchai injury.
17,Police Baanganga,222/18,"279/337 Badvi,",Vinod age 42 father / husband's Ganga Ram Malviya  ,Car NO. MP 0 9c H 5066 Driver -,Vaishnav College front Saver Road Indore,The Ll-02-l8 14: 0: Beach,3/1/2018 17:20,On checking Rosa,Charged your vehicle speed bump complainant running from Vlaprwahi dead Keaggy permanent at check injury Phuchai Rosa said.
18,Police Baanganga,223/18,"13 Gambling Act, 13 Gambling Act",Rule Trfe police Dwaara Prkar 2472 Devisih father / husband rule Trfe police Dwaara Prkar 2472 Devisih resident rule Trfe police Dwaara Prkar 2472 Devisih,"Rinku father Surjasinh Chauhan age 24 year- 231 Scheme No. 51 Indore, Sndipasinh father Kisorsihn chivalrous age 27 year- 21 Rajabag Colony Indore, Mukesh father Chhatarsingh Bmokia age 42 years -. 75 g Ahilya Nagar Indore, Abbey father Taracndra Yadav age 26 years -ni. 304 Scheme No. 51 Indore, Uday Singh father Kmlsihn Parmar Age 26 years - Gomti Nagar Indore, Mahesh father Bhagirath Kushvah age 23 years R or alley. 2 NAND Bagh Colony, Indore, Sonu's father Ram Chandel age -ni 20 years. Santosh Sahu house Kushvah Nagar Indore, Dilip father Bnesihn Wakla age -ni 28 years. Palakedi Kakd Indore,",Govind Nagar Kharcha crater Indore,01-03-18: between 23:30,3/1/2018 22:30,,Rs Jptshuda 14300 / possession of accused Muay been seized of 52 cards.
19,Police Juni Indore,117/18,"427,323,294,506,34, Badvi, 3 (1) (d) (d) Ajakajjakadi.","Naveen Chauhan age 27 years old father / husband Ashok Chauhan, a resident vehicle near Harijan Colony Indore",Kailash Mulchandani - Kailash Balcnandani - Kamlesh Kukreja - Harish Ftehchandani - Gopal Kodwani -,Pritm slave Sbagrh near Sindhi Kaolni Indore,0l-03-l8 13: 0 and 13: 0 beach,3/1/2018 18:25,The police come to complainant,Aropiyan worked brought Glonc abuse of and violence to know the pitfalls of government vehicles Ministry Todfod granted and plaintive Maran threatened with plaintive
20,Police Juni Indore,118/18,"457 380,",Rule Trfe police station Juniindur Avedika Meenakshi husband Yogendra puranik Nikflet 103 Shiv Shakti Apartment Manikbag Road Indore father / husband. Resident station Juniindur,Unknown -,"6,7 Shivskti apartments Manikbag Road Indore",8:55 between 28-02-l8 20: 0,3/1/2018 8:55,On examining the application form,"An unknown rogue lock of beauty parlors Avedika breaking placed in the parlor entered in cosmetic stuff and some silver coins brought total Kimti tax evasion of Rs 30,000"
21,Police Bnvrkuaan,145/18,"363 Badvi,","Ashok father / husband, father Rajaram Rana age 39 years resident Nndu Brother house Triveni Nagar Citavd Indore",Unknown -,Three tamarind intersection,22-02-l8 16: 0 and 16: 0 beach,3/1/2018 16:05,Missing No. 34/18,Complainant daughter Aphyta: Naha Rana father Ashok Rana age 17 years free. An unknown person Nndu Brother house Triveni Nagar Citavd Indore take caresses luring anywhere
22,Police Bnvrkuaan,144/18,"380 Badvi,","Tulsiram father / husband, father Narayan Jhajpuria age 50 years resident. 17 Panwar City Dikpikke front Indore",Unknown -,17 Panwar City Dikpikke front Indore,28-02-l8 14 10:30 between 0,3/1/2018 14:20,At present police arrive complainant,"An unknown person has stolen the complainant cash Krdona of Rs 30,000 silver, and gold necklace, a gold swap the ear, and Children of Artificial necklace, stolen. This jewelry was old hackneyed"
23,Police Mlharganj,Mrga NO. 6.18,"174 Jakfuk, ------",Telephone operator of Mwayac Hospital Indore Ashish Shukla father / husband ------ resident Mwayac Hospital Indore,Unknown Mtk age 25 years Nikagyat ,Last Crossing Indore front Guruwdara Rajmohlla,18:30 between 28-02-l8 18:30,3/1/2018 0:55,Investigation has established Mrga from Sanha,Description Su?cna this time Mwayac the telephone information through the telephone operator Ashish Shukla Hospital Indore that wounded the vehicle accident unknown Mtk age 02/28/18 today dates to the last intersection Guruwdara Rajmohlla of Nikagyat 25 evening 19:36 at district brought by referring hospital Indore R 0.3260 Jagmohan. That night Durane treatment 02/28/18 have become death 21.00  
24,Thana Sadar Bazar,71/18,"25 Arms Act,",Rule 0.09 charge by Trfe police station Sadar Bazar Educated at Yadavindra reader father / husband - resident Thana Sadar Bazar Indore,"Kshnkant aka Kshna father Vasudeva race Upadhyay age 42 -23 A Radhanagar Indore,",Indore near Radhanagar garden,0l-03-l8 17:20 between 17:20,3/1/2018 18:35,on time,Accused of illegally from public space was caught threatening scare logo for sharp edged knife of an iron. A Tdtdidar latch knife possession were seized precious 200 / - Rs
25,Police aerodrome,132/18,"36 (b) Avkari Act,",Rule Trfe police station aerodrome Indore father / husband rule Trfe police station aerodrome Indore resident police station aerodrome Indore,Kundnsih father Snjaysihn bass -30 Avntika municipal sector AI. Indore,Scheme Nmhwar 51 Sngmnagr a tree down Indore,The 0l-03-l8 13:35: Between,3/1/2018 14:25,,A person in a public place on a tree under your hero Maestro Activa MP 0.9 Ukae 0.0744 disposal and native wine quarter and tasting with know whom to go to name showing a drunkard asking your name Kundnsih father Snjaysihn bass at age 30 year resident 30 Avntika municipal sector AI. Stay informed of Indore
26,Police aerodrome,133/18,"379 Badvi,",Jay Bhave father / husband Mr. Chandrakant Bhave resident 352 Lkshmipuri Indore,"Unknown persons unknown,",Front Smdhdi Garden Scheme No. 0.51 Indore,28-02-l8 14: 15:15 between 0,3/1/2018 18:35,,"I said Moksakmotr cycle Bajaj Discover 100 T NO. MP09kNXkl857 engine no. PAZWDL20373 Cacis No. MD2A51BZODWL19998 Maadl 2013 Color black blue standing made was not in place, which took an unknown person stole drugs are"
27,Police Chandannagar,159/18,"4A Gambling Act,",Rule Trfe police station Chandannagar Indore father / husband station Chandannagar Indore resident station Chandannagar Indore,"Shakeel father Latif Khan age 34 years -nivasi 108 Sirpur Edge Road Indore,",Edge Road Sirpur Mata Temple near Indore,14:30 between 0l-03-l8 14:30,3/1/2018 15:15,,"Prescription speculative points of cash 2000 / Rs and well open the possession of the accused were seized 4, a lead pen."
28,Police Chandannagar,160/18,"4A Gambling Act,",Rule Trfe police station Chandannagar Indore father / husband station Chandannagar Indore resident station Chandannagar Indore,"Rajesh father Anokeelal Sanvre age 40 years -nivasi 12 Jagdishpuri Indore, Shailendra Gupta -",Sirpur to Indore Dhar Road King gas station,14:35 between 0l-03-l8 14:35,3/1/2018 15:20,,"Written cash speculative points of 2000 / Rs and well open the possession of the accused slip is 4, a lead pen seized."
29,Police Chandannagar,161/18,"379,","Sanjay Kumar Chorte age 36 mo. 8989989814 father / husband, father Atma Ram Chorte resident pro. Navdapnth Power House Staff Quarters Indore","Agyat-,",Navdapnth Power House Edge Road Indore,"27-02-l8 19: 0, 19: 0 beach",3/1/2018 16:40,,"MPEB has take-current transformer (Sikti) stole an unknown villain total Kimti 10,000 / Rs."
30,Police Rajendra Nagar,124/18,"188 Badvi,",Rule Trfe station Whikpik by Rajendra Nagar Sharma SHO police station Rajendra Nagar Indore father / husband ................. resident station Rajendra Nagar Indore,"ANANDAN RS / D / W of King DOB 15.031979-54 / 64 KATTUKOTTAI ULIPURAM PO, GANGAVALLI TK SALEM,",Hirst market Chorahe Rajendra Nagar Indore,2l-02-l8 21: 0 and 21: 0 beach,3/1/2018 13:10,Check as,"District Magistrate District Indore announced orders from the Indore district prone to water scarcity is a region referred to by the other, there are imposing restrictions on boring without permission Indore district under also put Pratibd on private and personal Nlkup in the district that have been ordered are Nlkup or boring machine (except passing machines from public roads) without permission of the respective SDO Admissions will nor Nlkup will be mined. Dated 21.02.2018 has been standing on the Kshatantrgt the effect of information received without permission boring machine Cay market due to boring Chorahe station Rajendra Nagar while visiting.  "
31,Police Rajendra Nagar,125/18,"379 Badvi,",Vikas Gupta age 38 years depending on the card number. 831892546869 father / husband badreeprasad Gupta resident 812 B Silicon City Indore,"Unknown rogue -agyat,",812 B Silicon City Indore,Ll-02-l8 7: 0 between 20:30,3/1/2018 13:45,,"No Mokskbjaj unknown rogue complainant Diskwhr CD No. 100. MP09NR7379 Iknank JBUBVA16301 Cheknank MD2DSPAZZVPB36525 model took 2012 Color Red Blake stole housed precious 10,000 per location."
32,Police Dwarkapuri,94/18,"457,380 Badvi,",Nitesh Saraf age 40 father / husband Jagdishchand Saraf resident 674 Wdarkapuri Indore,Unknown -,674 Wdarkapuri Indore,0l-03-l8 1: 0 5: 0 beach,3/1/2018 12:05,,"A mobile Oppo F-1S model 2016 Kimti 14,000 and Rs 12,000 cash Rs"
33,Police Dwarkapuri,95/18,"34 (2) Excise Act,",Charted ,"Sunil's father Manohar Lal Chawla Sindhi age 39 years -541, Dwarkapuri Indore near Ramakrishna School,",,17:30 between 0l-03-l8 17:30,3/1/2018 18:05,,Red country liquor seasoning 400 feet total volume of 72 bulk liters of precious Rs. 20000 / -
34,Police Dwarkapuri,96/18,"323, 294, 506 Badvi,","Anita Age 29 years father / husband Naveen Yadav, a resident of 31 B Dwarkapuri Indore",Naveen Yadav husband Lal Yadav age 31 year- 31 B Dwarkapuri Indore,31 B Dwarkapuri Indore,0l-03-l8 18: 18: 0 between 0,3/1/2018 20:45,,"Cake on the birthday is captured. Then he began to dirty filthy abuses me mother's sister. When I denied abuses hit me hand Tuson and hitting my head wall, which was bleeding Against Injury"
35,Station Kishanganj,107/18,"279,337 Badvi,",Shasntrfe police Kishanganj father / husband Prkark 2818 Jagdish Rathor resident station Kishanganj,"Moksak Sl. MP 0 9 Q ??W 2758 ------------,",Srimaya restaurant in front of AB Roda village Pigdmber,10:30 between 0l-03-l8 10:30,3/1/2018 16:20,Check Sanha,Mjruh Sachin its Moksak Sl. MP 0 9m whee go Indore your home Umaria from 3312 when its Moksak Brought the running trail speed and negligence and Mjruh Sachin Moksak Hit the Wrong Side of the front reported that hurt Waye leg and right hand
36,Station Kishanganj,108/18,"279,337 Badvi,",Shasntrfe police Mjruh RAJVEER  ,Unknown car driver -------------;,Able park Mhow in front of Colony Indore Roda,16:30 between 23-02-l8 16:30,3/1/2018 17:30,Investigation permanent on Sanha, Accused hit and hurt Phunchai your vehicle running majarooh fast and carelessly said. 
37,Police Simrol,77/18,"34 (1) Excise Act,",Rule Trfe police Simrol father / husband Suni. Bhagirath Jat resident station Simrol,"Fun Father radheshyam Rathore Age 2 9-year-Dtoda,",Dtoda Canada Road near the bridge between,"0l-03-l8 19: 0, 19: 0 beach",3/1/2018 19:35,,Illegal as a Pushte accused 10 Quarter Rs native secondly alcohol Kimti 550. Found lead.
38,Police Khudal,80/18,"506, 294 323","Shaktkpuk By R. Khudal. Brmhanand Patel father in 2192 Prince Mool Chand Patel age 40 years resident COMPEL PIR mortar, Indore  ","Sanjay father Nathuram Patel -nikkmpel,",Kharcha Road COMPEL,28-02-l8 16: 0 and 16: 0 beach,3/1/2018 11:45,Checkpoint to report COMPEL,Event accused Date threatened to kill hurt beaten to the point of dropping water and life
39,Police Khudal,Mrga No. 1 3/18,"174,",Rule by R. Trfe police. 2192 Prince Lachhabai husband parmal Banjara age 40 years free by. Nagaon district Kndnwa recent power Jat's farmhouse Tillor Khurd  ,Deceased parmal father Tarchand Banjara age 48 years free. Nagaon district Kndnwa recent power Jat's farmhouse Tillor Khurd,Power form Jat House Tillor Khurd,9:45 between 27-02-l8 9:45,3/1/2018 12:15,,Event Date the deceased parmal father Tarchand Banjara age 48 years free. Nagaon district Kndnwa recent power gave life hanging by Jat's farmhouse Tillor Khurd.
40,SHO Depalpur,65/18,"379 Takhik ,",Suresh father / husband Lal Rathore race Dholi age 27 years resident Gram Agra,"Arvind pastor -gram Bisma Fair post Peepra station Trkuvla Deoria district in Uttar Pradesh,",In front of the village Agra complainant's house,"28-02-l8 18: 0, 19: 0 beach",3/1/2018 12:00,,The accused stood grievously rebelled the complainant's house Tector car. MP 0.0 9 MA 4148 took the summer trolley Shit Kimit stealing Rs 3 million that the complainant and his relatives had captured the village Pipluda.
41,SHO Depalpur,66/18,"34 (1) Av.akt,",Rule father Trfe police Depalpur / husband Unikhrjendra Singh resident station Depalpur,"Kalam alias Klamuddin father Aminuddin caste Muslims aged 50 years-Bdla Depalpur,",Tue Baria hot Dur market Depalpur,The 0l-03-l8 19:50: Between,3/1/2018 21:10,,Accused illegal featured 22 quarter-native spice has caught all Srav precious lead 1320 without Rs license.
42,SHO Depalpur,67/18,"34 (1) Av.akt,",Rule Trfe police Depalpur father / Prkark by husband 220 Ram resident Depalpur,"Danny's father Mahesh Yadav age 26 years -bs stand Depalpur, -",Danny Yadav Kiosk betma Road Depalpur,The 0l-03-l8 20:25: Between,3/1/2018 21:30,,Without the possession of the accused License native 25 quarters plane Srav Pakdagya keeping the precious Rs 1250.
43,Police betma,118/18,"304-A, 279 337,",Bhupendrasih Chauhan father Lcshmnsih Chauhan Rajput caste age 25 years  ,"Trola Kr.anel Chalk- 01 G 2052,",Sagor Road bypass FATA betma,The 27-02-l8 4:30: Between,3/1/2018 15:25,Police arrive,Accused Trola car. NL 01 G 2052 driver by running trail Tejagti and neglect your vehicle car. MP 0 9 CH-8622 was hit by enabling drawer sitting on car Khan and Sanjay Sharma's injuries occurred and flung Khan Kimrityu the
44,Police betma,118/18,"34,",Rule father Trfe police betma / Husband charge in 1265 Avinash Chauhan resident police station betma,"Jswantsih aka Jadusih Chowdhury father Driavsih Chaudhary ages 3 to 9 years -cmbl Baroda,",Further Mndirod Bartiystet Bank,The 0l-03-l8 18:40: Between,3/1/2018 19:15,,The accused has been illegally arrested 16 Quarter hand dyed are native seasoning take alcohol Kimti Rs 1120
