Sl.,Station,Police Crime / Mrga No.,section,The complainant's name and address,The accused's name and address,Event site,Event Date and Time,Permanent date and time,Delays cause permanent,Details including the cause of the incident
1,Station MG Road,103/18,"4A,",Rule Trf police Suni El.askjamod father / husband. Resident station MG Road Indore,"Vijay alias Monu father Mukesh Kashyap Age 28 years -49 Rajabag Colony Indore,",Tempo stand Municipal Road Indore,18:25 between 07-03-l8 18:25,3/7/2018 19:30,,Accused speculative illegally from peso take red handed Pakdaya
2,Police Tukoganj,110/18,14 District Badr ,Rule Trfe police Suni Devidayal Baghel father / husband tested Baghel resident station Tukonj,"Sandeep father Chimanlal Verma aged 26 years -74/2 Qazi move Indore,",Malwa miles Choraha Indore,13:10 between 07-03-l8 13:10,3/7/2018 14:00,,"Charged District Badr being accused Mr. Additional District Magistrate Sir order No. 39 / expulsion / Riadim / 18 Indore dated 06.02.2018 the Mkprkrajy security max 1990 Section 5 a, b under expulsion order Indore district for 6 months and engaged Indore border district Ujjain, Dewas, Dhar, Khargone and the Khandwa Arhopi of the Kty Section found culpable under 14 Mkprkrajy Security Act of 1990."
3,Police Tukoganj,111/18,"279, 337 338",Rule Trfe Ajay police Suni Nand Kishore Malviya father / husband Prem Narayan Mishra  ,The driver of the unknown Aktiwa -,Jnjirwalal Choraha Indore,"0l-03-l8 19: 0, 19: 0 beach",3/7/2018 14:50,Examined Sanha,Unknown Aktiwa accused driver brought drove fast and recklessly Purwk and bump shot was Feccr articles from injury.
4,Police Tukoganj,112/18,"379,",Creation Dube age 19 father / husband Sandeep Dubey resident 14/7 Gurukul Colony Kate Road Rau,Unknown -,Punjab Arod septal Indore in front of the hospice,"28-02-l8 19: 0, 19: 0 beach",3/7/2018 20:40,,Moksak unknown accused complainant Hero Honda CD Deluxe NO. MP09MY5632 Chassis no. MBLHA11EH99M06046 engine took no. HAllEA99Mll739 Model 2009 precious 15000 / stolen housed space Rs.
5,Police Snyogitaganj,89/18,"451, 353 Badvi,",Rule Trfe Suni Singh Chouhan station Snyogitaganj father / husband Dr. Santosh Raut associate consultant Furtis hospital in Gurgaon and other staff and doctors resident Furtis Hospital Gurgaon current address bone marrow transplant unit Mkji.am Kmedikl College Mkway Hospital Indore,Sunil Bohra and son together -,Bone marrow Yunit Mkway.ac Hospital Indore,06-03-l8 12: 0 and 12: 0 beach,3/7/2018 23:45,On checking applications,"Sunil Bohra and his boy dated 06/03/18 the time without permission 12:50 pm to unnecessarily from patients and hampered in Shaskia work with staff and Mrij the Mkykcikitsaly unit entered in BMT unit of Indore the threat of infection. Mr. Sunil Vohra and seems to be her son, saying Jbrdasti bone marrow is nominated member unit filed gone to those Ministry of Health and Family Welfare in the Department of Government of India and they are here bone marrow unit operating at Casey. The secret information is transmitted to the ministry. And negotiate with their doctor Rahul Bhargava and he he is invited bone marrow Yunit on Ynha. Mr. Sunil Vohra have access to near Kebin's on forced nursing station and Brthy Mrijo and Unhune Dr. Santosh Raut on the current to answer questions related to associate consultant Furtis hospital in Gurgaon. How many Mrij recruitment is he deciding to Jesse disease being treated like O them how."
6,Police Plasia,76/18,"363, Badvi",Rule Sucnakrta Bktisinh father Trfe police Plasia / husband Swkmadansinh Hada age 48 years resident 19 Swami Vivekananda Nagar Indore,Unknown -,19 Swami Vivekananda Nagar Indore,18: 5 between L8-02-l8 18: 5,3/7/2018 13:35,Went the permanent on disappearances,"Missing Akshta father Bktisinh Hada age 17 years 6 months on 19 Swami Vivekananda Nagar An unknown person Indore is Aata Add took Were seduced the perimeter of the first Dshtya Crimes Section 363 Badvi, so the register, the crime section 363 Badvi."
7,Police Plasia,77/18,"279, 337 Badvi",Rule Trfe Mjruha Kumar police Plasia Priyanka father / husband Ajitsingh Khamre  ,"Chalk- the number unknown motor cycles,",Chanderlok intersection Kjrana Road Indore,07-03-l8 17:20 between 17:20,3/7/2018 22:55,Check Sanha went to permanent after checking,"Complainant sustained injuries in said in its statement that brought running my Activa NO. Number of driver unknown motor cycle on MP09JV2051 Tejagti and careless of his motor cycle and head collision hit on Activa, shoulders, legs and even on Activa damage is."
8,Mahilathana ,37/18,"498-A, 323.34 Badvi 0 ",Worship husband Rahul Chauhan 23 years Free 0 grams Juni Baroli Sanver Road Indore back to public school ,"Rahul father Satya Chauhan Free 0 grams Juni Baroli Sanver Road Indore behind the public schools, Koshlya husband Satya Chauhan free 0 Sadar, Satya father Mayaram Chauhan free 0 Sadar",Sanver Road Indore behind the village Juni Baroli public schools ,From 22:04:12 to 07:03:18,3/7/2018 16:42,Fri come station 0 ,Aropio had tortured one lakh AND motor cycle of physically and mentally demanding Fri 0.
9,Mahilathana ,38/18,"498-A, 323.34 Badvi 0 ",Lalita alias Priya aka playful husband Devendra Verma 24 years free 0546 Bagirathpura Indore ,"Devendra father Kailash Mangolia, peace husband Mangoria Kailash, Kailash father Harcharan Free 0546 Bagirathpura Indore ",546 Bagirathpura Indore ,08:02:15 to 07:03:18 ,3/7/2018 17:28,Fri come station 0 ,Aropio was tortured by Fri 0 05 lakh AND demanding four-wheeler vehicle physically and mentally.
10,Police Vijayanagar,158/18,"379,",Victory father / husband Dndusha Malviya age 38 years resident 82 Mnglnagr Suklia Indore,"Agyatk-,",C21 Vijayanagar Indore in front of goods,17:30 between 03-03-l8 16:30,3/7/2018 18:05,search,"At around noon, 4.30 pm 03.03.2018 I have my bike Hero Honda CD Deluxe No. MP09.MH.8381 chassis number. 07D23F27744 engine no. 07E22E05058 model no. 2007 Color C21 cargo Blake came on Vijayanagar Indore I own the bike Hero Honda CD Deluxe No. MP09.MH.8381 C blocks in front of 21 goods by the vertical I went inside the C21 material while back I saw my bike was not on their stored location so I went searching around with no idea that an unknown crook took stole"
11,Police Lsudia,214/18,"379,","Praveen Kumar's father Suresh Prasad Mishra age 28 years father / husband Suresh Prasad Mishra, a resident of the village well Po. Jlwar folding Rampur Nakin District direct recent stage 8/20 Nehru Nagar Mi Ji Indore no mo. 9752780983","unknown person -,",Bhopal Bahra V Road Indore Motor Showroom,14:30 between 03-03-l8 13: 0,3/7/2018 14:00,,The accused took the stole from the hotel housed the bike Hero CD deluxe car MP09QD6639 the complainant.
12,Police Lsudia,215/18,"279, 337 T The V,","Government Trfe police station Lsudia Q R 738 Shailendra Singh, father / husband station Lsudia resident station Lsudia",Aysr truck car MP13GA6983 driver -,New Indore front iron Mandi Bread Factory,28-02-l8 13: 0 and 13: 0 beach,3/7/2018 16:00,Sanha time after checking,Aysr truck car MP13GA6983 driver hurt his truck speeding and negligence running majarooh proud father hit Mukesh Upadhyay which majarooh proud father Mukesh Upadhyay.
13,Police Kjrana,198/18,"323, 294,506,34","Sunita's father / husband Rajesh Patel, resident town Kjrana Indore","Shyama Bai -nyay city Kjrana Indore Reina by -ptel city Kjrana Indore,",Patel Nagar Kjrana Indore,06-03-l8 18: 0: Beach,3/7/2018 18:00,,Aropigno threatened to kill him if he did abuse Gupta said Friadiya and assault
14,Police Kjrana,199/18,"323, 294,506,34",Mo Aves father / husband Mo Job resident Organi- sation city Kjran Indore,"Heelal -haji Colony Kjrana Indore Sadab Ali -haji Colony Kjrana Indu, Lakki -haji Colony Kjrana Indore,",Major seminary in front Kjrana Indore,06-03-l8 11:30: Between,3/7/2018 0:35,,Aropiyo gave the complainant threatened abuse Secret Semarne know the assault Dndo W.
15,Police Kjrana,200/18,"420, 419 altogether",Rule Salma B. father / husband Amjad Ali resident 2/3 Asrhfi city Kjrana by Trfe,"Sunny Chaudhary father Gajendra Chaudhary Hindustan Yunilivr Likhridwara Utraknd,",2/3 Ashrafi town Kjrana,The L4-07-l7 10: 0: Beach,3/7/2018 14:50,On examining applications,From mobile by Jasa job by the newspaper accused of fraud by grabbing the thirty thousand five hundred bucks
16,Police Pardeshipura,125/18,"279/337 Badvi,",Rule Trfe cop father / Suni by her husband. Shivnarine Kocle resident station Pardeshipura Indore,Boleromahindra pick-ups. MP13GA3916 driver -,Bhandari MR under bridge 4 Indore,19:20 between 07-03-l8 19:20,3/7/2018 20:20,,Accused Boleromahindra pick-ups. MP13GA3916 driver has brought running your vehicle speed and negligence Purwk and hit the complainant
17,Police Baanganga,243/18,"452/323/294/506/34 Badvi,",Jewel by age 55. Father / Husband Catram Parmar inhabitants 250 Nrvl Indore,Gttu and his brother Nanu-Govind Colony Indore,Nrvl,06-03-l8 16: 0: Beach,3/7/2018 13:00,,Charged with talk of old Rnjish Kidosdi kill abused Guptakr assaulted the complainant and lives.
18,Police Baanganga,244/18,"304 Abadvi,",Rule Trfe police station Baanganga Indore drugs are Skuk Nikark C. Yadav station Bangang Indu father / husband rule Trfe police station Baanganga Indore drugs are Skuk Nikark C. Yadav station Bangang Indu resident rule Trfe police station Baanganga Indore drugs are Skuk Nikark C. Yadav station Bangang Indu,"Car No. MP Chalk- 09 / BC / 1504,",Club Kush intersection of Dip chain eatery mid Shina Saver Road Indore front Spenr,06-03-l8 16: 0: Beach,3/7/2018 17:50,,Accused his vehicle went acceleration and carelessly running Ajay father radheshyam age Jisseuskimrityu killed 40-year-old resident Tkkr grams Baloda of deepamala Ashur the Mrga car. 26/18 Section be 174. Fo. Was established crime investigation.
19,Police Rau,105/18,"34 Excise Act,",Prkark9 48 Ravinder Singh Chauhan father / husband Shankar Chauhan resident police station Rau Indore,"Mayabai Jatwa husband Rupasing Jatwa -badi Muhlla Rau,",Body Muhlla Rau,07-03-l8 15: 15:15 between 0,3/7/2018 15:45,Nirnk,Illegally was selling raw alcohol Aropia.
20,Police Juni Indore,125/18,"457, 380",Sumit Bagaji father / husband Nankram Bagaji age. 30-year-old resident of 201 Glory World colony Annapurna Indore,"Agyat-,",Sapphire Sweyr Tower Square Indore,The 07-03-l8 8:30: Between,3/7/2018 12:15,,"An unknown rogue cash from the complainant's and other neighborhood shops locks breaking inside kept complainant store cash 9,000 rupees Bharat Balani store 8,000 and Rs Sachin Silora store took stolen Rs 10,000"
21,Police Juni Indore,126/18,"323, 324, 294, 506, 34,","Chetan Verma father / husband Ashok Verma, a resident of 313 forcibly Colony Indore","Bholu Verma - free. Forced Colony Indore, Addu father Bholu Verma - forced Colony Indore,",Complainant the front of the house forcibly Colony Indore,07-03-l8 10:30 of: between,3/7/2018 16:15,,"The accused threatened to kill the complainant hurt by the bare naked Galia's mother, sister, refusing to spit in front of the house and beaten and killed"
22,Police Juni Indore,127/18,"323 294, 506, 34,",Bhola Verma father / husband Gisalal Verma resident 85 forcibly Colony Indore,"Animate, Anil. Sunil residents forced Colony Indore -",Complainant the front of the house forcibly Colony Indore,The 07-03-l8 10: 0: Beach,3/7/2018 17:00,,"Aropio threatened to kill the complainant caused injury to the bare naked Galia's about to spit in front of the house mother, sister and assaulted and killed"
23,Police Ravji market,86/18,"279, 337 Badvi",Pradeep neem father / husband Manohar neem resident 15/3 Ravji market Juni Indore,The driver of the unknown loading Riksa -,Light garden cemetery gate in front of Indore,07-03-l8 18: 18: 0 between 0,3/7/2018 19:05,on time,The accused brought his vehicle Moksakmen hit injury unknown loading Riksa running trail speed and negligence complainant said. Permanent taken into deliberation
24,Police Bnvrkuaan,152/18,"379 Badvi.,",Vinita GABA father / husband Jagdish GABA age 50 years resident of flat no. 8 happiness apartments 32 Raj Mahal Colony Indore district Indore,Unknown -,"DAVV schools of pharmacy. Ring Road, Indore",13:30 between 05-03-l8 12:30,3/7/2018 12:50,At present police arrive Friadia,An unknown crooks neither vehicle Aktiwan of Friadia. MP009UK5199 Chassis No. ME4JF50CAJ7075960 Anjn number JF50E79075996 color black model took stole from being raised to 2018 locations.
25,Police Bnvrkuaan,153/18,"354, 509, 323 294 Badvi.",Spirit father / husband's father Rajendra Singh Yadav age 21 years resident Berkedi station Dharnavda district fold recent free. 84 C Sriyntr city Indore,Sardar Harpreet Singh -. Sant Nagar Indore,Sant Nagar Indore front Saini Grocery Store,"05-03-l8 19: 0, 19: 0 beach",3/7/2018 21:05,At present police arrive Friadia,"Fri 0 was going on jobs at the same time accused get harassed porn Kments on the way, refused to get caught hand bad intentions on. Fri 0 brother had defended the accused had assaulted kick hack with him the hurt Phunchai AND porn Galiya."
26,Police Ctripura,64/18,"279 337 Badvi,",Rule Trfe police Ctripura Indore Father / Husband charge 977 Uma Kant Chaturvedi resident station Ctripura,"Chalk- loading Tata's not MP 0 9elpi 6038,",Municipal Services stand Malganj Indore,The 03-03-l8 16:40: Between,3/7/2018 12:20,,Loading Tata's not MP 0 9elpi 6038 fought the Mjruh Narayan dead left paws Cho T Phuchai pass and knee
27,Police Ctripura,65/18,"379 Badvi,",Shiv father / husband Tukaram Engle ages 3 9-year-old resident 5B avoidance Colony Indur,Unknown -,Jewelry Indore front of Viga Niketan,05-03-l8 20: 0 and 21: 0 beach,3/7/2018 20:20,,Accused bullion Deluxe motorcycles Hirohoda CD complainant Indore front of Viga Niketan not take MP 09 NR stolen 6629.
28,Police Mlharganj,105/18,"336, 427 Badvi.","Narendra Kumar's father / husband Vimlchand Jain, a resident of 340 public Colony Indore","Unknown -----,",340 people Colony Indore,1:15 between 07-03-l8 1:15,3/7/2018 5:35,Come on station La time,Unknown accused the damage Todfod the stones to the complainant and those living in his neighborhood that Gadiyon.
29,Police Mlharganj,106/18,"399, 402, Badvi.avan 25 Arms Act.",Rule Trfe police station Malhar Ganj district Indore father / husband ---------- resident station Mlharganj District Indore,"Flute father Kalu Solanki age 29 years -307/5 public Colony Indore, Ravi Kumar father Knheyalal Awja age 27 years -171/2 public Colony Indore, Devendra alias Bittu father Dinesh Bali age 24 years -103/1 mode Palace small Bagdda Road Indore Abhishek father Barulal Sharma 23 years -58 C mode Palace Indore, Paras -jnta Colony, Indore,","Have jaundice skins culvert, Indore",6:30 between 07-03-l8 6:30,3/7/2018 10:10,Return,Aropiyann ??do not come ready to exchange arms and Muay vehicle robbery drunk on hold
30,Police Mlharganj,107/18,"506, 509,294,34 Badvi.","Mrs. Sitadevi father / husband Shri Ram Kishore Khandelwal resident 47 New Dewas Road, Malwa miles, Indore","Lalit Jain Khandelwal Hospice, 33, Maulana Azad Road, Blacksmith Bar Indore) Srnik Jain -kndelwal Hospice, 33, Maulana Azad Road, Blacksmith Bar Indore, hope Jain -kndelwal Hospice, 33, Maulana Azad Road, Blacksmith Bar Indore, Praveen Jain -kndelwal hospice, 33, Maulana Azad road, Blacksmith bar Indore","33 Maulana Azad Road, Khandelwal Dharamshala, Blacksmith Bar Indore",07-03-l8 17: 17 0: 0 beach,3/7/2018 19:50,Police took the time to come when,Were obscene gestures with Aropiyann ??Friadiya refuse to obscene gestures prescribed by Friadiya then began to kill Giving dirty filthy abuses with Aropiyann ??Friadiya that threatens
31,Police Mlharganj,108/18,"279, 337,323,294,506,34 Badvi",Amit father / husband Laxminarayan Morley  ,"Driver's Activa No. MP11 / ME / 3344 and his two companions --------,","Rajmohlla intersection, Mahesh Nagar Corner, Indore","07-03-l8 20: 0, 20: 0 beach",3/7/2018 20:40,In the police station took,Complainant cycle Passion No. his motorcycle with his wife. Was playing drums with MP09 / NR / 2009 brought running your home association was going to town if Activa No. Driver's MP11 / ME / 3344 quickly and carelessly Purwk its Activa and plaintive motor hit the cycle so he fell with his wife kill falling from the complainant and the complainant that the wife took the bleeding may feel hurt seeing Activa driver given by the complainant and run slowly abuses with the said accused given by the complainant on Gloch and know th Given Mki.
32,Thana Sadar Bazar,76/18,"49A Excise Act,",Rule Trfe police Suni Thana Sadar Bazar Indore. BR Devre father / husband - resident Thana Sadar Bazar Indore,"Kishan father Amrsih God age 23 years -nin. 230 Bkshibag Indore,",Indore to Bkshibag Bafna mansion,11:30 between 07-03-l8 11:30,3/7/2018 13:10,on time,The accused were caught illegally sell arms furnace raw suspected spurious liquor in a public place. The possession of poisonous five liters hand distillery liquor seized precious 600 / Rs.
33,Police aerodrome,144/18,"25 Arms Act,",Rule Trfe police station aerodrome District Indore father / husband Suni Laknsinh Bduria resident police station aerodrome District Indore,"Bhola alias Ritesh alias Rupesh father Kailashchand Yadav -16 Shanti Nagar Small Bagdda Bagdda Road Indore,",Small Bagdda Road Indore in Shanti Nagar Gali,The 07-03-l8 15:20: Between,3/7/2018 16:10,,"One person was waving his sword drawn in his right hand, which was causing fear in people. Which was run by the police who arrested the hoop captive with the help of force"
34,Police Annapurna,95/18,"406, 419,420,467,468,120 B Badvi",Verse God Father / Husband Motilal God resident 132 Bkshiwag Commati Full Indore (MP),"Rajesh Gupta father Mr. Rmeshcndra Gupta -1970 D Sudama Nagar, Indore, ingeniously Gupta husband Rajesh Gupta -1970 D Sudama Nagar, Indore, Kmnis Mehta -","1970 D Sudama Nagar, Indore",The L2-03-l5 0: 0 0: 0 beach,3/7/2018 16:40,The application investigation,Aropio's contract was sold by Dukhaddi the complainant houses sell again 31 lakh Dukhaddi.
35,Police Chandannagar,181/18,"13 Gambling Act,",Rule Trfe police station Chandannagar Indore father / husband station Chandannagar Indore resident station Chandannagar Indore,"Salim's father Sonny Khan Age -ni 43 years. B 436 Chandannagar Indore, Nasir's father Sonny Khan age 48 years -nivasi B 436 Chandannagar Indore, Mohammad Sharif Father Cullen Khan Age 55 year- free. C 12 Chandannagar breaches the Road Indore, wealthy father Anwar Khan Age -ni 22 years. B 436 Chandannagar Indore, Samir father Anwar Khan Age -ni 20 years. B 436 Chandannagar Indore,",Chanduwala Road 12th Street Chandannagar Indore,12:30 between 07-03-l8 12:30,3/7/2018 13:10,,Cash from the possession of the accused have been seized in 2450 / and Rs 52 hours leaves.
36,Police Chandannagar,182/18,"363 Badvi,","Nawab Khan age 42 years 9,926,359,286 father / husband, father Cnnu Khan inhabitants 14 D sector Shahid Multi scheme brother .71 Torrent Road","Agyat-,",14 D sector Shahid Multi scheme brother .71 Torrent Road,04-03-l8 15: 0 and 15: 0 beach,3/7/2018 19:55,,"An unknown person abducted Ajit Khan father Nawab Khan age took 17-year resident of 14-D Sector Shahid not multi-scheme brother .71 Torrent Road 7,869,760,448, with him."
37,Police Chandannagar,183/18,"498 A, 323 506 Badvi,",Rajni Khatri 35 years of age 9826064773.8305679524 father / husband Roshan Khatri inhabitants 20D not the street. 11 Rana Colony Edge Road Indore recent Shiv not adorable Colony Station Road Street. 1 Sehore,"Roshan father Satyanarayana Khatri age 40 years -nivasi 20D not the street. 11 Rana Colony Edge Road Indore,",20D not the street. 11 Rana Colony Edge Road Indore,"07-03-l8 19: 0, 19: 0 beach",3/7/2018 21:20,,The accused threatened to kill him if he can beat the torture for dowry Friadia.
38,Police Chandannagar,179/18,"342,323,294,506,147,149 Badvi,","Mohammed Irshad age 18 years 9691297575.9329099177 father / husband, father, Mohammad Ilyas inhabitants 31 Queen Palace Raj Grocery Store Near Edge Road, Chandan Nagar Indore","Sunbeam -nivasi E sector Chandan Nagar Indore, Nitesh -nivasi Ngin Nagar Indore, Durgesh Suryvanshi -nivasi E sector Chandan Nagar Indore, Sandeep Pal and another four or five people -nivasi Maruti Palace,",E sector Hanuman temple near Chandan Nagar Indore,"06-03-l8 23: 0, 23: 0 beach",3/7/2018 3:50,,Do Aropio a pass threatened to eliminate Friadio the besieged assault and bare naked Galia reported and lives.
39,Police Chandannagar,180/18,"294,506,34 Badvi,","Sunbeam Parmar Age 23 years 8319287720, 8109921912 father / husband's dad Teen Parmar inhabitants 567 Sector E Hanuman temple near Chandan Nagar Indore","Mohammed Irshad- resident Queen Palace Indore, King -nivasi Mecca Masjid near the river crossing Chandan Nagar Indore, Sanu -nivasi Mecca Masjid near the river crossing Chandan Nagar Indore, cross the river near Ramadan -nivasi Mecca Masjid Chandan Nagar Indore, two other fellow ,",E sector Hanuman temple near Chandan Nagar Indore,"06-03-l8 23: 0, 23: 0 beach",3/7/2018 4:45,,Accused threatened to kill a not pass and lives bare naked Galia the complainant.
40,Police Dwarkapuri,105/18,"323. Badvi, 294, 506, 34 Badvi",Hukumchand age 37 father / husband Dnnalal Ataria resident 134 Sriram Nagar Indore,"Radheshyam -sai Baba Nagar Indore, Golu -sai Baba Nagar Indore",Sai Baba Nagar Indore,"07-03-l8 20: 0, 20: 0 beach",3/7/2018 21:10,,I was your friend radheshyam given some money some time ago that I was asked back to his home radheshyam and his brother Golu began to bare naked abuses me mother and sisters when I denied abusing kick both with my Tuson began to beat and Golu hit the paws of removing me the knife left hand
41,Police Dwarkapuri,106/18,"25 Arms Act,",Rule Trfe police station Wdarkapuri Suni Indore father / husband. Singh Golkar station Dwarkapuri Indore resident police station Wdarkapuri Indore,"Kanha Sonve father Mukesh Sonve age 19-A / 82 Digvijay multi Ahirkedi Indore,",Digvijay Multi A block Ahirkedi Indore,The 07-03-l8 23: 0 0: 0 beach,3/7/2018 23:35,,The accused went to an iron edged sword seized from Kanha Sonve that accused Kanha Sonve of Kraty Section 25 of the Arms took on visiting Vievecna permanent from the Act
42,Police Hatod,2/1/2018,185 Motor Vehicle Act,Rule father Trfe police station Hatod / husband Upani Pi.alksharma resident police station Hatod,"Manoj father Gopal Yadav age 25 years-Ganganagar Indore,",Step intersection Hatod,9:30 between 07-03-l8 10:30,3/7/2018 10:30,,Accused the bike number measure 0 9njhr 0744 to drunk driving arrested
43,Police Hatod,3/1/2018,"185, Motor Vehicle Act",Rule father Trfe police Hatod / husband Upani Pi.alksharma resident police station Hatod,"Narendrasihn father raghuvir age 27 year-Nimbodi station Tejagingr Indore,",Step intersection,10:30 between 07-03-l8 10:25,3/7/2018 11:30,,Accused drunken vehicle numbers measure 0 9kt 6424 was caught driving the vehicle
44,Police Mhow,72/18,420 Badvi 34 Badvi,Mahesh Gupta age 58 years father / husband Ram Gopal G. Gupta inhabitants in 1176 Butgli Mhow and 1213 Butgli Mhow,"Totaram Gupta -69 Geetanagr Indore Rajesh father Kisoreelal Kayasthas -1473 Chandrmarg Mhow, light father Swksrinarayan Gupta -bkhtavar street Mhow,",1213 Butgli Mhow,The L7-05-l7 0: 0 0: 0 beach,3/7/2018 20:20,Made permanent when the written application by the complainant.,The Aropio by H. No. of joint ownership of the complainant 1213 Butgli without all of the houses by fraud based on Mahu show be your only date an officer 15:05:17 to the H. No. 1213 Butgli Mhow sold.
45,Station Kishanganj,115/18,"34 (1) Excise Act,",Shasntrfe police Kisngan inflated by sub. Utter Kuvanr Singh B?mnia father / husband ----------- resident station Kishanganj,"Vipin Verma father Ram Akwal Verma aged 28 years -36 9 Patni move the Pura Ghaffar Mi Ji station Indore,",Gaikbada near Lucky Dhaba,23:20 between 07-03-l8 23:20,3/7/2018 23:55,,2 wines follow the possession of the accused 9 Quarter precious 1450 Home move Rs illegal featured Bancne arrested
46,Police Brgonda,91/18,"279, 337",Tejndersinh father / husband Dilipasinh Jat  ,Moksaknk MP 0.0 9-BD-1378 Driver -,Cold road grams Kodria,L2-02-l8 6: 0 6: 0 beach,3/7/2018 12:10,Treatment after the,Accused his Moksak Going on foot running pace and casually hit the complainant reported suffering injuries
47,Police Brgonda,93/18,"294, 452, 323, 506, 34",Mohkmuslim father / husband Abdel Ghaffar resident grams Bpandabsti,"Talib -azij Muslims, Saddam resident grams Bndabsti -sukt Muslims, Nuri husband Akram Muslim -gram Bndabsti,",Complainant's home village Bndabsti,17:30 between 07-03-l8 17:30,3/7/2018 19:55,on time,Aropiyo has plaintive assaulting wood by porn Galia's mother sister threatened to kill Phuchai injuries and death
48,Police Kshipra,79/18,"279 Badvi, 337 Badvi",Rule Trfe police station Kshipra Devisingh 0.2321 Prkar district Indore Kumre father / husband performances Kumre resident station Kshipra District Indore,"Motorcycles No. MP 0.0 9an R. 7218 driver, unknown -",English AB further wine shop Roda Dkacya,14:35 between 26-02-l8 14:30,3/7/2018 10:35,Journaling check permanent on Sanha,Event Date time accused his motorcycle number MP 0.0 9an R. 7218 brought the running quite fast and carelessly Purwk and hit from behind on motorcycles of Mujruh Aktiwa hurt Phuchai
49,Police Khudal,14/18,"174 Jakfuk ,","Shaktkpuk Soldier by Khudal 311 Lilladher station Khudal father / husband ,, resident station Khudal",Mritika Lakshmi ,Mwayac Indore,9:45 between 0l-03-l8 9:45,3/7/2018 21:10,The Mwayac Indore Mrga logo on the,Mritika Laxmi went to went to bring Mwayac from 108 to burn your house with Dorane treatment Motyu 0 9 .45 pm to 1:03:18.
50,Police Khudal,86/18,"279,337 Badvi,","Akram Shah, age 25. Father / Husband Mmmu Shah caste Muslims  ",Car car. MP 0 9 CL 3580 Driver -,Front Rucomma goddess schools Indore Nemawar Road station Khudal,18:30 between 05-03-l8 18:30,3/7/2018 23:45,Treatment was reported after the,"Event Date accused car car. MP 0 9 CL 3580 driver by Fri running trail Tejagti and negligence of his car. The Moksak Sl. Hit the front on 13 MP J. 5128 which sit behind Mjruh Mmmu Shah hurt on the head, arms and legs and Moksak In was also damaged."
