Sl.,Station,Police Crime / Mrga No.,section,The complainant's name and address,The accused's name and address,Event site,Event Date and Time,Permanent date and time,Delays cause permanent,Details including the cause of the incident
1,Police Tukoganj,100/18,"379,","Brajesh Jain Age 26 years father / husband Ramcharan Jain, a resident of 141 Patnipura Motilal move Indore",Unknown -,Malwamil community recently outside Indore,21:30 between 25-02-l8 21: 0,2/28/2018 13:10,L',An unknown rogue my Honda Aktiwa NO. MP09SR9682 Chassis no. ME4JF501LD7478848 engine no. JF50E70478918 Model 2013 precious 15000 / - has been stolen away from home kept Rs
2,Police Tukoganj,101/18,"379,","Shiv Kumar Pal age 45. Father / Husband self. Ram Pal, a resident of Old 31/9 new 956/9 Nehru Nagar ninety Quarter Indore",Unknown -,Punjab Arodvshiy sidewalk in front of the hospice in Indore,23:15 between 24-02-l8 21:15,2/28/2018 14:45,,"An unknown rogue my Moksak Honda Shine MP09NH8275 Chassis no. ME4JC36CDB8223419 engine no. JC36E2335650 Model 2011 precious 15000 / - has been stolen away from home kept the rupee,"
3,Police MIG,148/18,"25,","Rule Trfe police station MIG Indore father / husband ,,,,,,,,,,,,,,, resident station Mi Ji Indore","Aniket alias Tendi father Pappu Verma aged 16 years -17/44 new trick Somnath Indore,",Somnath new tricks Gaikwad Indore to Dharamsala,11:30 between 28-02-l8 11:30,2/28/2018 12:35,,Reported the Mukbir a boy Somnath new tricks Gaikwad Dharamsala has caught up Garabandi the help of an iron sharp edge is threatening scare Dar knife logo to appear on the summons Force beat R and passer Panchan on hand at Indore and station bringing crime registered
4,Police MIG,149/18,"49A,","Rule Trfe police station MIG Indore by Suni Patel Dnsinh father / husband ,,,,,,,,,,,, resident station MIG Indore","Sadab aka Suddhu father loved. Nizam age 22 years, a new perch Indore,",The cemetery has a new perch Indore,28-02-l8 13: 0 and 13: 0 beach,2/28/2018 14:00,,Reported from Mukbir that a person nearby cemetery new perch caught by Garabandi the help of native Spreet containing for spurious liquor move to somewhere or standing to sell that cite Force beat R and Rhagir Panchan in white plastic Kane Indore and station bringing crime registered
5,Police MIG,150/18,"279, 337",Chandrasekhar father / husband Bhagwati Prasad Sony resident 305/5 Nehru Nagar Indore,"Motor Sakil NO. Charlk- MP 0 9 / q X / 4550,",305/5 Nehru Nagar Indore,28-02-l8 18: 18: 0 between 0,2/28/2018 19:15,Arrival station of the complainant,Complainant the boy stood in front of his house 305/5 Nehru Nagar Indore if a motor Sakil NO. MP 0 9 / Charlk Q X / 4550 hitting the bump guys running together in fast and Laprwahi vehicle complainant reported that hurt in the left leg to the knee on his forehead
6,Police Vijayanagar,141/18,"49 (a) Excise Act,","Rule Trfe police Vijayanagar Indore by Uni. Ar.alkmisra father / husband ,,,,,,,,,,,,,,, resident Vijayanagar Indore","Ankush father Premraj Brbele age 23 years resident of 20 large Bmuri Indur-,",Sayaji Indore near Bmuri crematorium behind hotel,28-02-l8 18: 0: Beach,2/28/2018 19:30,,The accused took out a plastic Ken occurred spirit drinks 10 liters approximately precious 2000 / Rs bluestone in chartula a paper around 100 - 150 grams of almost illegally found without license
7,Police Vijayanagar,142/18,"279, 337",Rule Trfe police station Vijayanagar majarooh-proud resident father / husband's father Subhash Mehta age 27 years resident 201 Kudos Tanvr Indore before Dussehra Maidan,Magic No. MP-09-TA-4972 Driver -,Bmuri Plaza near Indore,The 28-02-l8 10:15: Between,2/28/2018 22:25,From rustic Nalsi,Accused conveyed his Majik quickly and casually drove Fri 0 motorcycle MP-injury hit in 42-MC-8674.
8,Police Vijayanagar,140/18,"49 (a) Excise Act,",Rule Trfe police Vijayanagar Indore by Uni. Ar.alkmisra father / husband ............... resident police Vijayanagar Indu,"Pankaj aka Cat Father Jagtsinh Nrvria age 30 years resident 99/5 move Somnath Juni Indore recent address 32 Patel Nagar, Vijayanagar Colony Indore -",Near Bhusamondi space Service Road Indore,The 28-02-l8 15:25: Between,2/28/2018 16:40,,Wine spirits loaded on a plastic Kane accused 10 liters approximately precious 2000 / Rs bluestone around 200 chartula a paper g illegally without license found.
9,Police Lsudia,198/18,"279 337,",Face father Prakash Agarwal age -30 years of Father / Husband Agarwal resident 71 Ushaganj Cantonment station Syogitaganj Indore Moknk 9827529029,Alto No. MP04CQ7179 driver -,Faith not scheme against the hospital. 78 Indore,10:30 between 27-02-l8 10:30,2/28/2018 10:35,,Alto driver of car No. MP04CQ7179 brought running together in a much faster pace and negligence on your car and the complainant bike car. Hit the side on MP09NM6540 reported that the complainant was the fall injury.
10,Police Lsudia,199/18,"25 Arms Act,",Rule Trfe police station Lsudia monitored by Uni Deepak Sharma father / husband station Lsudia resident station Lsudia,Amit alias Kallu father Rajendra Yadav age 22-years A 50 Suklia station Hiranagar Indore,Nirjnpur intersection Dewas Naka Indore,11:30 between 28-02-l8 11:30,2/28/2018 13:00,,Illegal iron occupying accused of knife tip was Dar Sprigandar seized precious Rs.200.
11,Police Kjrana,182/18,"323,294,506,34 altogether,",Tohid Sheikh father / husband Farooq age 15 years resident of New Road gandhigram Kjrana,"Baby boy -gandhigram Kjrana the coat card that Kchori prophet father Rafiq -gadhigram Kjrana, Amir -kjrana,",Noor mosque near Gadhigram Kjrana,The 28-02-l8 14:15: Between,2/28/2018 16:15,When the complainant,The Aropiyan who threatened to kill the thing to give money not spent is familiar with the complainant lives bare naked Galia reported stabbed injury Phchai
12,Police Kjrana,183/18,"363 altogether,",Abdul Salam father / husband Habib Sheikh resident 1 9 2 Rajiv Nagar Bdla Kjrana,Unknown -,1 9 2 Rajiv Nagar Bdla Kjrana,The 28-02-l8 8: 0: Beach,2/28/2018 20:40,When the complainant,"Complainant's niece took ages 10 years Fri had come to study here, which house went somewhere away playing in front of the complainant to suspect that Fusla An unknown person caresses her niece's"
13,Police Kjrana,181/18,"34,",Rule Trfe police station Kjrana Indore father / husband. Resident ..,"Surendra Singh father Karan Singh - Malwa Tav and Plasia Indore,",,The 28-02-l8 3:30: Between,2/28/2018 4:55,,Coming planted was taking the license without bottle 8 Agreji alcohol illegally r�pe which caught
14,Police Knadia,79/18,"279, 337","Ajaysinh Chauhan Rajput caste, age 25 years old father / husband, father Gajrajasinh Chauhan resident pro. G Bisnkeda Indore Moknk","School Bus Sl. Chalk- - the MP09 / FA / 4650,",Karnataka School has Knadia Road Indore,The 28-02-l8 15:30 0: 0 beach,2/28/2018 16:40,,Your motorcycle car. MP09 / NV / behind your friend Bartsinh the 7274 sit bypass refueling tank of gas from his shop agreement Nagar India gas was being Godaun I Knadia Road Karnataka school has reached only going on my left side school bus no. MP09 / FA / 4650 driver hit the brought running your vehicle speed and Laprwaheepurw the dead Phuchayi injury.
15,Police Knadia,80/18,"379,","Jitendra Patidars age 23 years father / husband, father durgaaprasaad Patidars inhabitants Mkn 0.81 Sector B Vaibhav Nagar Indore Moknk","Agyat-,",Mkn 0.81 � B front splendor city Indore,0l-03-l8 13:30 to 14: 0 beach,2/28/2018 17:40,,"Complainant motorcycle Bajaj Pulsar 150 cc new Chassis no. MD2A11CY9HRJ27419 engine not DHYRHJ63657 Color Black Red Model 2018 Kimti took an unknown crooks stole Rs 50,000."
16,Police Knadia,81/18,"323, 294,506,34","Bliram Rathore Age 23 years father / husband, father Kailash Rathore resident pro. 84 or alley. 2 Sun City Kjrana Indore Moknk",Navjit free. More Sister City Indore and Sathygn -,Sharma splendor near Swits city Knadia Road Indore,The 28-02-l8 19: 0 0: 0 beach,2/28/2018 21:35,,"Complainant Bob Navjit the accused over to pie eating Yew threatened to kill the filthy dirty Galia his other colleagues monitored by the mother, sister and dear to Marpitr hand Mukco."
17,Police Pardeshipura,107/18,"34 Excise Act,",Rule Trfe cop father / husband with by Suni Devendrasih resident station Pardeshipura Indore,"Pradeep father Bhagirath Verma aged 29 years -204 Shankar potter's garden Indore,",Kulkarni furnace pull down Indore,14:10 between 28-02-l8 14:10,2/28/2018 15:15,,Accused of illegally 25 quarters native plane Alcohol 180 ML in a plastic bag The sealed stood over that precious 1375 / Rs that caught siege by police
18,Police Pardeshipura,108/18,"34 Excise Act,",Rule Trfe cop father / husband with by Prkar 0.779 Anil Patil resident station Pardeshipura Indore.,"Nitin's father Ram Meghwal age 32 years -nivasi 225 Kulkarni kiln Indore,",Kulkarni furnace pull down Indore,14:25 between 28-02-l8 14:25,2/28/2018 15:35,,Charged 25 quarters in a plastic bag native plane Alcohol 180 ML The sealed stood with the precious 1375 / Rs that caught siege by police
19,Station Hiranagar,118/18,"4A, speculative Act",Rule Trfe police Hiranagar father / husband --- resident station Hiranagar,"Nilesh Palve father Svdesh Palve 27 years -560 Bajrang Nagar Indur,",560 Bajrang Nagar Idur,28-02-l8 22: 22: 0 between 0,2/28/2018 22:30,,Accused of illegally negotiated speculative writes red handed caught and Rs 450 to capture cash and betting slips seized 3
20,Station Hiranagar,119/18,"34, Excise Act",Rule Trpe police Hiranagar father / husband ---- resident station Hiranagar,"Govind hero father Sakaram hero -52 Sethi affinity town Vijayanagar Indu,",MR 10 Service Road Indore,28-02-l8 22: 22: 0 between 0,2/28/2018 22:45,,"The accused were seized to move liquor red handed caught and possession of 25 loaf native Madeira plane precious Rs 1,200"
21,Station Hiranagar,120/18,"34, Excise Act",Rule Trfe police Hiranagar father / husband --- resident station Hiranagar,"Deepak father Raju Verma 18 -113 Sethi affinity town Vijayanagar Indur,",Jnglidas Paswali street Indore Baba Ashram,22:10 between 28-02-l8 22:10,2/28/2018 22:55,,Illegal Jptkiye the possession of the accused 25 loaf native Madeira plane precious Rs 1250
22,Station Hiranagar,121/18,"420 ,, 34 Badvi 66 IT Act","Deputy utter Rajiv Yadav, father / husband ---- resident Apradshakha Indur","Prince Kushvah Father Babu Kushvah -ni Indore, Vishalhimania father Purushottam Himaniya -indur,",280 B mother Sharda Nagar Indore,12:30 between 08-02-l8 12: 5,2/28/2018 23:30,,Aropian has reported Ginsonhi the complainant in the Online jeans when e.g. 7200 per account and embezzlement
23,Police Baanganga,218/18,"363,",Mukesh Fulmali father / husband Ramesh Fulmali resident 214 small potter Gulf Indore,"Agyat-,",214 small potter Gulf Indore,13:30 between 28-02-l8 13:30,2/28/2018 21:35,To Talas,Complainant daughter noon today 28/02/18 from Btaae home went without saying lasted 1.30
24,Police Ajhadnagr,66/18,"341,294,323,506,34,",Shera Amode father / husband Kailash Amode resident 9 55 / L Shanti Nagar Musakedi Indore,"Golu alias Manoj father Rajendra Vishwakarma -25 Raju Nagar, Etawah Civil Line Dewas",Peace Indore behind the city Klali,27-02-l8 3: 3:15 between 0,2/28/2018 0:55,,Aropiyo threatened to kill the abuse stopped Journey complainant Gupta assault and death.
25,Police Ajhadnagr,67/18,"34,",Shasntrfe police station Azad Nagar father / husband. Resident station Azad Nagar,"Subm father Ashok Parmar -262 Indra Unity City Musakedi Indore,",Ring Road Indore front Musakedi Snimndir,The 27-02-l8 23:50 15 between,2/28/2018 1:45,,The possession of the accused were 25 Kawatr seized illegal country liquor.
26,Police Juni Indore,113/18,"8/21 Ankdikpi.as.akt,",Rule Trfe police station Juniindur monitored by Uni Ankita Mndloi father / husband. Resident station Juniindur,"Vndn aka Vndu Mulchandani father Indrajit Mulchandani -102 Gopal Bagh Indore,",Paliwal tea has Manikbag Road Indore,28-02-l8 13: 5 13: 5 between,2/28/2018 15:10,,Rs 9 0.66 grams of illegal brown sugar Kimti 9500 of possession of the accused were taken into account to establish the went of seized drugs are police crime section 8/21 NDPS Act
27,Police Juni Indore,114/18,"379,",Alefia Basra age 26 years father / husband Njmuddin Basra resident 63 Bdraibag Colony Rajendra Nagar Indore,Unknown -,Sadhu Vaswani Garden near Indore,19:45 between 28-02-l8 19: 0,2/28/2018 22:00,Thauna when the complainant,"Put an unknown rogue lock the trunk of the car of the complainant breaking trunk switch to lead-based cards, bank passbooks, visas and cash 7,000 stolen Rs"
28,Police Juni Indore,115/18,"36 (b) Excise Act,",Rule Trfe police Suni monitored by police Juniindur CS Yadav father / husband. Resident police station Juniindur,"Light Chakre father Onnkar Chaukre governmental plot, Bichauli macho Indore,",Near Lohamondi Kalali,22:15 between 28-02-l8 22:15,2/28/2018 23:15,.,The accused were caught with by the police while drinking in a public place Apkdhara 36 (b) Liagya for deliberation by Ab.aktka registered
29,Police Juni Indore,116/18,"36 (b) Excise Act,",Government's Trfe police Uni monitored by police Juniindur L Bvr father / husband. Resident police station Juniindur,"Golu alias Rahul embellishment father Karan embellishment governmental plot Bicoli macho Indore,",Lohmondi near petrol pumps,22:40 between 28-02-l8 22:40,2/28/2018 23:40,,The accused were caught with by the police while drinking in a public place Apkdhara 36 (b) Liagya for deliberation by Ab.aktka registered
30,Police Pandhrinath,37/18,"279, 337 Badvi","Devendra father / husband Govind Saptarshi resident flat no. 01, 152 B Vaishali Nagar Indore","Riding an auto rickshaw MP 0 9 r. Chalk- of 1466,",Dove Food police station near Indore,11:55 between 28-02-l8 11:55,2/28/2018 13:10,,Complainant was going to their TVs Jupiter ride to Pigeon food police auto rickshaw NO. MP 0 9 r. 1466 driver hit the complainant from other side while speed and negligence by running over tech that the complainant was so near his right elbow to the wrist of his left hand and left eye injuries in the leg femur fall.
31,Police Mlharganj,92/18,"323 ,, 294,506,34 Badvi.",Vinay father / husband Swkrakesh Yadav resident Misin compound Ashok station Shivpuri in Shivpuri district in front of the flour mill,"Sun-Kandilpura Indore, Nikhil-Kandilpura Indore, Narendra -kandilpura Indore, Surendra -kandilpura Indore",Malwa Agro Complex Idstriyl area Laxmi Bai Nagar Indore,28-02-l8 11: 0 and 11: 0 beach,2/28/2018 12:05,In the police station took,"Plaintive I lived on Unaccompanied Surendra Singh police station came to report that I address above with and I Aannr truck UP93 / AT / 9033 which my driver Surendra Singh 11.00 today dated 28/02/2018, the reverse in Malwa Agro Complex had been put on the site, I said the site was told that the work on so Hammal Sun, Nikhil, Narendra, Surendra around me said truck matter removed from a low of Malwa Agro company C car are installed you are Con same thing about four rude to me me mom sister naked naked Galia began to assemble the abuses forbidden Gene four began to assault me ??kick hack and Narendra name of the person who Bora Udane the statistics from hitting on me back"
32,Police Mlharganj,93/18,"279, 337 304 A Badvi.","Dharmendra father / husband Mr. Balmkund Mishra hails 316 victory Nagar Indore, Banja deceased, Pradeep Tiwari father Lknlal Ti free. Victory Srinagar","Bus Driver's NO. MPO9 / FA / 3820 ------,",Last Crossing Indore front Guruwdara,28-02-l8 18: 18: 0 between 0,2/28/2018 23:55,Permanent on the investigation that was,The accused went to the bus faster and running casually deceased bike MPO9 / NV / her death that hit in 3021.
33,Thana Sadar Bazar,67/18,"323, 294 506 Badvi",Jyoti Pthrod father / husband Ritesh Pthrod age 26 years resident 2/9 Bkshibag Indore,Ritesh alias Sonu Pthrod father Kanhaiya Lal Pthrod - Bkshibag Indore,2/9 Bkshibag Indore,The 28-02-l8 1: 0 1: 0 beach,2/28/2018 11:55,Night from,The accused has Friadia assaulting another man talked about the Friadia bare naked Galia The plaques and the mother's sister is threatening Friadia injury Phuchai and learn.
34,Thana Sadar Bazar,68/18,"419 Badvi,",Farzana's father / husband loved husband. Abrar Khan age 32 years resident 02 Bjria Indore North Ghafoor Khan,"Md. Abrar Khan, father Nasir Khan -.a 1/5 Adarsh ??Nagar Dewas Road Ujjain",2 Bjria Indore North Ghafoor Khan,The 02-ll-l3 0: 0 0: 0 beach,2/28/2018 19:45,The application checks,Accused by referring to the doctor by profession from Friadia giving went to voice married and went to talk to divorce later made physical connection Friadia and the second referring to marry accused Friadia cheating.
35,Thana Sadar Bazar,69/18,"279, 337 Badvi 184 Mokwhi.akt",Shanteelal Prajapat father / husband Udda G Prajapat age 38 years are potters free resident 58/5 South Gaderakedi Indore,Atoriksha car. MP09R8703 driver -,Pologround intersection Indore,22:10 between 28-02-l8 22:10,2/28/2018 23:30,on time,"Accused Atoriksha driver your vehicle has speeded up, casually brought running on trail and dangerous situation in the knee which either left foot hit the front of TVs Aks.alkme the complainant, left feeling hurt other place on the elbow and body ."
36,Thana Sadar Bazar,70/18,"4A speculative Act,",Friadi? rule Unikjapis by Trfe police station Sadar Bazar Jadon father / husband - resident Thana Sadar Bazar Indore,"Aslam Khan, father Majid Khan age 41 years -127/1 Junarisala Indore, Asrf father Majid Khan age 47 years -127/1 Junarisala Indore, Ijaz Khan, father Majid Khan age 42 years -127/1 Junarisala Indore,",Ahilyaplton houses Nmhwar intersection Indore front of 171/1,28-02-l8 22:30 between 22:30,2/28/2018 23:50,on time,"The accused were seized illegally by the public on winning and losing bets by speculative possession caught speculative writing points slip on account Bombay speculative prescription close to 04 points, a lead pen and Rs 2350 cash."
37,Police aerodrome,127/18,"279/337 Badvi,",Savita's father / husband Swkanil More residents 44/3 Arjun Nagar Junarisala Indore,"Car no. MP09.CS.5623 driver -00,",Lcshmnpura brick kiln near Indore,The 28-02-l8 8:40: Between,2/28/2018 13:20,,"Car no. MP09.CS.5623 his driver brought running trail Tejagti and neglect your car and bump from behind on my Skuti Mardi so I went down, hit me up Panjo right leg and knee and hip and left got injuries on elbow"
38,Police aerodrome,128/18,"36 (b) Excise Act,",Rule Trfe police station aerodrome District Indur father / husband Suni Rakesh Tiwari resident police station aerodrome District Indur,Dinesh Rathore father bheroolaal Rathore -135 B sector Gali No. N4 Nandbag Colony Indore,Scheme No. 0.155 empty field Indore,The 28-02-l8 15:40: Between,2/28/2018 17:45,,A person in a motor Saiklo showing drinking alcohol on common road and takes on some nearby began to see the wine drinker who police right to the left caught with the help of the Force
39,Police aerodrome,129/18,"36 (b) Excise Act,",Rule Trfe police station aerodrome District Indur father / husband Suni Rakesh Tiwari resident station aerodrome District Indur,Dinesh Rathore father bheroolaal Rathore -135 B sector Gali No. N4 Nandbag Colony Indore,Scheme No. 0.155 empty field Indore,The 28-02-l8 15:50: Between,2/28/2018 17:55,,A motor a person on a bicycle showing drink alcohol common road and some by the close on access to drinking person police right to the left felt that it captured with the help of force
40,Police aerodrome,130/18,"36 (b) Excise Act,",Rule Trfe police station aerodrome District Indur father / husband Suni Rakesh Tiwari resident station aerodrome District Indur,"Jai Prakash's father Mahesh Prasad Varma Indore behind F 7 G Type C RP line M Y H,",Shubham Nagar Indore,The 28-02-l8 17:10: Between,2/28/2018 18:15,,A person caught with drink show I have motor was standing cycle who tried to escape on seeing the police the passer Panchan Teen Patil and radheshyam help
41,Police aerodrome,131/18,"457/380 Badvi,",Mrs. Leelabai father / husband Swksri Vittlrav Mashal resident 830 Scheme No. 0.51 Indore,"Unknown persons unknown,",830 Scheme No. 51 Indore,20:30 between 22-02-l8 0: 0,2/28/2018 22:00,,An unknown person entered in removing sheets middle stunning from my house roof took the jewelry and cash money stolen
42,Police Rajendra Nagar,118/18,"34 Excise Act,",Rule Trfe police station Prkark by Rajendra Nagar 24 Hari Om Sharma father / husband .................... resident station Rajendra Nagar,"Indore Vikram father Awnkar Boriyale age 33 years -sati knoll Treba College Jopd strip,",Nihalpur Mundi Harijan Mohalla street Indore,28-02-l8 15: 0 and 15: 0 beach,2/28/2018 16:20,,"To sell accused have hand raw Srhab furnace of Mhuye total 02 liters of precious 100 rupees was register, crimes against illegally has laid accused newborn."
43,Police Rajendra Nagar,119/18,"34 Excise Act,",Rule Trfe police station Prkark by Rajendra Nagar 24 Hari Om Sharma father / husband ....................... resident station Rajendra Nagar,"Sky Father Basil foreigner age 23 years -9 Bhmpuri Indrapuri Colony Indore possesses fixed Shankar Temple,",Nihalpur Mundi Harijan Mohalla Subhash's house Indore on Otley,15:30 between 28-02-l8 15:30,2/28/2018 16:35,,"To sell accused have hand raw Srhab furnace of Mhuye total 02 liters of precious 100 rupees was register, crimes against illegally has laid accused newborn."
44,Police Rajendra Nagar,120/18,"34 Excise Act,",Rule Trfe police station Prkark by Rajendra Nagar 24 Hari Om Sharma father / husband ............... resident station Rajendra Nagar,"Kisorsinh father Ghasiram Thakur age 37 years -bapu city Agar Road Ujjain recent distinction cold storage Nihalpur Mundi Indore,",Nihalpur Mundi Harijan Mohalla street in Indore,28-02-l8 19: 5 19: 5 between,2/28/2018 20:10,,"To sell accused have hand raw Srhab furnace of Mhuye total 02 liters of precious 100 rupees was register, crimes against illegally has laid accused newborn."
45,Police Rajendra Nagar,121/18,"34 Excise Act,",Rule Trfe police station Prkark by Rajendra Nagar 24 Hari Om Sharma father / husband ................... resident station Rajendra Nagar,"Prince father age 45 years -jodhavirsinh Raghuvanshi,",Nihalpur Mundi Harijan Mohalla under construction house near Indore,19:25 between 28-02-l8 19:25,2/28/2018 20:20,,"To sell accused have hand raw Srhab furnace of Mhuye total 02 liters of precious 100 rupees was register, crimes against illegally has laid accused newborn."
46,Police Rajendra Nagar,122/18,"34 Excise Act,",Government supported by Trfe police station sub-inspector Rajendra Ram basis Yadav Mobaknank 7049108720 father / husband ................. resident station Rajendra,"Mukesh Yadav father Ram Prasad age 57 years -258 Mahadev Nagar Indore,",Mahadev Nagar behind empty field near Indore water tank,19:20 between 28-02-l8 19:20,2/28/2018 20:45,,"Took a bag from the accused 20 quarter were native to register, crimes against wine red (Mshala) price has held illegally to sell 1,200 / Rs accused newborn."
47,Police Rajendra Nagar,123/18,"294, 323, 506 Badvi,","Maykan Agarwal age 21 years father / husband Ashok Agarwal, a resident of 245 Dhanvantari Nagar Indore","Ram B 28/6 Kate Colony Indore,","Welfare Center, SRC control room, Kate Colony, Indore",28-02-l8 20:30 between 20:30,2/28/2018 23:25,,The accused was beaten by hand Mukco by bare naked abuses mother sister Lekhar complainant that she was not running Channel cable and threats c.
48,Station Gandhinagar,57/18,"49A,",Rule Trfe police Suni Pi.askchauhan father / husband station Gandhinagar resident station Gandhinagar Indore,"Anhu aka Hemant father Narendra Swamy age 21 years -ni. Panchayat area Gandhinagar Indore,",Tue Pande gate Gandhinagar Indore,28-02-l8 13: 0 and 13: 0 beach,2/28/2018 14:05,Return,Accused Pakdaya are illegally taking poisonous liquor.
49,Station Gandhinagar,58/18,"34 Excise Act,",Rule Trfe police Prkar 0.36 Jagdish Bhabar father / husband station Gandhinagar resident station Gandhinagar Indore,"Ghanshyam Panwar father Rameshwar Tanwar -ni village Rinjlai Indore,",G Hingonia FATA Road,28-02-l8 16: 0 and 16: 0 beach,2/28/2018 18:25,Return,Accused Pakdaya illegally sell alcohol.
50,Police Mhow,69/18,"341294323506 Badvi,",Rajendra Hrshwal father / husband Bansi Lal Hrshwal ages 5 to 9-year-old resident 73 9 Teligli Mhow,"Sonu Bhau -yadv Parish Mhow,",Chaupda garden Mhow,21:45 between 28-02-l8 21:45,2/28/2018 18:00,on time,The complainant worked threats syringe distribution prompted the removal of the side of the accused during the program that is blocking the path of the complainant to the accused worked after her mother reported sister porn Galiya and learn to beat the hand Mukco.
51,Police Mhow,70/18,"34 A. Excise Act,",Rule Trfe police said free Prince by police Mahu Dixit father / husband - resident police station Mahu district Indore,"Sun Ti father Krishna Tiwari, age 25 years -bnvri station nurse District Mhow behind Citrkut recent Mdhybart,",Telikeda cow schoolteachers Samnen Mhow,"28-02-l8 23: 0, 23: 0 beach",2/28/2018 23:45,Return,"Accused of illegally sell unlicensed alcohol red handed caught possession warnings a thong D mount box of the company's beer with 12 beers each beer 650 ML The Kimti arrested the accused seized of around Rs 1,200."
52,Station Kishanganj,104/18,"279,337 Badvi,",Jitendra race navvy age 22 years father / husband dhulajee Pdiar native hut near Sai City,"Mahindra pickup car MP 0 9 G 3471 of Chalk-,",Near the tea shop Simrol Mhow Road Sitanagar,19:30 between 27-02-l8 19:30,2/28/2018 10:10,Mjruho reported after undergoing admitted to hospital,The accused driver Manoj mo with its Mahindra pickups to identify the complainant running trail Tejagti and negligence. Sa. No. Mkpik09anksik Hit the front in 3466 reported that Mjruh Manoj resident Gwalu and Manoj uncle Amrsih hurt.
53,Station Kishanganj,105/18,"4 (a) speculative act,",Shasntrfe Uni police Kishanganj amritlal Gvri father / husband ---- resident station Kishanganj,"Dwarkaprasad Patel father Kaluram Patel Age 45 years -khann Colony Mhow,",Tushar Dave has Simrol Road Mhow,28-02-l8 17: 17 0: 0 beach,2/28/2018 19:40,Return on permanent,870 Rs accused the Batte and commandeer speculative Akan written slip people went to a Lead Pen and diary seized
54,Station Kishanganj,106/18,"13 Juan Act,",Shasntrfe police Kishanganj father / husband Ddara Upkniri amritlal Gvri resident station Kisnanganj,"Ballu's dad Teen caste workers age 30 years -gram Ptthrnala, Nand Kishore father kanhaiyaalaal Umr 35 years caste Kurmi -purana to cold storage Simrol Roda, Dnnalal father Mulcndra 35 years of age race Lodhi -ktktkedai, Narendra father Bgwansinh chivalrous age 30 years -gram Ptthrnala opposite Satish father Shivsekr age 28 years -nivasi cold store,",Santer near Shiva Temple,19:45 between 28-02-l8 19:45,2/28/2018 18:00,,Taking bets win-loss of Rs accused banknotes were seized in 1710 and Rs 52 Playing Cards
55,Thana Manpur,57/18,"323, 294 506",Mrs. Klabai father / husband India Katare resident new Pura Thana Manpur District Indore,"Lokesh father Ramprshad -gram Kolani Thana Manpur,",Shyam brick kiln grams Kedisihod Thana Manpur,"28-02-l8 19: 0, 19: 0 beach",2/28/2018 22:00,,The accused threatened to kill the Friadia hit on the head with a bare naked Glia reported and wood ma sister and lives
56,Police Simrol,75/18,"324, 323 294",Kailash father Bnsinh Bhadoriya 30 father / husband Bnsinh Bhadoriya Bhilala resident Tekdiapura Sendl,"Manoj father Rumsinh race Bhilala -tekdiapura Sendl,",Complainant's home front Tekdiapura,"27-02-l8 20: 0, 20: 0 beach",2/28/2018 10:10,The last night,Aropi Fri said. Bitten on the neck by kick assault Gunso and teeth by Nanginangi Galiayn mother sister over to the old dispute.
57,Police Simrol,76/18,"25 B. Arms Act,",Shaktkpulis Simrol drugs are Uniksitaram Rawat father / husband station Simrol resident station Simrol,"Sunil father Unkar Kelwa caste Rajput 23 years -dtoda,",Chandni Chowk Chaurl,28-02-l8 17: 17 0: 0 beach,2/28/2018 21:20,On return,A Tejdhardar stabbing Kimti the possession of the accused were seized 50 Rs.
58,SHO Depalpur,64/18,"323, 294,506,34",Tejram Parmar father / husband Mulcndra race tailor age -45 years Native Village Bnedia Depalpur,"Vasudev Parmar father Mulcndra race tailor -gram Bnedia, Prakash Parmar father Mulcndra race tailor -gram Bnedia, Manish Parmar father Vasudeva race tailor -gram Bnedia,",Complainant's house in front of the village Bnedia,28-02-l8 20:30 between 20:30,2/28/2018 21:20,,Aropigno threatened to kill Phuchai hurt Corsica bare naked Galia said Ma sister complainant took to Rs transactions boring and the Favde and kick Guso and life
59,Police gautampura,37/18,"25, 25 B. Arms Act",Rule Trfe police gautampura father / husband following resident station gautampura,"Devkrn aka Mama father Barulal caste Gujjar Age 35 years -gram Krsoda,",Just stand gautampura,11:30 between 28-02-l8 11:30,2/28/2018 13:00,,A sharp sword accused were seized Kimti Rs.500
60,Police gautampura,38/18,"498A, 498A .323.506. Badvi",Queen's husband last recluse age 23 years father / husband last recluse resident good market gautampura,"Last Father Babudas recluse -Good market gautampura,",Friadiya home gautampura,04-02-l8 8: 0 8: 0 beach,2/28/2018 15:45,,The accused Dos to kill the demanded dowry Friadiya
61,Police betma,116/18,"34, (2)",Rule Trfe police betma father / husband Prarh 344 Srvnsih resident police station betma,"Dinesh Pawar father Soma G race Bhil age 32 year-Dilipmewada house village Medad station betma District Indur,",Mothla bypass Fanta betma,The 28-02-l8 15:50: Between,2/28/2018 19:45,,Accused of carrying two plastic RS Kane in 70 liter hand alcohol raw Mhua furnace Kimti 3500 on a bicycle red handed caught
62,Police betma,117/18,"34, (1)",Rule Trfe police betma father / husband Uni Triloksih bass resident police station betma,"Raju's father Himayu Khan age 20 years free. G Dnnd-gram Dnnd,",Just stand Babasaheb betma near Ambedkar statue,28-02-18: between 20:30,2/28/2018 20:50,,17 Quarter illegal government plane alcohol possession charges Kimti move to sell 850 in RS Theli caught
