Sl.,Station,Police Crime / Mrga No.,section,The complainant's name and address,The accused's name and address,Event site,Event Date and Time,Permanent date and time,Delays cause permanent,Details including the cause of the incident
1,Station MG Road,135/18,"279.337,",Shrichand Yadav age 55. Father / husband Mr. pyarelal Yadav B. 0.4 Chandrabhaga Enclave Pandravi Battalion Mahesh guard line Indore,Accused Tata Magic Number. MP09 T 4686 Driver -,Shivaji Market Indore front Mohan bags,"30-03-l8 19: 0, 19: 0 beach",3/30/2018 20:10,,Accused Tata Magic Number. MP09 T 4686 driver brought his vehicle negligent injury to fast running competition in motor cycles of complainant dead complainant has
2,Police Snyogitaganj,114/18,"279,337 Badvi,",Fine father / husband Narayan skills age 34 years resident 132/2 Old Sabers station Sadar Bazar Indore,Motor Cycle No. MP 17 MK 8507 Driver -,Indore to NAVLAKHA intersection Durdrshn office,7:15 between 30-03-l8 6:45,3/30/2018 12:25,,Accused hurt your bike No. MP 17 MK 8507 speed and negligence Purwk run buckler motor cycle hit from behind at No. MP09 NQ 9272 killing injury.
3,Police Snyogitaganj,115/18,"13 Gambling Act,",Rule Trfe police station Snyogitagaj father / husband in kind charge in 1616 Mahesh Chauhan resident station Snyogitaganj District Indore,"Deepak father Bhavani Ram Salve - 125 Shyama Charan Shukla Nagar Indore, Mukes father Ookar Nirgude age 35 years -shyama phase Shukla Nagar Indore,",Shyam Shukla step behind the walls of the city cemetery Indore,20:20 between 30-03-l8 20:20,3/30/2018 21:20,On Sy,Aropiyo felt the claims of losing Rs peso Industry Ministers to play cards gamble leaves red handed caught
4,Police Plasia,100/18,"294, 506 Badvi",Applicant worship father / husband Ravi Verma aged 26 years resident permanent address g Snake Bhidi Goganwa district Khargone recent stage Umrikenda Indore,"Asif-,",Saket Nagar Indore,14:30 between 2l-03-l8 14:30,3/30/2018 20:25,Went the permanent on checking application,"The Avedika worship and witness to the crime under Section 294, 506 Badvi against accused Asif Anita's statement was actually registered crime."
5,Police MIG,221/18,"379,",Nitin Rathor father / husband Om Prakash Rathor resident K.Srihari Colony Indore,Unknown thieves -,13 9 Krishna Complex Frdnis Colony Indore,30-03-l8 14: 0 and 16: 0 beach,3/30/2018 16:00,He came to the police station of the complainant,Complainant his motor Saikilplsr 150cc Blade red color car. MP 0 9 / BD / 9025 was felt blocks 13 9 Krishna Complex Frdnis lives at Colony Indore which took Koiagyat burglar Chur
6,Police MIG,222/18,"283,",Uni worship Sharma father / husband residents station Maiji Indore,"Yogendra father Rmcrn Nathsle -skim not .54 apartment No. 0.565 Vijay Nagar,",Patnipura Juraha,30-03-l8 16: 0 and 16: 0 beach,3/30/2018 16:00,,City bus No. MP 0 9 / FA / 1 9 54 The driver was just Kopatnipura was Jurahe went on drinking tea leave Cholu on dangerous ending thereby blocking path.
7,Police MIG,203/18,"507,",Ms. Jyoti father / husband Mohan Lal Maheshwari resident 17 Ward 6 body Parish Village Rehti district Sehore,"Nihal Kushvah -58 Sai Flour Mill Street no. 1 Nadia Nagar Indore,",58 Sai Flour Mill Street no. 1 Nadia city Indore,21:25 between 30-03-l8 21:25,3/30/2018 23:05,Come on station Friadia,Not your phone Friadia accused is found guilty of Friadia Nihal Kushvah the absence of the transaction merchant deal where was to take money home Friadia accused accused Nihal your home accused had porn abuses Fri 0.
8,Police Vijayanagar,223/18,"341, 427/323/294/506","Tikensh father / husband's father Chandra Yadav, aged 20 years resident H 7 Narmada Colony not Vijayanagar scheme. 78 Indore",Umesh Sonene resident colony Nirnjpur Indore -,Singh not photocopy scheme. 54 Vijayanagar Indur-,30-03-18 20:30 0: 0 beach,3/30/2018 22:10,,"Was my motorcycle pension Pro car MP09QN6724 at Dinesh Jain Pan shop Sathya Sai Chaurah today like my motorcycle in the pan shop and Anmol Jain that its Activa were the No. MP09SN8447 we have two home we Singh, a man arrived in front of the photocopy we took people to bare naked Galia of preventing mother-sister way no reason we people then denied by Galia I slapped Mukco Sector has beaten that I hurt the right hand. And my motorcycle pension Pro car MP09QN6724 and precious Activa Sl MP09SN8447 have damage Todfod the stone."
9,Police Lsudia,280/18,"323,294,506,34 Badvi,","Rule Trfe police station Lsudia Trfe Atul Yadav father Subhash Yadav age 18 father / husband Subhash Yadav, a resident of 43 g. Workers Colony Scheme 78 Indore","Happy alias rule not -skim. 114 Indu, Byyu-not scheme. 114 Indu,",The Christian community not recent front scheme. 78 Indore,"29-03-l8 23: 0, 23: 0 beach",3/30/2018 2:30,,"Accused Happy alias rule Byyu Friadiatul Yadav father Subhash Yadav age 18 years resident of 43 g. The workers threatened to kill the colony scheme and the 78 Indore The bare naked Galiya thing Pauhder not drink, hit by a sharp object and assault."
10,Police Lsudia,280/18,"323,294,506,34 Badvi,","Rule Trfe police station Lsudia Trfe Atul Yadav father Subhash Yadav age 18 father / husband Subhash Yadav, a resident of 43 g. Workers Colony Scheme 78 Indore","Happy alias rule not -skim. 114 Indu, Byyu-not scheme. 114 Indu,",The Christian community not recent front scheme. 78 Indore,"29-03-l8 23: 0, 23: 0 beach",3/30/2018 2:30,,"Accused Happy alias rule Byyu Friadiatul Yadav father Subhash Yadav age 18 years resident of 43 g. The workers threatened to kill the colony scheme and the 78 Indore The bare naked Galiya thing Pauhder not drink, hit by a sharp object and assault."
11,Police Kjrana,254/18,"279, 337",Ravi Chaudhary father / husband Suresh Kumaar resident Heepohed district Rajgarh judgment bloom Chhapiheda Rajgarh,"Truck No. Hr 63 of 1 9 8 9 Kachalk -agyak,",Radisson intersection Kjrana Indore,The 30-03-l8 6: 0 0: 0 beach,3/30/2018 9:05,,The accused brought his driving Purwk speed and carelessness and damaged the complainant
12,Police Knadia,122/18,"380, 454","Worship Nrvria age 26 years father / husband, father Mohansingh Nrvria resident pro. 56/02 Sun Awakening city Malviya Nagar police station, Vijay Nagar Indore Moknk",Unknown -,63 All feature city Knadia Road Indore,30-03-l8 13:10 to 14: 0 beach,3/30/2018 17:05,,Friadiya reported my brother Sachin Tamrkr father Bhola Prasad Tamrkr between 0.63 all feature in Knadia Road residents took city Indur house lock broken down into placed on home furnishings unknown person stole. Goods carry stole will tell you I do not know come to my brother.
13,Police Pardeshipura,168/18,"34 (1) Excise Act,",Rule Trfe cop father / husband with by Skuknik RC Joshi resident station Pardeshipura Indore.,"Lakhan father Devaraj Jeria race Jatav age 19 years -ni. 601 Kulkarni kiln Indore,",In front of 601 Kulkarni kiln Indore,30-03-l8 11:45 to 11: 0 beach,3/30/2018 13:25,,Accused of illegally selling alcohol caught occupied country liquor were seized 24 Quarter Kimti 1680 / Rs Mshala from.
14,Station Hiranagar,179/18,"34, Excise Act",Rule Trf police Hiranagar father / husband ---- resident station Hiranagar,"Ritesh father Museelal boatman 2 9 years -pgare gas Gaodaun has Bhangarh Idur,",Kashipuri Colony Taxila near Indore,29-03-l8 23:30 between 23:30,3/30/2018 0:40,,Aropike occupying 28 feet were native has seized licensed without Madeira plane from.
15,Station Hiranagar,181/18,"25, Arms Act",Rule Trfe police Hiranagar father / husband ----- resident station Hiranagar,"Dharmendra alias Shorty Malviya father Bhanwar Singh Malviya -361 AS 54 Scheme No. 78 Indore,",Chandragupta Maurya crossing Main Road Indur,22:45 between 30-03-l8 22:45,3/30/2018 23:15,,Possession of the accused were seized an iron sharp pointed knife from.
16,Station Hiranagar,182/18,"34, Abkariakt",Rule Trfe police Hiranagar father / husband --- resident station Hairanagr,"India alias Harsh Solanki father Tarun Solanki houses Kulkarni kiln Indore The Kanchan bypass 8 years -kalka temple,",Khatipura public school Samnesuklia Indore,22:50 between 30-03-l8 22:50,3/30/2018 23:40,,22 feet from the possession of the accused were native has seized the Madeira plane
17,Police Baanganga,313/18,"13 Gambling Act,",Government charge by Trfe police. 99 Chandra Patel father / husband ruled charge by Trfe police. 99 Chandra Patel resident rule charge by Trfe police. 99 Chandra Patel,"King's father Prakash Dindore ages 1 to 9 years -104 Govind Colony Indore, sun father Berulal age 24 years -40 Durga Patel's move, the sun father Hrikede 35 years of age -44 Valmiki Nagar Indru, Anil father Shanteelal ages 2 to 9 years -12 9 Jayhid city Indore Sunil father Berulal age 27 years Indore near -gram Bhorasla Muktidam, Sun father Prakash ages 2 to 9 years -104 New Govind Colony Indore, Sunil's father Naresh Chauhan age 22 -4 4/1 Shankrganj Jinxi Indore, Annu alias Nitin father Sohanlal Kalyaneumr 32 years -18 Valmiki Nagar Indore, the sky father Jagdish Jagtap age 32 years -18 Valmiki Nagar Indore",Maharan Pratap Nagar near the water tank,29-03-18 23:30 0: 0 beach,3/30/2018 0:35,,Aropiyan gamble of Harjit on which 11030 were seized Rs 52 playing cards hold.
18,Police Rau,140/18,"34 Excise Act,",Suni Mahesh Srivastava father / husband Mr. Bhagavandoss resident police station Rau,"Tejram father Kalusinh-Bari locality Rau,",Bari Mohalla accused Otla Rau,20 30-03-l8 19:40: between 0,3/30/2018 20:05,Nirnk,Event date the accused was raw alcohol batch illegally made by hand furnace.
19,Police Ravji market,209/18,"324,294,506,34 altogether,",Praveen Kumar Jaiswal father / husband Rameshwar Jaiswal age 28 years resident M 100 Veena Nagar water tank has Suklia Maine Roda Indore,"Unknown 03 - 04 persons unknown,",Collector Indore front office,21:30 between 30-03-l8 21:30,3/30/2018 23:25,The police come to complainant,The unidentified 03 04 hit the complainant by Aropiyo The porn Galiya mother sister and knives to threaten to eliminate the injury under the ear to the right cheek of the complainant was out assiduously blood and lives.
20,Police Bnvrkuaan,203/18,"34 Excise Act Snshodint 2000,",Rule Trfe police deployed police Bnvrkuaan ,"Rakesh father self. Rama race Balai age 38 year-Citavd Kankd Indore,",Fuliabai house near Citavd Kankd Indore,20:25 between 30-03-l8 20:25,3/30/2018 21:40,On return,Accused Rakesh possession of first 21 quarters Jptshuda wine native plain plastic bag white 1155 / Rupyeko duly seized that went
21,Police Ctripura,92/18,"379 Badvi,",Pushpendra father / husband light Chhabra resident 176 Sukdevnagr Indore,Unknown -,Gangwal bus stand,23:30 between 29-03-l8 22:45,3/30/2018 13:40,,Housed location not Aktiwa Skutr the complainant. MP 0 9s Q 4411 has an unknown thief stole.
22,Police Mlharganj,147/18,"34, Excise Act",Rule Trfe police Mlharganj father / husband -------- resident station Mlharganj District Indore,"Vijayakumar father Dwarikaprasad Gurumr 58 years -32/2 Pardeshipura Indore,",Jinxi intersection Indore,"30-03-l8 20: 0, 20: 0 beach",3/30/2018 21:55,Return,The accused was arrested for illegally 20 quarters of country liquor plane wines
23,Police Mlharganj,148/18,"379, Badvi.","Narendra Kumar Dhakd father / husband Shantilal G. Dhakd resident 79 Paliwal Nagar, Station Tilak Nagar Indore",Unknown ---------;,"Brokers Bagh, Indore",29-03-l8 10: 0 and 13: 0 beach,3/30/2018 22:15,Report due to come work for the translation,"Complainant your car NO. MP09 / was the broker garden to take part in the procession of Mahavir Jayanti CT / 8588 where he went in procession by standing around 10:00 pm broker Bagh, Indore parking your car around 1 then 0.00 pm looked back down the car's driver side was open glass and placed in the car was not the stuff took an unknown crooks stealing the goods"
24,Police Mlharganj,149/18,"279, Badvi.","Rajesh Mishra father / husband Chandrakant Mishra resident 2/1 opposite Yadav Guest House Aditi Lane Rajdeep residence Dhanvantari Nagar, Rajendra Nagar near Indore","Tata Magic driver of the No. MP09 / 9034 --------,",Ramchandra Nagar near Air Port Roda Indore in front of the petrol pump,30-03-l8 20:30 between 20:30,3/30/2018 22:45,In the police station took,Tata Magic NO. Brought MP09 / 9034 driver went Purwk fast and carelessly your Magic and the complainant that would be hit and damage the car and the complainant who was a hurt not to
25,Thana Sadar Bazar,92/18,"34 Excise Act,",Rule Trfe police Uni Thana Sadar Bazar. S.asknigwal father / husband residents station Sadar Bazar Indore,"Gracious Father Ramdas God age 40 -08 South Commatipura Indore,",Alley Indore opposite lane behind the wall Ajay dairy site,20:15 between 30-03-l8 20:15,3/30/2018 21:25,on time,Accused of illegally from the plane seized native wine caught with possession of 20 quarter-native plain wine Kimti 900 / RS-selling in a public place.
26,Police aerodrome,189/18,"324, 294,506,34","Shubham Parmar father / husband Ramesh Parmar, a resident of 12 F royal Indore","Vlla and his fellow,",Indore front of the royal garrison,29-03-l8 23: 0 to 23: 5 between,3/30/2018 0:35,0,"I was like standing at the procession leaving from the front of the royal garrison to the spar and dance her partner come up to us and she had been drugged do I have them on one side by officers surrounded us by those bat the knife our Wanyi stabbed thigh, which ran out of there and that's what came to my friend Gkr your friend in the same house in the neighborhood of Tusar the bat and came to his partner chased and beat began Tusha Then came the mother between defense and those over the stoning started doing the stone was on the left hand mother Anita Kalyane of blight and mother carrying Nagy Nagy Galia reported and said that life if you now run faster shelve"
27,Police aerodrome,190/18,"379, 00",Deva Rawal father / husband Mr. Naru Raval resident grams Kelal placenta station Raipur district Bhilwara (Rajasthan) recent 22 E Vindhya Palace Colony Indore,"Agyat-,",22 E Vindhya Palace Colony Indore,7:30 between 28-03-l8 21: 0,3/30/2018 13:00,0,Bike Bajaj Pulsar 150 cc No. RJk06kHSk9229 which Cacis Nos. MD2AllCZ0FCFXXXXX engine no. DHZCFFXXXXX Maadl 2015 Color Blue Black was La?k by standing on the square of your rental house Vindhya Palace. Who stole an unknown villain Legya
28,Police aerodrome,191/18,"379, 00","Rahul's father / husband Swksri Praveen Shukla, a resident of 177 Ambikapuri Maine Aerodrome Road Indore","Agyat-,",Batia petrol pump near Aerodrome Road Indore,22:30 between 29-03-l8 21: 0,3/30/2018 19:30,0,Accused Fri 0 bike Honda sign no. MP09kQDk3793 which Cacis Nos. ME4JC36JMD773l20l engine no. JC36E73l9l535 Maadl 2014 Color gray Legya stole from the crime scene.
29,Police Chandannagar,256/18,"8 NDPS Act, 22 NDPS Act",Rule Trfe police station Chandannagar Indore Trfe Uni HS Snodia father / husband residents station Chandan Nagar Indore,"Wind father Jagdish Tiwari age 26 years -93 Ganganagar Indore, MO. Farooq's father mo. Ismael Age 42 years -44 Mlharganj Jinsi Indore, Wasim Khan's father Rafiq Khan age 33 years -skim 71 Sector D Indore, Bhim alias Jitendra Father Babu year age 37 years Gangabgichi Nandnnnagr Indore to -anita school,","Scheme No. behind 71 D sector space, Indore",18:35 between 30-03-l8 17:40,3/30/2018 21:50,,Aaropion caught strolling about illegal drug medicine. Guy drug pills seized from the possession of Aropiyean.
30,Police Chandannagar,257/18,"324 Badvi, 294 Badvi",Free age 18 father / husband Dina alias Hanif Pathan resident cooperation Municipal Saturn temple near Indore behind the Medina Mosque,"unknown person-,",Collaboration Indore nearby medical store in front of the municipal brick kiln,00:30 between 30-03-l8 12:30,3/30/2018 15:10,,"I'm living at the address above, and I Hijda work of dance song at the wedding Byav. Tonight around 12:30 pm I was back to dancing and singing at the wedding in cooperation town coming home only support came from the bike behind a boy near the medical store in front of the municipal brick kiln and said to me that you dance like a good girl and looks like a girl running down the back of my bike with me, I will thee. He thigh of my left foot out of said doing Heelati good waist in front of the people said and refused to go along, I then had the wine drunk mofo sister fucking Hijde marriage and refuse to walk with me and suddenly pocket knives killed on that was put out came blood injury thigh of my leg and I fell down the road grocery."
31,Police Chandannagar,258/18,"24 Medical Council Act,",Rule Trfe police station sandalwood Uni Municipal. Karan Solanki father / husband residents station Chandan Nagar Indore,Amal father Gurpd government age 34 years. -76 Ashok Nagar police station aerodrome Indore,Chandu the road Chandan Nagar number 6 lane road edge Chandan Nagar Indore,"30-03-l8 23: 0, 23: 0 beach",3/30/2018 23:40,,The accused doctor registered over've done that the accused was made not to renew and take the money to treat people.
32,Police Rajendra Nagar,169/18,"34 Excise Act,",Rule Trfe police station Rajendra city monitored by Prkark 2606 Shyam Tiwari father / husband ............... resident Rajendra Nagar,"Yogesh father Ramesh Jatav age 25 years -nihalpur Mundi Indore,",Accused Nihalpur Mundi Indore near the water tank in front of the house,14:55 between 30-03-l8 14:55,3/30/2018 15:50,,"Without the possession of the accused licenses for selling illegal as in a plastic Ken 5 liters Kkchchi hand furnace made Srav 400 / Rs could be accused of Kty Section 34 arrested accused found the Excise Act offenses register, was done ."
33,Police Rajendra Nagar,170/18,"34 Excise Act,",Rule Trfe police station Rajendra city monitored by Prkar 0.1553 RN father / husband ................. resident station Rajendra Nagar Indore,"Sunita husband Gabbar Jatav age 26 year-Nihalpur Mundi Indore,",Household water in front of the mansion has Nihalpur Mundi,14:40 between 30-03-l8 14:40,3/30/2018 16:35,,"Without the possession of the accused licenses illegally included a plastic Ken 5 liters Kkchchi hand Srav made of kiln 300 / Rs could be accused of Kty Section 34 Excise Act found the accused arrested by the crime register, to sell was done ."
34,Police Rajendra Nagar,171/18,"34 Excise Act,",Rule Trfe police station Rajendra city monitored by the Suni. Amod Kumar Uike father / husband ............. resident station Rajendra Nagar Indore,"Tulsabai husband Santosh Harijan age 40 years -625 Harijan Mohalla Bijlpur Indore,",Aropia the house Otla Harijan Mohalla Bijlpur Indore,19:50 between 30-03-l8 19:50,3/30/2018 20:25,,"Without the possession of the accused licenses illegally included a plastic Ken 5 liters Kkchchi hand Srav made of kiln 300 / Rs could be accused of Kty Section 34 Excise Act found the accused arrested by the crime register, to sell was done ."
35,Police Rajendra Nagar,172/18,"34 Excise Act,",Rule Trfe police station Rajendra city monitored by Prkark 24 Hari Om Sharma station Rajendra Nagar Indore father / husband ........... resident station Rajendra Nagar Indore,"Umesh father hearing Verma aged 33 years -424 Jwaran Colony Juni Indore,",Surya Harijan Mohalla Nihalpur Mundi Indore on the porch outside the house,19:40 between 30-03-l8 19:40,3/30/2018 21:35,,"Without the possession of the accused licenses illegally included a plastic Ken 5 liters Kkchchi hand Kty the accused found remains of furnace Srav 200 / per Section 34 arrested accused found the Excise Act offenses register, sell was done ."
36,Police Rajendra Nagar,173/18,"34 Excise Act,",Rule Trfe police station Rajendra city monitored by Prkark 24 Hari Om Sharma father / husband ............. resident station Rajendra Nagar Indore,"Deepak father Cgnrav age Vgicha Jwaran Colony Juni Indore to -mrimata 32 years,",On the porch outside Subhash houses Harijan Mohalla Nihalpur Mundi Indore,20:10 between 30-03-l8 20:10,3/30/2018 21:45,,"Without the possession of the accused licenses illegally included a plastic Ken 5 liters Kkchchi hand Kty the accused found remains of furnace Srav 200 / per Section 34 arrested accused found the Excise Act offenses register, sell was done ."
37,Police Dwarkapuri,143/18,"379 Badvi,",Somendra Gehlod age 19 years old father / husband Swkakilesh Gehelod resident 113 A Wdarkapuri Indore,"Unknown Bdmash-,",58 Wdarkapuri 20x40 strip Indore,"25-03-l8 19: 0, 19: 0 beach",3/30/2018 14:05,,Motorcycle Bajaj Pulsar number MP09-QV-6860 Incheon DHZRGD97785 Cacis number MD2A11CZ8GRE48068 Kimti 25000
38,Police Dwarkapuri,144/18,"379 Badvi,","Archana Sharma, age 52 father / husband Devender Sharma hails 2565 E Sector Sudama Nagar, Indore",Unknown crooks -,"2565 E Sector Sudama Nagar, Indore","26-02-l8 0: 0, 20: 0 beach",3/30/2018 16:05,,Took two gas cylinders HP company SBI ATM two Bank of Maharashtra ATM pot brass 4 Hande silver necklace and clothes and four Baig stole
39,Police Dwarkapuri,145/18,"323, 294, 506 Badvi,",Hope Age 30 years father / husband Raju Pawar resident 60 doctor about Colony Indore,. Mukesh Father Binu - doctor about Colony Indore,Doctor about Colony Indore,30-03-l8 17: 17 0: 0 beach,3/30/2018 19:20,,"My house nearby resident Mukesh home was Thunk Road. I told my over why Thunk. So Mukesh's mother began to bare naked abuses sister. When I denied abusing Mukesh began riding hand Tuson with me. Meanwhile, Mukesh hit me in the head with the mallet, which was bleeding Against Injury"
40,Police Dwarkapuri,146/18,"4A speculative Act,",Rule Trfe police station Dwarkapuri Indore Uni. Raghuvanshi father / husband ------- resident police station Dwarkapuri Indore,"Rajesh father bliss Verma aged 30 years - 51B royal Indore,",Cat Road Indore's Wine Shop,19:50 between 30-03-l8 19:50,3/30/2018 21:00,,Two speculative slip written speculative points at which a lead pan and cash Rs 730
41,Police Kshipra,118/18,"34 Excise Act,",Q R 58 Dinesh ghavri father / husband Self Gbbulal ghavri resident station Kshipra District Indore,"Mahesh father Gtulal race Bhil age 27-Toddy Road grams Dkacya,",Accused of Kiosk Toddy Road grams Dkacya,17:40 between 30-03-l8 17:30,3/30/2018 19:00,,"18 quarters of plain illegal Mandira possession of the accused were arrested, seized the accused Moke from among precious Rs 1080 AND bail later was released on bond"
42,Police Kshipra,119/18,"34 Excise Act,",Q R 1767 Praveen Mishra father / husband Self Munnalal Mishra resident station Kshipra District Indore,"Mukesh father shankaralaal Morvi -brli Manor station Kshipra District Indore,",Mother Kshipra Dhaba Saver Road in front of the Sugar Factory complicate things Brli,The 30-03-l8 18:15 0: 0 beach,3/30/2018 19:00,,Possession of accused illegal Mandira the plane 20 quarters precious since 1200 Cow arrested found to Rs seized the accused Vidhiwat Moke and the accused were released on bail to bail Dar
43,Police Simrol,127/18,"34 (1) Excise Act,",Rule Trfe police Simrol father / husband Suni. Bhagirath Jat resident station Simrol,"Llit father Mohan Bhilala age 32 year-Sharda Dhaba Barugat,",Barugat near Sharda eatery,18:30 between 30-03-l8 18:30,3/30/2018 19:40,,15 Quarter native plane wines illegally from a Pushte accused Kimti Rs 750. Was found Lejate.
44,Police Khudal,118/18,"420 Badvi,","Shaktkpuk Uni by Khudal Ar.askpal RC by police Khudal Yadav Manager Index Medical College Khudal Indore father / husband ,, resident Index Medical College Khudal Indore","Kumar Fire Safety Selyusn institution Ravi Kumar B 812 Tgri Dr. Delhi. Ambedkar Nagar neither sector. 1 New Delhi 110062,",Index Medical College Station Khudal District Indore,25-05-l7 12: 0 and 12: 0 beach,3/30/2018 17:40,Application letter went to the permanent check,Event accused dated Rs 3 lakh in the name of fire safety Selyusn resources Kridne. About the fraud.
45,Police Khudal,117/18,"323,294,506,34,",Shanteelal father / husband Rajmal tup race Bhil resident Renuka knoll,"Lal Singh tup -renuka knoll Hakmuk Songuradhiya, Tunda tup -renuka knoll Hakmuk Songuradhiya,",Front PDPL Fektri Satmil Asravd elderly,29-03-l8 18: 18: 0 between 0,3/30/2018 0:20,on time,Event date Aropign was hurt by assaulting his niece the bare naked Galia over to talk to and poles and ax
46,SHO Depalpur,103/18,"294, Takhik , 294,323,506,34, Takhik",Nirbysinh father / husband Lunaji race Kluta resident Berumt Depalpur,"Ashik father Ghafoor Khan caste Muslims -depalpur, Asrf father Ashik Khan caste Muslims -depalpur, Bhadr father Ghafoor Khan caste Muslims -depalpur,",Pan Shop complainant MG Road Depalpur,16:30 between 30-03-l8 16:30,3/30/2018 18:30,,"By Aropiyo the complainant threatened to kill the mother, sister naked naked been reported and beat Galia and life"
47,SHO Depalpur,104/18,"34 Excise Act,",Rule Trfe police Depalpur father / husband Depalpur resident station Depalpur,"Sanjay father Kailash race Prajapat age 27 years -gram Acasoda,",G Acasoda intersection,30-03-l8 22: 5 22: 5 between,3/30/2018 23:05,,"1 9 Quarter possession of the accused went to native plane liquor price seized about Rs 1,140."
48,Police gautampura,55/18,"34 Excise Act,",Rule Trf police station gautampura father / husband Drara Ftn Singh Bhosle resident,"Ravi India boatman caste potter,",G Mejkwas,11:30 between 30-03-l8 11:30,3/30/2018 12:35,on time,The accused were arrested while carrying illicit liquor
49,Police betma,171/18,"304-A,",Ashutosh Beept age 36 years father / husband Arun Beept resident Narmada Nagar betma,"Dmfr car. MP 0 9 Jikji Chalk- of 0.1355,",Native betma Dopalpur road in front of Klali,The 30-03-l8 17: 0 0: 0 beach,3/30/2018 17:55,,Complainant pointed out that my sister Mugdha a Dmfr on native betma Depalpur road in front of Klali Sr. said. MP 0 9 Jikji 0.1355 driver hit by G which went dead Mugdha
50,Police betma,172/18,"34 Excise Act,",Shan Trfe police betma Father / Husband charge in 1487 Suresh Chauhan resident police station betma,"Tejpalasih father Adaysih caste Rajput age -kalibillod 40 years,",Bypass Sagur Road betma,The 30-03-l8 19:10 0: 0 beach,3/30/2018 19:40,,Accused arrested 18 Quarter hand dyed are native takes alcohol Kimti Rs 1200 Avadharup c or
51,Police betma,173/18,"279, 337 338 304-A",Rule father Trfe police betma / husband Uni AB Sawley resident police station betma,"Truck car. MP 0 9 GF Chalk- of 0886,",Rau Pithampur Road India Village Dnnd front of the petrol pump,The 2l-03-l8 22: 0 0: 0 beach,3/30/2018 20:55,Mrga Krk23-l8 that was in deliberation to registered crime investigation,Event truck Date Sl. MP 0 9 GF 0886 driver has been indicated mode without running trail Tejagti and negligence of his truck Mjruh textual Moksak Put on hit which led to Death Dorane treatment because of severe Choto did Feccr the Mjruh and the deceased Pramod
52,Police betma,174/18,"34,",Rule Trfe police betma father / husband Suni Satyram Arulia resident police station betma,"Nihalsih aka Father Brown Citr Solanki age 48 year-gram Rolay,",Kalasura Fanta,The 30-03-l8 19:30 0: 0 beach,3/30/2018 21:15,,20 quarter of Avadharup accused indigenous wine Kimti arrested Hand 1200 red move Rs
53,Police betma,170/18,"36, b",Rule father Trfe police betma / husband Prarh 104 9 shankaralaal resident police station betma,"Manish father Chhaganlal age 32 years -28 Tigria king Indore, Lucknow father Jagdish Borasi age 24 year-Doltabad, Umesh father Nand Kishore age 28 years -527 Vinobanagr station Plasia Indore, Dinesh father Ramesh Borasi age 33 years-9/3 Vinobanagr station Plasia Indore ,",Market Pragn betma public place,29-03-18 22:30 0: 0 beach,3/30/2018 0:25,,"Aropign were sitting drinking alcohol in a public place, which made the general public was getting generated anger and hatred arrested Jinha"
