Sl.,Station,Police Crime / Mrga No.,section,The complainant's name and address,The accused's name and address,Event site,Event Date and Time,Permanent date and time,Delays cause permanent,Details including the cause of the incident
1,Station Central station,58/18,"379 Badvi,","Pawan Kumar father / husband Ramvkil Singh, a resident of 155 B endurance Nagar Indore","Unknown -agyat,",Maharrani Road Indore,"02-04-l8 18: 0, 19: 0 beach",4/4/2018 18:30,No.,"Bajaj Plsr went stolen from the set location of Fri MP 0 9 Q ??x 16 9 3 engine Djhrg 01,328; Chechis No. Nd 11 Kjhr 4 Gar 02334"
2,Police Tukoganj,151/18,"379,","Bhupendra Chauhan father / husband, father self. Manish Chauhan age 20 years resident 61/2 NAVLAKHA Main Road train near New Iron Market Fort Mata temple Juni Indore under the bridge","Agyat-,",Forest goods Gem House in front of 56 women Indore,17:15 between 3l-03-l8 16:30,4/4/2018 11:55,Been around Talas.,Unknown accused hero of the complainant Honda pension Pro. MP09NC6210 Chassis no. MBLHAl0AFA9H03907 engine no. HAl0ECA9H04080 model 2010 color black gray price took stole Rs housed location 20000.
3,Police Snyogitaganj,122/18,"279 Badvi,",Nishant Fdnis age. 30-year-old father / husband Hemant Fdnis resident Srivihar Colony Physical College Road Shivpuri district -shivpuri,Eicher car. MP / 13 / GA / 7138 Driver -,Forest Indore front Offis intersection,5:25 between 04-04-l8 5:25,4/4/2018 2:20,Complainant after the station,Accused hit Nukshan on your vehicle up and running casually Fri 0 car. 
4,Police Snyogitaganj,123/18,"279 Badvi,",Joy Kanojiya age. 47-year-old father / husband pyarelal Kanojiya resident 4 Parsi Mohalla Indore,Bolero car car. MP / 09 / CS / 8268 Driver -,Govind Ram Seksria Bikarkti.ask front of hostel Road Indore,6:15 between 04-04-l8 6:15,4/4/2018 4:00,Complainant after the station,Today's Date 4/04/2018 slept at home in the morning around time 4.00 pm. Unison came the sound of hitting a car with a loud when I saw come out Bolero white color car car. MP / 09 / CS / 8268 had been hit by pillars of power faster speed fired by lying on the road. And two were three people standing outside the car did not have hurt Seated outside and someone on Kkar .If power goes away then the car required no mass loss Kban.  
5,Police Snyogitaganj,124/18,"279,337 Badvi,",Yogesh father / husband Lal Raikwar age 38 years resident 64/3 Goma that failed station Tukoganj District Indore,"Unknown motor cycle driver -agyat,",Girls Medical hostel before crossing Indore,16:45 between 03-04-l8 16:45,4/4/2018 15:10,At present police station after the Brthy treated in hospital,"Date 04/03/2018 Aside from the on your bike No. MP09 VD 4555 from his daughter Purwa Raikvr age was going to view its bird house of your home with 8 years I like the girls medical hostel front led only free town square brought an unknown motor saw no number on the driver's cycle which goes Purwk your bike to Tejagti and negligence and are provisioned I fell down, including the car in which was hit by the left So my girl Purwa injuries on his right leg, thigh and a scratch on the body  "
6,Thana short Gwaltoli,54/18,"25 Arms Act,",Rule Suni by Trfe police Rekharaj Dixit father / husband - resident station Cotigwaltoli,"Mohammed Aman's father Mohammed Arif 16 -3/1 Baba Mnsb city Kjrana,",In front of the railway reservation office,20:45 between 04-04-l8 20:45,4/4/2018 21:05,,Kept illegally in possession of the accused arrested an iron knife accused sharp seized
7,Police MIG,236/18,"279, 337",Rmeshcndra father / husband Self Gangaram Patil  ,"Not Aktiwa vehicle. Chalk- the MP09 / UH / 8480,",Sahu was sector Indore in front of grocery stores,8:45 between 04-04-l8 8:45,4/4/2018 11:15,He came to the police station of the complainant,"Today morning 08/45 as soon as his daughter feeling in AM for was going to quit coaching Clash I Sahu not a Aktiwa vehicle then came to the grocery front. MP09 / UH / 8480 driver brought out precisely speed and negligence adversely its Aktiwa and hit on my right leg, which hurt me Pnje"
8,Police MIG,237/18,"435,",Anil father / husband Induri red Tomar resident 380 Lala garden Indore,"Agyat-,",380 Lala garden Indore,1:15 between 04-04-l8 1:15,4/4/2018 12:40,He came to the police station of the complainant,Event date Fri 0 by motorcycle Honda sign car. MP09 / QQ / 2248 with Chassis No. ME4JC651JFT098754 Injn Nos. JC65ET0141914 went inside his house stood in front of the house an unknown Vdmash burn fire on his motorcycle Nukshan a. 
9,Police MIG,238/18, 8/20 NDPS Act,Rule Trfe police Sunikkmlesh Mishra by Mayji District Indore father / husband residents station Mayji Indore,"Sheikh Irfan father, Sheikh Abdel Aziz age 31 years -suprigli Jlla Colony Kjrana, Arif Ali alias Bunty father Asif Ali -55 emperor city Kjrana Indore,",Link Road Indore's government Suchalay,22:15 between 04-04-l8 22:15,4/4/2018 23:35,,Aropio been caught are Avaddh take from 01 kilos 300 grams of cannabis precious 9500 Rs AND be seized three mobile phones from both Aropio. 
10,Police Vijayanagar,233/18,"13 Gambling Act,","Government Trfe police Upani RS Chauhan, Vijay Nagar Indore father / husband .................. resident Vijay Nagar Indore",Kunal father Balaram King age 28 years resident 137 Queen Full Maine Road Indore - Rahul father Raju Mali age forward Kjrana Indore Tlab near 25-year resident of Ring Road -,Kasturi House empty ground scheme back home. 74 Vijayanagar,The 04-04-l8 2:45 0: 0 beach,4/4/2018 3:15,,"Leaves 52 cards from the accused and cash 2,140 rupees"
11,Police Vijayanagar,234/18,"279, 337","Pinky father / husband, father Narasimha golden age of 21 resident Shivkant city Baanganga Indore","- Unidentified motorcycle driver,",Mriyt hotel front Service Road Indore,The 04-04-l8 11:45 0: 0 beach,4/4/2018 17:35,,Unknown motor brought bicycles driver running together in their motor speed and negligence bicycles and appeared to hurt me from being hit hit the Activa We wrist me left hand falling on both fall
12,Police Vijayanagar,235/18,"323, 294.506.34","Gentle father / husband, father Gangadhar Maurya age 21 years resident 20 Shivskti city Indore",Unidentified two person- Samir father ayub Sheikh age -12 Qazi move Malwa miles Indore,Indore under Bmuri bridge,The 04-04-l8 19:30 0: 0 beach,4/4/2018 21:30,,Unidentified two guys got into my Taila I get a side of said both guys the same thing about me mother's sister naked naked Galia began to Maine then denied Galia me a man any Nukili thing from my right side Cine hit on that end of life found Ainda of said animals are moved and hurt shelve
13,Police Lsudia,296/18,"379 Badvi,","Baldev Singh, father / husband Mehar Singh resident Sidhu Auto Electric has Dewas Naka Indore","unknown person -,",Sidhu Auto Electric has Dewas Naka Indore,3l-03-l8 18:30 to 20: 0 beach,4/4/2018 13:10,,Bike car of unknown Aroeep complainant said. MP09QF4902 took stolen.
14,Police Kjrana,261/18,"337, 279 altogether",Bharat Shinde father / husband Kailash Shinde resident Rajiv Awas Colony Scheme 78 near Indore,"Just Chalk- the number MP 9fa 0 1 9 82,",Ramkrshn garden square Kjrana,The 03-04-l8 8:30 0: 0 beach,4/4/2018 13:10,After primary treatment,Bus number MP 9fa 0 1 9 82 driver who hit and hurt Phuchai to Fri simply running together in the Tejagti and negligence
15,Station Tilak Nagar,111/18,"279 337,",Sun father / husband Ramkishan Sharma resident Pardeshipura Idur,Unknown -,Bengali intersection stop lines Indore,"29-03-l8 19: 0, 19: 0 beach",4/4/2018 20:05,,Brought running trail unknown loading auto driver took the complainant to speeding and negligent and hit that Ayhi was hurt and fell
16,Police Knadia,131/18,"279, 337","Amjad Patel Age 32 years father / husband, father Kamal Patel Naita  ","The driver of the truck number MP09KD6253 -,",Pride Hotel Bypass Road Indur ahead of Breeze,The 04-04-l8 9:45 0: 0 beach,4/4/2018 14:45,,Complainant Amjad and his younger brother Afzal Patel bump running together in their motor cycle number worn Cdne the bridge to bypass the access MP09MV9472 were betting Pride in front Tejagti and negligence of his truck driver to reach coming from behind the truck number MP09KD6253 dead injury Phuchayi
17,Police Pardeshipura,180/18,"379 Badvi,","Pradeep Singh father / husband, father Surendra Singh Jadon age 30 years resident Free 3/15 found Malwa Staff Quarter Patnipura Indore","Agyat-,",3/15 out to get a staff quarter Patnipura Indore Malwa,02-04-l8 23: 0 6: 0 beach,4/4/2018 19:55,,"Neither motorcycle Hero Honda pension unknown accused complainant. MP09MB7618 whose engine number. 05M08M13270 and Cacis No. 05M09C33418 model took 2,005 precious about Rs.5000 / - stealing"
18,Station Hiranagar,191/18,"279, 337 Badvi",Rule Trfe police Hiranagar Indore father / husband ---- resident station Hiranagar Indore,Car No. M p 0 9 4110 -,CMR 10 bridge near Indore,16:30 between 03-04-l8 16:30,4/4/2018 15:40,,Accused driver had caused hit hurt majarooh running fast and Laprwahueepurwk your vehicle
19,Police Tejaji City,135/18,"323,294,506 Badvi,",Durga father / husband Vijay Balai residents 2 99 Bavnanagr Khandwa Naka Indore,Sonu hirve father Ramu hirve -2 99 sense Municipal Khandwa Naka Indore,2 99 Khandwa Naka sense Nagar Indore,04-04-l8 20:30 between 20:30,4/4/2018 21:40,On the station's plaintive,Aropia threatened to kill given and beaten by Friadia bare naked abuse of the mother's sister.
20,Police Juni Indore,162/18,"379,",Akash Agarwal father / husband Shankar Agarwal resident 28 Srwodaynagr Indore,Unknown -,28 Sarvodaya Nagar in front of the district Indore,02-04-l8 21:30 9: 0 beach,4/4/2018 0:00,On Thanaane the complainant,"There was an unknown Vykti complainant's Honda Aviator scooter Crump 0 9sn 8 9 00 engine Nkjf 21 I9 38 9215 Checisnkmi 4 Jf 213 Social 834 554 9 Total tax evasion housed place Kimti Rs.15,000"
21,Police Bnvrkuaan,216/18,"457,380 Bakdkvik ,","Neeraj Kushvah father / husband's father Mohan Lal Kushvah age 25 years resident 05 sense Municipal Bilawali Kasturba Gram Indore Mok99 77,733,666 by car. 278871222427","Agyat-,",Sainath mobile Ranibag B Main Road Khandwa Naka Indore,29-03-l8 21: 0 and 11: 0 beach,4/4/2018 14:05,At present police arrive complainant,"An unknown crook lock the shutter Fiadi store at night breaking, shutter entered in the Ucka store 1 with a laptop Acer company black Maadl E1571 whose serial no. NXM09SI0272431F4F91601 precious around Rs 10,000 2 old 5 nos mobile Precious 4000 / RS 3 Accessories (chip 10 pieces, Power band took to stealing three pieces, headphone 20 pieces precious approximately 15,000 / Rs."
22,Police Bnvrkuaan,217/18,"4A Dhoot Act,",Shasntrfe Suni Ramesh police Bnvrkua Singh Kushvah father / husband and father self. Mr Shivnath Singh Kushvah age 52 years resident deployed police Bnvrkua District Indore,--- proud father Gopal Kushvah race coster Age 24 years art Full Bickaband Tumn Hanuman temple behind Lalitpur Uttar recent address - 304 IDEA Multi Bengali Square Station Tilak Nagar Indore,"Ring Road, Indore in front of the restaurant and the Kelu",21:30 between 04-04-l8 21:30,4/4/2018 22:45,On Wapassi,Charged --- 4 betting slip occupied pride 1 Lead Pen and cash were Rs.450 duly seized
23,Police Mlharganj,156/18,"323, 294 506 Badvi.",Victory father / husband kanhaiyaalaal Salvi resident 318 Indranagar Salvi Mohalla Indore,Joyful father Rajkpur -kushwah Nagar Shiv Temple Street Indore,318 Indranagar Salvi Mohalla Indore,00:30 between 04-04-l8 00:30,4/4/2018 1:20,In the police station took,The Ristdar the complainant house was inaugurated at the same time accused which was working complainant Prosgari was joyful even eating in the same mess. Then eat that thing about the accused threatened to kill abused Gloch with the complainant knew the assault slap punches
24,Thana Sadar Bazar,101/18,"279 Badvi, 184 Mokwhi.akt",Rajeev Wagle father / husband Srdchand Wagle 65-year resident of 147 Tilkpth Indore,"Tata Indigo car. MP09TA6866 of Chalk-,",147 Tilak Path Indore,04-04-l8 22:30 between 22:30,4/4/2018 23:20,on time,The accused driver your vehicle brought great run faster and negligence dangerously and went down Baudri wall part vertically to hit the front on the car ahead of the complainant and the driver housing to kill part of the side's Damage and bump and pot also shattered.
25,Thana Sadar Bazar,99/18,"25, Arms Act",Rule 0.09 charge by Trfe police station Sadar Bazar district Indore Educated at Yadavindra reader father / husband ........ resident station Sdrbajar Indore,"Suresh father Lakshmi Prajapat age 35 -3/5 Bjria Indore North eat Ghafoor,",Subhash Marg Indore memory Talkies,11:15 between 04-04-l8 11:15,4/4/2018 13:05,on time,Found Knife of a steel latch of the right hand of the accused to be informed not ask Ware keep by Wataya should not ask to keep knives Wawat license and an official of the revolving valid permit
26,Thana Sadar Bazar,100/18,"379 Badvi, -----","Sreyansh father / husband Abhay Jain, a resident of 39 Tilak Path Indore","Unknown -----,",39 Tilak Path Rambagh Indore,13:30 between 03-04-l8 12:30,4/4/2018 19:30,on time,An unknown rogue Scooter Honda's plaintive Activa No. MP09SV2160 Cacis No. ME4JF502LE8326306 engine no. JF50E81325183 Model 2014 Color gray precious 10000 / - stole housed space Rs.
27,Police aerodrome,204/18,"4A) public Dhrut Act, 00","Rule Trfe police aerodrome Indore monitored by the Suni Rakesh Tiwari, father / husband aerodrome Indore resident police aerodrome Indore","Dewasih father Brij Lal Rajput -86 EF Chandnnagr Indore,",Kalani Nagar lee Indore vegetable stall,12:10 between 04-04-l8 12: 0,4/4/2018 14:00,,Dao accused logo Harjit written points worth money Form of putting Pakdaya
28,Police aerodrome,205/18,"406, 419/420","Rule Trfe police aerodrome Indore, drugs are Avedksubod Shukla parents Prasad Shukla, a resident of 138 Hanuman temple near the small Bagdda Indore father / husband Mata Prasad Shukla, a resident of 138 Hanuman temple near the small Bagdda Indore","Bharat father Rmeshprasad Ti age 34 years -32/1 Bhagat Singh Nagar, Govind Nagar Kharcha Indore",Small Bagdda Indore,The Ll-l0-l7 12: 0 0: 0 beach,4/4/2018 20:20,,Accused of fraud of Rs 20 -20 thousand for Arms Layses Vnwane name of complainant
29,Police Chandannagar,267/18,"279, 337","Wajid age 24 years father / husband, father sanctioned Khan resident ","Peshenjr auto rickshaw No. MP09R3836 driver -kkkkkkkkkkkk,",Balaji Edge Road Indore front Trectors,1:15 between 04-04-l8 1:15,4/4/2018 4:10,No,Accused hit and hurt Phunchaya your vehicle quickly and running casually Fri 0 in. 
30,Police Chandannagar,268/18,"380, 457",Pushpa age 40. Father / Husband Chandulal knowledgeable resident pro. 97 Gulabbag Colony E sector Chandan Nagar Indore,"Rohan's father Mahesh Rathore -ni. Chandan Nagar Indore rental complainant's house,",97 Gulabbag Colony E sector Chandan Nagar Indore,28-03-l8 18: 18: 0 between 0,4/4/2018 13:35,No,"Date 23:03:18 was placed purse with my hands at my home in the table which was 50,000 / was Rs AND also mobile a Linova company and three Send Dicks company's memory card were all placed in the house after some time I own saw the purse has been taking an unknown person stole all 50,000 rupees kept in purses were three memory card then I seek thief that was but it did not find any then I Dinan today 04:04:18 seen CCTV cameras in your home a boy showing all shy stole stuff in my room that boy Rohan father Mahesh Rathore who keeps the rent on my house I Andesha that Rohan had I said goods and money stolen"
31,Police Chandannagar,269/18,8/22 NDPS Act,"Police station Chandannagar Indore Trfe Uni. Vishal Yadav, father / husband ... Resident station Chandannagar Indore",Jitendra father radheshyam hirve age 34 years -nivasi grams Kailod cymbal station Tejaji Nagar Indore recent stage 201 Dipsikha apartment heyday park small Bangdda Road station aerodrome Indore,Edge Road Indore near public toilets in front of Sirpur Klali,17: 5 between 04-04-l8 13:55,4/4/2018 18:15,No,"Searched Khoke of Puste of holding in his hand was on the inside Becalm 0.5 Bikam 0.5 Alprazolam Tablets IP 0.5 mg batch number AKT 2109 written by found two notes of Rs 200 to Rs 100,100 with only packets of tablets Also other mind was not the parent object jealous father Jitendra radheshyam 24 packets of Alprazolam Tablets IP 0.5 mg Becalm 0.5 Bikam 0.5 on an overview of medicines received from hirve 6 cards in each pack five vi in ??each leaf Wrapper has a will of 1515 tablets in a wrapper associated with this type of 450 tablets in a box of 6 leaves khaki total of 24 small box inside the box the color of Puste found the total 10800 tablet computing. Above the wrapper in English Becalm 0.5 Bikam 0.5 Alprazolam Tablets IP 0.5 mg batch number AKT 2109 Mfd. By ALLKIND HEALTHCARE PLOT NO. 88b, Fif, Fhsell, Villktn, Baddi Distt."
32,Police Chandannagar,270/18,"380, 457","Rajesh Mthuria age 42, father / husband, father Babulal G Mthuria inhabitants 9798 Sector C Raj Nagar Indore","Unknown -...,",97-98 Sector C Raj Nagar Indore,6:30 between 04-04-l8 1:30,4/4/2018 21:30,No,"Date 03/04/2018 I Suklia my family was here his relatives. 04/04/2018 night about 1:00 pm I get home Aa Then I noticed that the bottom of the stairs remained indoors had my two gas tanks and cycle and are I was locking the gate himself went to sleep in his room, around 6.30 AM I woke up like day and saw laid down Sidion possessed cycle gate, which I Tnkiya filled two gas laid down Sidion seen below Sidion an HP The company did and had a tank of an Indian company which was my brother Mukesh, the two were not on their holding place was locked gate. I took the tank looking around but can not find an unknown crooks stole tank came two gas on the roof of my house"
33,Police Hatod,54/18,"379, Badvi",Rajesh father / husband Babulal Bhoi age 24 years resident Bhoi locality Hatod,"Unknown -agyat,",Complainant's home front Bhoi locality Hatod,03-04-l8 21: 0 6: 0 beach,4/4/2018 16:15,,There was an unknown accused complainant Hero Ac.afkdileks Moksakkrkmp 0 9v 2736 and the other motor cycle numbers measure 0 9pakhr 031 9 stolen from in front of the house
34,Police Hatod,55/18,"323294506, Badvi 0  ",Anitabai father / husband Bhagirath Balai age 30 years resident village Palia,"Arjun father Dinesh Bhil age 22 years -gram Nimar Parish Palia,",Friadia the front of the house Palia,04-04-l8 18: 18: 0 between 0,4/4/2018 19:45,,Accused the Dons to kill the old dispute that talk about Friadia kill the mother sister that bare naked Galia reported and poles and life
35,Police Mhow,101/18,"379 Badvi,",Light Srivas father / husband Mohanlal Srivas age 32 years resident in 2784 chariot Food Mhow,Unknown -,Complainant's house near Tangakhana Mhow,03-04-l8 2: 0 3: 0 Beach,4/4/2018 16:25,After searching,"An unknown accused in 4022 of a motorbike MP 09 Q complainant whose engine number. JC36E73821872, Chassis no. ME4JC36NLE7l78554 Kimti took nearly 30,000 stolen Rs."
36,Station Kishanganj,158/18,"294,323,506,34 Badvi,","Deepak Singh Rathore Age 20 years Caste Rajput father / husband Premsih Rathore resident Shivsani Temple, Biswasnagr","Lksef Ali Father Joseph Chopati behind Ali-seminary, 2. Sadiq father Chopati behind Zakir Hussain -mdrsa, 3kshahid Ali father Chopati behind Munwvrali-seminary,",Medina Dhaba Chowpatty,03-04-l8 22: 22: 0 between 0,4/4/2018 0:55,,Aropigno threatened to kill said friend complainant Nitesh that all the girls your sister do the same thing over Aropigno the complainant and the beatings by hand Mukco his friend Nitesh and his mother the bare naked Galia's sister and lives.
37,Station Kishanganj,159/18,"304 A,",Chauhan served by Shasntrfe police Kishanganj race blacksmith age 26 years  ,"Moksak Sl. Chalk- of MP / 46 / MF / 0611,",AB Road four-lane under Chowpatty Bridge,17:45 between 23-03-l8 17:45,4/4/2018 13:50,Investigation of permanent Sanha,Accused Moksak Sl. MP / 46 / MF / 0611 the driver was hit in the running trail Tejagti and neglect your vehicle Vidyabai aka Bindabai husband Vijender Singh Panwar resident Anjd Badvani which went dead Durane treatment Vidyabai aka Bindabai.
38,Station Kishanganj,160/18,"279, 337",Shasntrfe Suni police Kishanganj Prem Chand Verma father / husband residents station Kishanganj,"Bus No. MP 09 FA Chalk- of 3831,",IIM Tolnaka further Rau Pithampur Road Sonway,9:30 between 28-03-l8 9:30,4/4/2018 18:30,Sanha investigation permanent,Charged bus No. MP 09 FA 3831 driver's Moksak of majarooh running together in your vehicle Tejagti and negligence MP hit in 0.09 MK 4382 reported suffering injuries majarooh Satish and Sugnbai.
39,Station Kishanganj,161/18,"25 B. Arms Act,",Suni by Shasntrfe police Kishanganj BS Jmra father / husband residents station Kishanganj,"Sachin father Sunil Sharma Age 19 year-gram Sutarkedi,",Along the river in Tarkedi,04-04-l8 21:10 between 21:10,4/4/2018 21:55,,Sharp stabbing an iron possession of the accused has been seized from the well kept as illegal precious 150 rupees
40,Thana Manpur,98/18,"Section 379 Badvi,",Bhim Meena age 26 years father / husband Ram Lal Meena resident Bhicoli,"Unknown, unknown,",Complainant's home village Bhicoli Thana Manpur District Indore out,03-04-l8 23: 3 0: 0 beach,4/4/2018 10:50,,An unknown villain has stolen away the motor cycle of complainant
41,Thana Manpur,99/18,"Section 25 of the Arms Act,",Rule Trfe police Manpur by Uni Jirml Saplya Thana Manpur District Indore father / husband residents station Manpur District Indur,"Lkdharmvir alias Rahul father Vilas Chaudhary Kurmi caste age 30 years -gram Amayya station Jghaan Gorakhpur district in Uttar Pradesh recently notch God Dube house Kailash Colony Laxmi temple near Pithampur Mokn 0.7222949599, 2. Dinesh father bheroolaal Patel -gav Khandwa station Sagur district edge,",G Haslpur knoll near Thana Manpur District Indore,15:30 between 04-04-l8 15:30,4/4/2018 18:25,,"A pistol magazine seized the Kimti 20,000 rupees of black license without illegal accused"
42,Police Brgonda,138/18,"406 Badvi,",Rule Trfe police Bdagoda charge in 1479 Barusih father / husband station Bdagoda resident station Bdagoda,"Sky Father Dan Duba -devguradia station Khudal District Indore,",Balaji Food Product Pvt Kodria,14:30 between 3l-l2-l7 14:30,4/4/2018 19:30,On Snmay,The accused took the complainant to Gandi Echo Forwhilr without the Scot who was not at the request of the complainant
43,Police Simrol,134/18,"279, 337",Bhagirath father CHUNILAL Gangrade 41-year-old father / husband  ,"Just no. MP 0.0 9 FA 4021 of Chalk-,","Berugat near major modes Indore, Khandwa Road",04-04-l8 10: 0 and 10: 0 beach,4/4/2018 15:15,,"Accused Fri running speed Vlaprwaheepurwk your vehicle. Going forward Moksak Sl. MP 0.0 9 Q ??Y 5731 on the hit from the front so Moksak Sitting Jagdish Makwana, Indrsinh the injuries occurred Moksak In losses."
44,Police Simrol,135/18,"34,",Shaktkpulis Father / Husband charge 0.314 Tejram Chauhan resident station Simrol,"Ambaram father Surpal Kohli Bhil -uttedia 40 years,",Uttedia Village Main Road,04-04-l8 17: 17 0: 0 beach,4/4/2018 20:35,,5 liters of possession of the accused went raw Mhua recedes Kimti 200 Rs Jpti.
45,Police Simrol,136/18,"294, 323,506,34",Narayan Mndloi father / husband Lala Mndloi 26-year-old resident Dtoda,Rahul's father Mohan potter Nikdtoda - lamps father Mohan potter free. Dtoda - Free Shubham's father Manohar. Dtoda -,Dtoda in front of the middle school,19:30 between 04-04-l8 19:30,4/4/2018 20:50,,Aropiyo unanimously Fri to talk to Akseedent said. Giving her bare naked abuses sister gave Dus to kill the assault Hathamukko and life.
46,Police Simrol,137/18,"279 ,, 294,323,506,34",Rahul Prajapat age 25. Father / Husband Mohanlal Prajapat resident chateau Parish Dtoda,Moksak Driver Narain Free Mondloi -dtoda God Mondloi. Dtoda - Bharat Mondloi free. Dtoda -,Tejaji choke Dtoda,19:30 between 04-04-l8 19:30,4/4/2018 21:25,,Aropiyo Fri took the matter to the Akseedent. The bare naked Galia to mofo sister fucking and hand assault Mukco thereby Dos kill engaged Mundi injuries on Frikko head and chest and killed
47,Police Khudal,129/18,"34 Ab.akt,","Rule Trfe police Khudal father / husband ,, resident station Khudal District Indore","Ashok father Shiv Jaiswal age 38 years-Devguradia station Khudal District Indore,",Front Tincig ground Devguradia station Khudal,04-04-l8 14: 0 and 14: 0 beach,4/4/2018 17:40,,Event 18 Quarter possession of the accused to date went to native plane liquor seized.
48,Police Khudal,130/18,"34 binding. Act,","Rule Trfe police station Khudal father / husband ,, resident station Khudal District Indore","Rahul Yadav, father superior Singh Yadav age 35 years -devguradia station Khudal District Indore,",Devguradia Snavdia housing station Khudal District Indore,14:45 between 04-04-l8 14:45,4/4/2018 17:55,,Event 25 Quarter possession of the accused to date went to native plane seized illicit liquor.
49,Police Khudal,131/18,"34 binding. Act,","Rule Trfe police station Khudal father / husband ,, resident station Khudal District Indore","Nirbysih father Lalsih Bhil 45-year-Bihadia station Khudal,",Charged store grams Bihadia station Khudal District Indore,15:30 between 04-04-l8 15:30,4/4/2018 18:10,,Event 27 Quarter possession of the accused to date have been seized in the Indian plain wine
50,Police Khudal,132/18,"34 binding. Act,","Rule Trfe police Khudal father / husband ,, resident station Khudal District Indore","Sun's father Suresh Barela age 30 year-Snavdia station Khudal District Indore,",Dignity restaurants COMPEL Road Snavdia station Khudal,16:15 between 04-04-l8 16:15,4/4/2018 18:20,,Gtna date went to 36 quarter domestic plane liquor was seized from the possession of the accused.
51,Police Khudal,133/18,"34 Ab.akt,","Rule Trfe police Khudal District Indore father / husband ,, resident station Khudal District Indore","Abhishek father Rajaram Thakur age 20 years -gadhinagr milkman station Khudal,",Indore Nemwar Road mother Renuka Dhaba milkman station Khudal,04-04-l8 17: 17 0: 0 beach,4/4/2018 18:40,,Trace 32 Quarter possession of the accused dated went native plane liquor seized.
52,Police betma,178/18,"379,",Sarfaraz Mohammed Age 53 years father / husband circular Mohammad resident Razzaq Colony,"Agyat-,",Jagdish Eden Gardens complex parking betma,03-04-l8 9: 0 and 10: 0 beach,4/4/2018 12:50,,"Complainant that Honda Dream Yogamoksa. Kr.ampi 0 9kyudi 5856 that Kimti stole 30,000 rupees that an unknown accused took"
53,Police betma,179/18,"323, 452 294 506",Ruksarbi caste Muslims aged 25 years father / husband Irfan Khan resident Gatabillod Choki,"Tyyan father Nasser Khan caste Muslims -gatabillod outpost,",Complainant's home village Gatabillod Choki,17:30 between 03-04-l8 17: 0,4/4/2018 14:40,,The accused threatened to kill an assault by ingestion in Friadia house naked nude porn Galia reported and sticks
54,Mahila Thana,54/18,"376 (2) N, 376 (2) N Badvi",Pidita- age 30 years father Sriramlal Kichi resident 84 Srikanth Palace Shivskti Nagar Indore recent occupant 102 Abstinence apartments Mahavir Nagar Indore,"Sage Ahrwal -ramkumar Ahrwal,",Aspire apartments Bktavr Ramnagar Indore,16/04/10 to 04/25/17    ,4/4/2018 13:55,On Inquiry application ,Dodged the marriage by the accused made forcible sexual intercourse without Marja of Pidita. 
55,Mahila Thana,55/18,"376 (2) N, 376 (2) N Badvi",Pidita- age 26 years father Balachandas Zawar resident grams Bnedia station anxious Edge recent resident memory Hostel Cimnbag  ,"Narendra Kede -gram Kolgav Tehsil Kukshi edge,",Bholaram master route Bnvrkua Indore,30/06/11 to 11/13/17 ,4/4/2018 15:35,On Inquiry application ,Dodged the marriage by the accused made forcible sexual intercourse without Marja of Pidita. 
56,Mahila Thana,56/18,"506, 376 (2) N, 506 Badvi",Pidita- age 21 years Jlkre father Jitendra Jlkre resident 125 Mnusri City Airport Road Indore,"Devraj Dangi -303 marked Annex East Ring Road physician city Indore,",303 Face Annex East Ring Road physician city Indore,12:11:17 to 08:02:18 ,4/4/2018 17:00,On Inquiry application ,By swindle marriage Pidita accused made forcible sexual intercourse against her will.
